"sample_id","DepthID","SampleID__","SampleID_old__","CoreGroup__","Month__","Year__","Date__","FieldSampling__","Habitat__","Site__","Core__","GPS__","image_url__","DepthCode__","DepthMin__","DepthMax__","DepthAvg__","metaG_ACE__","metaG_JGI_HiSeq__","metaG_JGI_NovaSeq__","FTIR__","EEMS__","ALD.cm__","WTD.cm_neg_is_below_sfc__","T_air.deg_C","T_soil.deg_C","Weather_Conditions_on_Day_of_Coring","O2.percent","pH_porewater","pH_peat","BulkDensity","percentWater_wt","CH4.mM__","CO2.mM__","CH4.percent","CO2.percent","d13C_CH4__","d13C_CO2__","dD_CH4__","dD_H2O","d18O_H2O","DOC.mM__","TN.mM__","Acetate.uM__","Propionate.uM__","Formate.uM__","Sulfate.uM__","Phosphate.uM__","Nitrate.uM__","Ammonia.uM__","C.percent__","N.percent__","d13C_peat__","d15N_peat__","pool.DOM","pool.dD_CH4","UpdateDate__.DepthInfo","UpdateDate__.Biogeochemistry","Notes__.DepthInfo","Notes__.Biogeochemistry","sample","temporal_sample_id","samplingdate_min_AirTemperature","samplingdate_max_AirTemperature","samplingdate_mean_AirTemperature","n_AirTemperature_7d","n_AirTemperature_14d","n_AirTemperature_21d","n_AirTemperature_28d","n_AirTemperature_growing","n_AirTemperature_all_growing","median_AirTemperature_7d","median_AirTemperature_14d","median_AirTemperature_21d","median_AirTemperature_28d","median_AirTemperature_growing","median_AirTemperature_all_growing","mean_AirTemperature_7d","mean_AirTemperature_14d","mean_AirTemperature_21d","mean_AirTemperature_28d","mean_AirTemperature_growing","mean_AirTemperature_all_growing","sd_AirTemperature_7d","sd_AirTemperature_14d","sd_AirTemperature_21d","sd_AirTemperature_28d","sd_AirTemperature_growing","sd_AirTemperature_all_growing","pct_time_below_WTD_21d","pct_time_below_WTD_28d","pct_time_below_WTD_growing","pct_time_below_WTD_all_growing","d13CH4_AVE_1wk_before_coring","d13CH4_SE_1wk_before_coring","CH4_Flux_AVE_1wk_before_coring","CH4_Flux_SE_1wk_before_coring","d13CH4_AVE_2wk_before_coring","d13CH4_SE_2wk_before_coring","CH4_Flux_AVE_2wk_before_coring","CH4_Flux_SE_2wk_before_coring","d13CH4_AVE_3wk_before_coring","d13CH4_SE_3wk_before_coring","CH4_Flux_AVE_3wk_before_coring","CH4_Flux_SE_3wk_before_coring","d13CH4_AVE_4wk_before_coring","d13CH4_SE_4wk_before_coring","CH4_Flux_AVE_4wk_before_coring","CH4_Flux_SE_4wk_before_coring","alphaC","CH4_CO2_porewater_percent","CH4_CO2_porewater_ratio","DepthLumping","WTD","ALD","Min_ALD","ALD_detectable","Min_PF_dist_from_sample","DepthAvg__neg","Samp_dist_WT"
"711_E-1-S","19d13f8d-574b-439c-94de-4318f5c85a81","MainAutochamber.201107_E_1_1to4","201107_E1_01-04","MainAutochamber",7,2011,2011-07-12,"2011-07","Fen","Eriophorum Autochamber Site",1,"N 68 21.2034, E 19 02.7998","['https://isogenie-db.asc.ohio-state.edu/images/raw/Tyler_Logan/core_pics_jul2011/E-1-jul11.JPG']","S",1,4,2.5,"20110700_E1S",NA,"711 E-1-S","X","X","Below Detection (>90)","20.0",10.9,NA,"Overcast, drizzle, light breeze",NA,6,NA,NA,91.73113151,0.051595286,1.085063271,NA,NA,-52.2155,-16.0795,-353.369,-81.26418095,-10.04130434,0.996887492,0.044167521,NA,NA,NA,8.9,NA,1.45,2.250436009,44.73001239,1.870621255,-26.7282278,2.6230984,FALSE,FALSE,20211117,20211117,"Notes: negative water table depths denote surface water, depth to peat. No 3 cm temperatures- soil temps denote water temperature.  | Notes_additional: Forgot one set of 47 mm filter papers, so DOC samples were filtered at lab on July 12, ~16:00 from collected whole water samples. Eriophorum and sphagnum cores suffered a fair deal of compression, though difficult to quantify. Will likely need to use Wardenaar next time- will cause time constraint. Pore water sampling is quite time consumptive. Will not be able to 'suck' and core in the same day with only 2 ppl. If using Waardenaar. When collecting extra 1 cm section for bulk isotope/biogeochem samples, S and D was always 1 cm below microbial interval, M was always 1 cm above microbial interval. Bulk samples were refrigerated over night and split on the morning of the 13th. One should not use field styrofoam vial rack in -80 freezer if it has been a wet day. Instead one should dry the vials and transfer to new, dry cylinder rack. They freeze very tightly in place and make a mess of the foam when removing to tranfer into cryo-box.","notes_Suzanne: NOT acidified for DOC.  | QualityFlag__.Biogeochemistry: Some 2011-2012 geochem was copied from Suzanne's geochem sheets, and there are known to be some copying errors. If there is a conflict between this sheet and those ones, Suzanne's sheet is more likely to be correct.","MainAutochamber.201107_E_1_1to4","711_E-1-S",5.7,11.8,9.2,8,15,22,29,42,122,14.35,12.9,11.5,12,11.85,10.7,14.1,12.9933333333333,12.0545454545455,12.0103448275862,11.8142857142857,10.7737704918033,3.08127988249781,2.81715831155811,2.84483278824496,2.56519907715146,3.44359224156003,3.09071665921544,1,1,1,1,-64.0747748839362,1.0478119537234,8.66947741447872,0.729681012563829,-65.8613107145349,1.6103717223256,7.61699959977907,0.470690054999998,NA,NA,NA,NA,NA,NA,NA,NA,1.03812681047221,0.0453920710685328,21.0302792196946,"0-9",20,101,90,"No",87.5,-2.5,22.5
"711_E-1-M","fe1cd940-7edd-4ee4-ba2c-78c8bef2369c","MainAutochamber.201107_E_1_5to8","201107_E1_05-08","MainAutochamber",7,2011,2011-07-12,"2011-07","Fen","Eriophorum Autochamber Site",1,"N 68 21.2034, E 19 02.7998","['https://isogenie-db.asc.ohio-state.edu/images/raw/Tyler_Logan/core_pics_jul2011/E-1-jul11.JPG']","M",5,8,6.5,"20110700_E1M",NA,"711 E-1-M","X",NA,"Below Detection (>90)","20.0",10.9,NA,"Overcast, drizzle, light breeze",NA,5.7,NA,NA,92.26566021,0.156570094,1.413474274,NA,NA,-53.2615,-14.8285,-318.181,NA,NA,1.243896833,0.045167799,NA,NA,NA,2.9,NA,4.2,0.1162536,42.78508936,1.266344689,-25.931255,1.5646312,FALSE,FALSE,20211117,20211117,"Notes_additional: Forgot one set of 47 mm filter papers, so DOC samples were filtered at lab on July 12, ~16:00 from collected whole water samples. Eriophorum and sphagnum cores suffered a fair deal of compression, though difficult to quantify. Will likely need to use Wardenaar next time- will cause time constraint. Pore water sampling is quite time consumptive. Will not be able to 'suck' and core in the same day with only 2 ppl. If using Waardenaar. When collecting extra 1 cm section for bulk isotope/biogeochem samples, S and D was always 1 cm below microbial interval, M was always 1 cm above microbial interval. Bulk samples were refrigerated over night and split on the morning of the 13th. One should not use field styrofoam vial rack in -80 freezer if it has been a wet day. Instead one should dry the vials and transfer to new, dry cylinder rack. They freeze very tightly in place and make a mess of the foam when removing to tranfer into cryo-box.","notes_Suzanne: NOT acidified for DOC.  | QualityFlag__.Biogeochemistry: Some 2011-2012 geochem was copied from Suzanne's geochem sheets, and there are known to be some copying errors. If there is a conflict between this sheet and those ones, Suzanne's sheet is more likely to be correct.","MainAutochamber.201107_E_1_5to8","711_E-1-M",5.7,11.8,9.2,8,15,22,29,42,122,14.35,12.9,11.5,12,11.85,10.7,14.1,12.9933333333333,12.0545454545455,12.0103448275862,11.8142857142857,10.7737704918033,3.08127988249781,2.81715831155811,2.84483278824496,2.56519907715146,3.44359224156003,3.09071665921544,1,1,1,1,-64.0747748839362,1.0478119537234,8.66947741447872,0.729681012563829,-65.8613107145349,1.6103717223256,7.61699959977907,0.470690054999998,NA,NA,NA,NA,NA,NA,NA,NA,1.04059515906451,0.0997233563529461,9.02774110872029,"0-9",20,101,90,"No",83.5,-6.5,26.5
"711_E-1-D","8aaea16f-c40c-4e71-a409-546de49ed489","MainAutochamber.201107_E_1_21to24","201107_E1_21-24","MainAutochamber",7,2011,2011-07-12,"2011-07","Fen","Eriophorum Autochamber Site",1,"N 68 21.2034, E 19 02.7998","['https://isogenie-db.asc.ohio-state.edu/images/raw/Tyler_Logan/core_pics_jul2011/E-1-jul11.JPG']","D",21,24,22.5,"20110700_E1D",NA,"711 E-1-D","X","X","Below Detection (>90)","20.0",10.9,NA,"Overcast, drizzle, light breeze",NA,5.6,NA,NA,93.49192404,0.248245273,1.748499008,NA,NA,-51.30291667,-13.9655,-340.982,-82.76468862,-10.61198179,1.39772301,0,NA,NA,NA,1.65,NA,5,0,43.35244025,1.198991943,-25.11704,1.5049432,FALSE,FALSE,20211117,20211117,"Notes_additional: Forgot one set of 47 mm filter papers, so DOC samples were filtered at lab on July 12, ~16:00 from collected whole water samples. Eriophorum and sphagnum cores suffered a fair deal of compression, though difficult to quantify. Will likely need to use Wardenaar next time- will cause time constraint. Pore water sampling is quite time consumptive. Will not be able to 'suck' and core in the same day with only 2 ppl. If using Waardenaar. When collecting extra 1 cm section for bulk isotope/biogeochem samples, S and D was always 1 cm below microbial interval, M was always 1 cm above microbial interval. Bulk samples were refrigerated over night and split on the morning of the 13th. One should not use field styrofoam vial rack in -80 freezer if it has been a wet day. Instead one should dry the vials and transfer to new, dry cylinder rack. They freeze very tightly in place and make a mess of the foam when removing to tranfer into cryo-box.","notes_Suzanne: NOT acidified for DOC.  | QualityFlag__.Biogeochemistry: Some 2011-2012 geochem was copied from Suzanne's geochem sheets, and there are known to be some copying errors. If there is a conflict between this sheet and those ones, Suzanne's sheet is more likely to be correct.","MainAutochamber.201107_E_1_21to24","711_E-1-D",5.7,11.8,9.2,8,15,22,29,42,122,14.35,12.9,11.5,12,11.85,10.7,14.1,12.9933333333333,12.0545454545455,12.0103448275862,11.8142857142857,10.7737704918033,3.08127988249781,2.81715831155811,2.84483278824496,2.56519907715146,3.44359224156003,3.09071665921544,1,1,1,1,-64.0747748839362,1.0478119537234,8.66947741447872,0.729681012563829,-65.8613107145349,1.6103717223256,7.61699959977907,0.470690054999998,NA,NA,NA,NA,NA,NA,NA,NA,1.0393565209866,0.124325020165164,7.04343324192924,"20-29",20,101,90,"No",67.5,-22.5,42.5
"711_E-2-S","7d5821a1-5fff-4306-a2c4-359f5082c06a","MainAutochamber.201107_E_2_1to4","201107_E2_01-04","MainAutochamber",7,2011,2011-07-12,"2011-07","Fen","Eriophorum Autochamber Site",2,"N 68 21.1993, E 19 02.7953","['https://isogenie-db.asc.ohio-state.edu/images/raw/Tyler_Logan/core_pics_jul2011/E-2-jul11.JPG']","S",1,4,2.5,"20110700_E2S",NA,"711 E-2-S","X","X","Below Detection (>90)","7.0",11.6,NA,"Overcast, drizzle, light breeze",NA,5.8,NA,NA,87.5191294,0.060932489,1.21560422,NA,NA,-51.29048333,-13.98877134,-318.704,NA,NA,1.243403801,0,NA,NA,NA,3.25,NA,0.8,0.264346763,48.01652865,2.414018868,-27.8307707,4.5042652,FALSE,FALSE,20211117,20211117,"Notes_additional: Forgot one set of 47 mm filter papers, so DOC samples were filtered at lab on July 12, ~16:00 from collected whole water samples. Eriophorum and sphagnum cores suffered a fair deal of compression, though difficult to quantify. Will likely need to use Wardenaar next time- will cause time constraint. Pore water sampling is quite time consumptive. Will not be able to 'suck' and core in the same day with only 2 ppl. If using Waardenaar. When collecting extra 1 cm section for bulk isotope/biogeochem samples, S and D was always 1 cm below microbial interval, M was always 1 cm above microbial interval. Bulk samples were refrigerated over night and split on the morning of the 13th. One should not use field styrofoam vial rack in -80 freezer if it has been a wet day. Instead one should dry the vials and transfer to new, dry cylinder rack. They freeze very tightly in place and make a mess of the foam when removing to tranfer into cryo-box.","notes_Suzanne: NOT acidified for DOC.  | QualityFlag__.Biogeochemistry: Some 2011-2012 geochem was copied from Suzanne's geochem sheets, and there are known to be some copying errors. If there is a conflict between this sheet and those ones, Suzanne's sheet is more likely to be correct.","MainAutochamber.201107_E_2_1to4","711_E-2-S",5.7,11.8,9.2,8,15,22,29,42,122,14.35,12.9,11.5,12,11.85,10.7,14.1,12.9933333333333,12.0545454545455,12.0103448275862,11.8142857142857,10.7737704918033,3.08127988249781,2.81715831155811,2.84483278824496,2.56519907715146,3.44359224156003,3.09071665921544,1,1,1,1,-64.0747748839362,1.0478119537234,8.66947741447872,0.729681012563829,-65.8613107145349,1.6103717223256,7.61699959977907,0.470690054999998,NA,NA,NA,NA,NA,NA,NA,NA,1.03931837020138,0.0477326570950965,19.950017469334,"0-9",7,101,90,"No",87.5,-2.5,9.5
"711_E-2-M","e1d85bcc-badf-4399-a16b-6ceec50fda13","MainAutochamber.201107_E_2_5to8","201107_E2_05-08","MainAutochamber",7,2011,2011-07-12,"2011-07","Fen","Eriophorum Autochamber Site",2,"N 68 21.1993, E 19 02.7953","['https://isogenie-db.asc.ohio-state.edu/images/raw/Tyler_Logan/core_pics_jul2011/E-2-jul11.JPG']","M",5,8,6.5,"20110700_E2M",NA,"711 E-2-M","X","X","Below Detection (>90)","7.0",11.6,NA,"Overcast, drizzle, light breeze",NA,5.5,NA,NA,89.86674563,0.286548143,2.768928915,NA,NA,-51.32615,-11.258626,-314.308,-83.70798529,-10.80587462,1.42237464,0,NA,NA,NA,1.25,NA,2.4,0.486234238,47.00120909,1.607479127,-26.802944,1.1100076,FALSE,FALSE,20211117,20211117,"Notes_additional: Forgot one set of 47 mm filter papers, so DOC samples were filtered at lab on July 12, ~16:00 from collected whole water samples. Eriophorum and sphagnum cores suffered a fair deal of compression, though difficult to quantify. Will likely need to use Wardenaar next time- will cause time constraint. Pore water sampling is quite time consumptive. Will not be able to 'suck' and core in the same day with only 2 ppl. If using Waardenaar. When collecting extra 1 cm section for bulk isotope/biogeochem samples, S and D was always 1 cm below microbial interval, M was always 1 cm above microbial interval. Bulk samples were refrigerated over night and split on the morning of the 13th. One should not use field styrofoam vial rack in -80 freezer if it has been a wet day. Instead one should dry the vials and transfer to new, dry cylinder rack. They freeze very tightly in place and make a mess of the foam when removing to tranfer into cryo-box.","notes_Suzanne: NOT acidified for DOC.  | QualityFlag__.Biogeochemistry: Some 2011-2012 geochem was copied from Suzanne's geochem sheets, and there are known to be some copying errors. If there is a conflict between this sheet and those ones, Suzanne's sheet is more likely to be correct.","MainAutochamber.201107_E_2_5to8","711_E-2-M",5.7,11.8,9.2,8,15,22,29,42,122,14.35,12.9,11.5,12,11.85,10.7,14.1,12.9933333333333,12.0545454545455,12.0103448275862,11.8142857142857,10.7737704918033,3.08127988249781,2.81715831155811,2.84483278824496,2.56519907715146,3.44359224156003,3.09071665921544,1,1,1,1,-64.0747748839362,1.0478119537234,8.66947741447872,0.729681012563829,-65.8613107145349,1.6103717223256,7.61699959977907,0.470690054999998,NA,NA,NA,NA,NA,NA,NA,NA,1.04223529930755,0.0937818015192572,9.66304958744751,"0-9",7,101,90,"No",83.5,-6.5,13.5
"711_E-2-D","0f9c738e-3ad2-461f-ae1b-6a03ecf14e1a","MainAutochamber.201107_E_2_24to27","201107_E2_24-27","MainAutochamber",7,2011,2011-07-12,"2011-07","Fen","Eriophorum Autochamber Site",2,"N 68 21.1993, E 19 02.7953","['https://isogenie-db.asc.ohio-state.edu/images/raw/Tyler_Logan/core_pics_jul2011/E-2-jul11.JPG']","D",24,27,25.5,"20110700_E2D",NA,"711 E-2-D","X",NA,"Below Detection (>90)","7.0",11.6,NA,"Overcast, drizzle, light breeze",NA,5.6,NA,NA,92.41528763,0.461941423,3.48955779,NA,NA,-57.028,-8.341459337,-376.161,-82.83212716,-11.11940344,1.412020955,0.038073384,NA,NA,NA,1.25,NA,5.45,0,41.6082641,1.291334276,-24.4321415,0.3649024,FALSE,FALSE,20211117,20211117,"Notes_additional: Forgot one set of 47 mm filter papers, so DOC samples were filtered at lab on July 12, ~16:00 from collected whole water samples. Eriophorum and sphagnum cores suffered a fair deal of compression, though difficult to quantify. Will likely need to use Wardenaar next time- will cause time constraint. Pore water sampling is quite time consumptive. Will not be able to 'suck' and core in the same day with only 2 ppl. If using Waardenaar. When collecting extra 1 cm section for bulk isotope/biogeochem samples, S and D was always 1 cm below microbial interval, M was always 1 cm above microbial interval. Bulk samples were refrigerated over night and split on the morning of the 13th. One should not use field styrofoam vial rack in -80 freezer if it has been a wet day. Instead one should dry the vials and transfer to new, dry cylinder rack. They freeze very tightly in place and make a mess of the foam when removing to tranfer into cryo-box.","notes_Suzanne: NOT acidified for DOC.  | QualityFlag__.Biogeochemistry: Some 2011-2012 geochem was copied from Suzanne's geochem sheets, and there are known to be some copying errors. If there is a conflict between this sheet and those ones, Suzanne's sheet is more likely to be correct.","MainAutochamber.201107_E_2_24to27","711_E-2-D",5.7,11.8,9.2,8,15,22,29,42,122,14.35,12.9,11.5,12,11.85,10.7,14.1,12.9933333333333,12.0545454545455,12.0103448275862,11.8142857142857,10.7737704918033,3.08127988249781,2.81715831155811,2.84483278824496,2.56519907715146,3.44359224156003,3.09071665921544,1,1,1,1,-64.0747748839362,1.0478119537234,8.66947741447872,0.729681012563829,-65.8613107145349,1.6103717223256,7.61699959977907,0.470690054999998,NA,NA,NA,NA,NA,NA,NA,NA,1.0516309505086,0.116902825509939,7.55411317594699,"20-29",7,101,90,"No",64.5,-25.5,32.5
"711_E-3-S","f8cb8217-c10f-405e-9dec-4ebac33ce55c","MainAutochamber.201107_E_3_1to4","201107_E3_01-04","MainAutochamber",7,2011,2011-07-12,"2011-07","Fen","Eriophorum Autochamber Site",3,"N 68 21.1964, E 19 02.8028","['https://isogenie-db.asc.ohio-state.edu/images/raw/Tyler_Logan/core_pics_jul2011/E-3-jul11.JPG']","S",1,4,2.5,"20110700_E3S",NA,"711 E-3-S","X","X","Below Detection (>90)","16.0",11,NA,"Overcast, drizzle, light breeze",NA,5.7,NA,NA,92.10100897,0.421490329,3.486538409,NA,NA,-52.86162857,-12.35379267,-354.0785,-84.35623832,-11.42330637,1.03978133,0,NA,NA,NA,1.65,NA,0,0.338342891,48.70265391,1.809623434,-27.3815156,3.3443284,FALSE,FALSE,20211117,20211117,"Notes_additional: Forgot one set of 47 mm filter papers, so DOC samples were filtered at lab on July 12, ~16:00 from collected whole water samples. Eriophorum and sphagnum cores suffered a fair deal of compression, though difficult to quantify. Will likely need to use Wardenaar next time- will cause time constraint. Pore water sampling is quite time consumptive. Will not be able to 'suck' and core in the same day with only 2 ppl. If using Waardenaar. When collecting extra 1 cm section for bulk isotope/biogeochem samples, S and D was always 1 cm below microbial interval, M was always 1 cm above microbial interval. Bulk samples were refrigerated over night and split on the morning of the 13th. One should not use field styrofoam vial rack in -80 freezer if it has been a wet day. Instead one should dry the vials and transfer to new, dry cylinder rack. They freeze very tightly in place and make a mess of the foam when removing to tranfer into cryo-box.","notes_Suzanne: NOT acidified for DOC.  | QualityFlag__.Biogeochemistry: Some 2011-2012 geochem was copied from Suzanne's geochem sheets, and there are known to be some copying errors. If there is a conflict between this sheet and those ones, Suzanne's sheet is more likely to be correct.","MainAutochamber.201107_E_3_1to4","711_E-3-S",5.7,11.8,9.2,8,15,22,29,42,122,14.35,12.9,11.5,12,11.85,10.7,14.1,12.9933333333333,12.0545454545455,12.0103448275862,11.8142857142857,10.7737704918033,3.08127988249781,2.81715831155811,2.84483278824496,2.56519907715146,3.44359224156003,3.09071665921544,1,1,1,1,-64.0747748839362,1.0478119537234,8.66947741447872,0.729681012563829,-65.8613107145349,1.6103717223256,7.61699959977907,0.470690054999998,NA,NA,NA,NA,NA,NA,NA,NA,1.04276865674742,0.107852412880593,8.27192979082564,"0-9",16,101,90,"No",87.5,-2.5,18.5
"711_E-3-M","63de5498-00f8-4969-bbcd-594a4e855497","MainAutochamber.201107_E_3_5to8","201107_E3_05-08","MainAutochamber",7,2011,2011-07-12,"2011-07","Fen","Eriophorum Autochamber Site",3,"N 68 21.1964, E 19 02.8028","['https://isogenie-db.asc.ohio-state.edu/images/raw/Tyler_Logan/core_pics_jul2011/E-3-jul11.JPG']","M",5,8,6.5,"20110700_E3M",NA,"711 E-3-M","X","X","Below Detection (>90)","16.0",11,NA,"Overcast, drizzle, light breeze",NA,5.6,NA,NA,93.37275466,0.403365032,3.598804802,NA,NA,-53.13137857,-12.73529267,-389.3215,-83.87300193,-10.87485289,1.061474765,0,NA,NA,NA,0.9,NA,0,0,42.79922115,1.405771888,-26.486837,2.9399422,FALSE,FALSE,20211117,20211117,"Notes_additional: Forgot one set of 47 mm filter papers, so DOC samples were filtered at lab on July 12, ~16:00 from collected whole water samples. Eriophorum and sphagnum cores suffered a fair deal of compression, though difficult to quantify. Will likely need to use Wardenaar next time- will cause time constraint. Pore water sampling is quite time consumptive. Will not be able to 'suck' and core in the same day with only 2 ppl. If using Waardenaar. When collecting extra 1 cm section for bulk isotope/biogeochem samples, S and D was always 1 cm below microbial interval, M was always 1 cm above microbial interval. Bulk samples were refrigerated over night and split on the morning of the 13th. One should not use field styrofoam vial rack in -80 freezer if it has been a wet day. Instead one should dry the vials and transfer to new, dry cylinder rack. They freeze very tightly in place and make a mess of the foam when removing to tranfer into cryo-box.","notes_Suzanne: NOT acidified for DOC.  | QualityFlag__.Biogeochemistry: Some 2011-2012 geochem was copied from Suzanne's geochem sheets, and there are known to be some copying errors. If there is a conflict between this sheet and those ones, Suzanne's sheet is more likely to be correct.","MainAutochamber.201107_E_3_5to8","711_E-3-M",5.7,11.8,9.2,8,15,22,29,42,122,14.35,12.9,11.5,12,11.85,10.7,14.1,12.9933333333333,12.0545454545455,12.0103448275862,11.8142857142857,10.7737704918033,3.08127988249781,2.81715831155811,2.84483278824496,2.56519907715146,3.44359224156003,3.09071665921544,1,1,1,1,-64.0747748839362,1.0478119537234,8.66947741447872,0.729681012563829,-65.8613107145349,1.6103717223256,7.61699959977907,0.470690054999998,NA,NA,NA,NA,NA,NA,NA,NA,1.04266282035938,0.100786585460031,8.92195534192959,"0-9",16,101,90,"No",83.5,-6.5,22.5
"711_E-3-D","f7c54f1f-2f86-47d6-9023-59c1d9ceb19f","MainAutochamber.201107_E_3_21to24","201107_E3_21-24","MainAutochamber",7,2011,2011-07-12,"2011-07","Fen","Eriophorum Autochamber Site",3,"N 68 21.1964, E 19 02.8028","['https://isogenie-db.asc.ohio-state.edu/images/raw/Tyler_Logan/core_pics_jul2011/E-3-jul11.JPG']","D",21,24,22.5,"20110700_E3D",NA,"711 E-3-D","X","X","Below Detection (>90)","16.0",11,NA,"Overcast, drizzle, light breeze",NA,5.5,NA,NA,93.59652157,0.387695607,4.026489231,NA,NA,-51.54082143,-12.34845934,-346.178,NA,NA,1.196565702,0.048131823,NA,NA,NA,1.3,NA,1.95,0,42.23404591,0.714313339,-24.1907507,-0.0817628,FALSE,FALSE,20211117,20211117,"Notes_additional: Forgot one set of 47 mm filter papers, so DOC samples were filtered at lab on July 12, ~16:00 from collected whole water samples. Eriophorum and sphagnum cores suffered a fair deal of compression, though difficult to quantify. Will likely need to use Wardenaar next time- will cause time constraint. Pore water sampling is quite time consumptive. Will not be able to 'suck' and core in the same day with only 2 ppl. If using Waardenaar. When collecting extra 1 cm section for bulk isotope/biogeochem samples, S and D was always 1 cm below microbial interval, M was always 1 cm above microbial interval. Bulk samples were refrigerated over night and split on the morning of the 13th. One should not use field styrofoam vial rack in -80 freezer if it has been a wet day. Instead one should dry the vials and transfer to new, dry cylinder rack. They freeze very tightly in place and make a mess of the foam when removing to tranfer into cryo-box.","notes_Suzanne: NOT acidified for DOC.  | QualityFlag__.Biogeochemistry: Some 2011-2012 geochem was copied from Suzanne's geochem sheets, and there are known to be some copying errors. If there is a conflict between this sheet and those ones, Suzanne's sheet is more likely to be correct.","MainAutochamber.201107_E_3_21to24","711_E-3-D",5.7,11.8,9.2,8,15,22,29,42,122,14.35,12.9,11.5,12,11.85,10.7,14.1,12.9933333333333,12.0545454545455,12.0103448275862,11.8142857142857,10.7737704918033,3.08127988249781,2.81715831155811,2.84483278824496,2.56519907715146,3.44359224156003,3.09071665921544,1,1,1,1,-64.0747748839362,1.0478119537234,8.66947741447872,0.729681012563829,-65.8613107145349,1.6103717223256,7.61699959977907,0.470690054999998,NA,NA,NA,NA,NA,NA,NA,NA,1.04132213908151,0.0878294908863986,10.3856973313603,"20-29",16,101,90,"No",67.5,-22.5,38.5
"711_P-1-S","df1a6250-0adb-4554-b1e8-5b9a44e2ec5d","MainAutochamber.201107_P_1_1to4","201107_P1_01-04","MainAutochamber",7,2011,2011-07-12,"2011-07","Palsa","Palsa Autochamber Site",1,"N 68 21.2071, E 19 02.8278","['https://isogenie-db.asc.ohio-state.edu/images/raw/Tyler_Logan/core_pics_jul2011/P-1-jul11.JPG']","S",1,4,2.5,"20110700_P1S",NA,"711 P-1-S",NA,NA,"36.5","Not Detected",11.6,NA,"Overcast, drizzle, light breeze",NA,NA,4.1,NA,74.33575599,NA,NA,0,0.058843649,NA,-13.74,NA,NA,NA,NA,NA,NA,NA,NA,NA,NA,NA,NA,47.62239195,0.893366136,-26.4801317,0.2952664,NA,NA,20211117,20211117,"Notes: pore gas sample taken | Notes_additional: Forgot one set of 47 mm filter papers, so DOC samples were filtered at lab on July 12, ~16:00 from collected whole water samples. Eriophorum and sphagnum cores suffered a fair deal of compression, though difficult to quantify. Will likely need to use Wardenaar next time- will cause time constraint. Pore water sampling is quite time consumptive. Will not be able to 'suck' and core in the same day with only 2 ppl. If using Waardenaar. When collecting extra 1 cm section for bulk isotope/biogeochem samples, S and D was always 1 cm below microbial interval, M was always 1 cm above microbial interval. Bulk samples were refrigerated over night and split on the morning of the 13th. One should not use field styrofoam vial rack in -80 freezer if it has been a wet day. Instead one should dry the vials and transfer to new, dry cylinder rack. They freeze very tightly in place and make a mess of the foam when removing to tranfer into cryo-box.",NA,"MainAutochamber.201107_P_1_1to4","711_P-1-S",5.7,11.8,9.2,8,15,22,29,42,122,14.35,12.9,11.5,12,11.85,10.7,14.1,12.9933333333333,12.0545454545455,12.0103448275862,11.8142857142857,10.7737704918033,3.08127988249781,2.81715831155811,2.84483278824496,2.56519907715146,3.44359224156003,3.09071665921544,0,0,0,0,NA,NA,-0.00562291227983348,0.0204674744182112,NA,NA,-0.094310533027711,0.00506730645561333,NA,NA,NA,NA,NA,NA,NA,NA,NA,NA,NA,"0-9",NA,36.5,36.5,NA,34,-2.5,NA
"711_P-1-M","56003e89-b8f4-4bbf-a5ab-5bb4015f3f07","MainAutochamber.201107_P_1_16to19","201107_P1_16-19","MainAutochamber",7,2011,2011-07-12,"2011-07","Palsa","Palsa Autochamber Site",1,"N 68 21.2071, E 19 02.8278","['https://isogenie-db.asc.ohio-state.edu/images/raw/Tyler_Logan/core_pics_jul2011/P-1-jul11.JPG']","M",16,19,17.5,"20110700_P1M",NA,"711 P-1-M",NA,NA,"36.5","Not Detected",11.6,NA,"Overcast, drizzle, light breeze",NA,NA,4.5,NA,67.97940626,NA,NA,0,0.136261681,NA,-18.6,NA,NA,NA,NA,NA,NA,NA,NA,NA,NA,NA,NA,28.41747735,1.1411624,-26.333573,2.4330916,NA,NA,20211117,20211117,"Notes: pore gas sample taken | Notes_additional: Forgot one set of 47 mm filter papers, so DOC samples were filtered at lab on July 12, ~16:00 from collected whole water samples. Eriophorum and sphagnum cores suffered a fair deal of compression, though difficult to quantify. Will likely need to use Wardenaar next time- will cause time constraint. Pore water sampling is quite time consumptive. Will not be able to 'suck' and core in the same day with only 2 ppl. If using Waardenaar. When collecting extra 1 cm section for bulk isotope/biogeochem samples, S and D was always 1 cm below microbial interval, M was always 1 cm above microbial interval. Bulk samples were refrigerated over night and split on the morning of the 13th. One should not use field styrofoam vial rack in -80 freezer if it has been a wet day. Instead one should dry the vials and transfer to new, dry cylinder rack. They freeze very tightly in place and make a mess of the foam when removing to tranfer into cryo-box.",NA,"MainAutochamber.201107_P_1_16to19","711_P-1-M",5.7,11.8,9.2,8,15,22,29,42,122,14.35,12.9,11.5,12,11.85,10.7,14.1,12.9933333333333,12.0545454545455,12.0103448275862,11.8142857142857,10.7737704918033,3.08127988249781,2.81715831155811,2.84483278824496,2.56519907715146,3.44359224156003,3.09071665921544,0,0,0,0,NA,NA,-0.00562291227983348,0.0204674744182112,NA,NA,-0.094310533027711,0.00506730645561333,NA,NA,NA,NA,NA,NA,NA,NA,NA,NA,NA,"10-19",NA,36.5,36.5,NA,19,-17.5,NA
"711_P-1-D","8e4de9b9-7e16-46b5-a150-a3f115b6840e","MainAutochamber.201107_P_1_30to33","201107_P1_30-33","MainAutochamber",7,2011,2011-07-12,"2011-07","Palsa","Palsa Autochamber Site",1,"N 68 21.2071, E 19 02.8278","['https://isogenie-db.asc.ohio-state.edu/images/raw/Tyler_Logan/core_pics_jul2011/P-1-jul11.JPG']","D",30,33,31.5,"20110700_P1D",NA,"711 P-1-D",NA,NA,"36.5","Not Detected",11.6,NA,"Overcast, drizzle, light breeze",NA,NA,5.3,NA,67.27928631,NA,NA,0,0.422010006,NA,-21.24,NA,NA,NA,NA,NA,NA,NA,NA,NA,NA,NA,NA,31.0583663,1.644309825,-27.9102764,0.9349228,NA,NA,20211117,20211117,"Notes: unable to pull pore gas | Notes_additional: Forgot one set of 47 mm filter papers, so DOC samples were filtered at lab on July 12, ~16:00 from collected whole water samples. Eriophorum and sphagnum cores suffered a fair deal of compression, though difficult to quantify. Will likely need to use Wardenaar next time- will cause time constraint. Pore water sampling is quite time consumptive. Will not be able to 'suck' and core in the same day with only 2 ppl. If using Waardenaar. When collecting extra 1 cm section for bulk isotope/biogeochem samples, S and D was always 1 cm below microbial interval, M was always 1 cm above microbial interval. Bulk samples were refrigerated over night and split on the morning of the 13th. One should not use field styrofoam vial rack in -80 freezer if it has been a wet day. Instead one should dry the vials and transfer to new, dry cylinder rack. They freeze very tightly in place and make a mess of the foam when removing to tranfer into cryo-box.",NA,"MainAutochamber.201107_P_1_30to33","711_P-1-D",5.7,11.8,9.2,8,15,22,29,42,122,14.35,12.9,11.5,12,11.85,10.7,14.1,12.9933333333333,12.0545454545455,12.0103448275862,11.8142857142857,10.7737704918033,3.08127988249781,2.81715831155811,2.84483278824496,2.56519907715146,3.44359224156003,3.09071665921544,0,0,0,0,NA,NA,-0.00562291227983348,0.0204674744182112,NA,NA,-0.094310533027711,0.00506730645561333,NA,NA,NA,NA,NA,NA,NA,NA,NA,NA,NA,"30-39",NA,36.5,36.5,NA,5,-31.5,NA
"711_P-2-S","1fce3d08-7409-4b21-95ed-dece5cbb1792","MainAutochamber.201107_P_2_1to4","201107_P2_01-04","MainAutochamber",7,2011,2011-07-12,"2011-07","Palsa","Palsa Autochamber Site",2,"N 68 21.2090, E 19 02.8370","['https://isogenie-db.asc.ohio-state.edu/images/raw/Tyler_Logan/core_pics_jul2011/P-2-jul11.JPG']","S",1,4,2.5,"20110700_P2S",NA,"711 P-2-S",NA,NA,"36.0","Not Detected",11.6,NA,"Overcast, drizzle, light breeze",NA,NA,3.8,NA,69.94313566,NA,NA,0,0.083807621,NA,-16.35,NA,NA,NA,NA,NA,NA,NA,NA,NA,NA,NA,NA,47.75985288,1.301783912,-26.8019861,0.1908124,NA,NA,20211117,20211117,"Notes: pore gas sample taken | Notes_additional: Forgot one set of 47 mm filter papers, so DOC samples were filtered at lab on July 12, ~16:00 from collected whole water samples. Eriophorum and sphagnum cores suffered a fair deal of compression, though difficult to quantify. Will likely need to use Wardenaar next time- will cause time constraint. Pore water sampling is quite time consumptive. Will not be able to 'suck' and core in the same day with only 2 ppl. If using Waardenaar. When collecting extra 1 cm section for bulk isotope/biogeochem samples, S and D was always 1 cm below microbial interval, M was always 1 cm above microbial interval. Bulk samples were refrigerated over night and split on the morning of the 13th. One should not use field styrofoam vial rack in -80 freezer if it has been a wet day. Instead one should dry the vials and transfer to new, dry cylinder rack. They freeze very tightly in place and make a mess of the foam when removing to tranfer into cryo-box.",NA,"MainAutochamber.201107_P_2_1to4","711_P-2-S",5.7,11.8,9.2,8,15,22,29,42,122,14.35,12.9,11.5,12,11.85,10.7,14.1,12.9933333333333,12.0545454545455,12.0103448275862,11.8142857142857,10.7737704918033,3.08127988249781,2.81715831155811,2.84483278824496,2.56519907715146,3.44359224156003,3.09071665921544,0,0,0,0,NA,NA,-0.00562291227983348,0.0204674744182112,NA,NA,-0.094310533027711,0.00506730645561333,NA,NA,NA,NA,NA,NA,NA,NA,NA,NA,NA,"0-9",NA,36,36,NA,33.5,-2.5,NA
"711_P-2-M","1df291ec-7547-409b-90a4-31b8de09e1b2","MainAutochamber.201107_P_2_16to19","201107_P2_16-19","MainAutochamber",7,2011,2011-07-12,"2011-07","Palsa","Palsa Autochamber Site",2,"N 68 21.2090, E 19 02.8370","['https://isogenie-db.asc.ohio-state.edu/images/raw/Tyler_Logan/core_pics_jul2011/P-2-jul11.JPG']","M",16,19,17.5,"20110700_P2M",NA,"711 P-2-M",NA,NA,"36.0","Not Detected",11.6,NA,"Overcast, drizzle, light breeze",NA,NA,3.8,NA,71.89261195,NA,NA,0,0.151864164,NA,-18.84,NA,NA,NA,NA,NA,NA,NA,NA,NA,NA,NA,NA,48.21364321,1.740046547,-26.496416,2.704672,NA,NA,20211117,20211117,"Notes: pore gas sample taken | Notes_additional: Forgot one set of 47 mm filter papers, so DOC samples were filtered at lab on July 12, ~16:00 from collected whole water samples. Eriophorum and sphagnum cores suffered a fair deal of compression, though difficult to quantify. Will likely need to use Wardenaar next time- will cause time constraint. Pore water sampling is quite time consumptive. Will not be able to 'suck' and core in the same day with only 2 ppl. If using Waardenaar. When collecting extra 1 cm section for bulk isotope/biogeochem samples, S and D was always 1 cm below microbial interval, M was always 1 cm above microbial interval. Bulk samples were refrigerated over night and split on the morning of the 13th. One should not use field styrofoam vial rack in -80 freezer if it has been a wet day. Instead one should dry the vials and transfer to new, dry cylinder rack. They freeze very tightly in place and make a mess of the foam when removing to tranfer into cryo-box.",NA,"MainAutochamber.201107_P_2_16to19","711_P-2-M",5.7,11.8,9.2,8,15,22,29,42,122,14.35,12.9,11.5,12,11.85,10.7,14.1,12.9933333333333,12.0545454545455,12.0103448275862,11.8142857142857,10.7737704918033,3.08127988249781,2.81715831155811,2.84483278824496,2.56519907715146,3.44359224156003,3.09071665921544,0,0,0,0,NA,NA,-0.00562291227983348,0.0204674744182112,NA,NA,-0.094310533027711,0.00506730645561333,NA,NA,NA,NA,NA,NA,NA,NA,NA,NA,NA,"10-19",NA,36,36,NA,18.5,-17.5,NA
"711_P-2-D","d7d9155c-75d6-4d8a-9c10-238bbb5011f0","MainAutochamber.201107_P_2_30to33","201107_P2_30-33","MainAutochamber",7,2011,2011-07-12,"2011-07","Palsa","Palsa Autochamber Site",2,"N 68 21.2090, E 19 02.8370","['https://isogenie-db.asc.ohio-state.edu/images/raw/Tyler_Logan/core_pics_jul2011/P-2-jul11.JPG']","D",30,33,31.5,"20110700_P2D",NA,"711 P-2-D",NA,NA,"36.0","Not Detected",11.6,NA,"Overcast, drizzle, light breeze",NA,NA,4.5,NA,54.12076419,NA,NA,NA,NA,NA,NA,NA,NA,NA,NA,NA,NA,NA,NA,NA,NA,NA,NA,23.11538233,1.120840105,-27.5702219,0.5827636,NA,NA,20211117,20211117,"Notes: unable to pull pore gas | Notes_additional: Forgot one set of 47 mm filter papers, so DOC samples were filtered at lab on July 12, ~16:00 from collected whole water samples. Eriophorum and sphagnum cores suffered a fair deal of compression, though difficult to quantify. Will likely need to use Wardenaar next time- will cause time constraint. Pore water sampling is quite time consumptive. Will not be able to 'suck' and core in the same day with only 2 ppl. If using Waardenaar. When collecting extra 1 cm section for bulk isotope/biogeochem samples, S and D was always 1 cm below microbial interval, M was always 1 cm above microbial interval. Bulk samples were refrigerated over night and split on the morning of the 13th. One should not use field styrofoam vial rack in -80 freezer if it has been a wet day. Instead one should dry the vials and transfer to new, dry cylinder rack. They freeze very tightly in place and make a mess of the foam when removing to tranfer into cryo-box.",NA,"MainAutochamber.201107_P_2_30to33","711_P-2-D",5.7,11.8,9.2,8,15,22,29,42,122,14.35,12.9,11.5,12,11.85,10.7,14.1,12.9933333333333,12.0545454545455,12.0103448275862,11.8142857142857,10.7737704918033,3.08127988249781,2.81715831155811,2.84483278824496,2.56519907715146,3.44359224156003,3.09071665921544,0,0,0,0,NA,NA,-0.00562291227983348,0.0204674744182112,NA,NA,-0.094310533027711,0.00506730645561333,NA,NA,NA,NA,NA,NA,NA,NA,NA,NA,NA,"30-39",NA,36,36,NA,4.5,-31.5,NA
"711_P-3-S","17c97ffd-3e03-40f3-a452-188130811206","MainAutochamber.201107_P_3_1to4","201107_P3_01-04","MainAutochamber",7,2011,2011-07-12,"2011-07","Palsa","Palsa Autochamber Site",3,"N 68 21.2083, E 19 02.8386","['https://isogenie-db.asc.ohio-state.edu/images/raw/Tyler_Logan/core_pics_jul2011/P-3-jul11.JPG']","S",1,4,2.5,"20110700_P3S",NA,"711 P-3-S",NA,NA,"40.0","Not Detected",11.8,NA,"Overcast, drizzle, light breeze",NA,NA,4.1,NA,68.97544711,NA,NA,0,0.108177213,NA,-16.4,NA,NA,NA,NA,NA,NA,NA,NA,NA,NA,NA,NA,46.06323388,0.925926699,-27.2876414,-1.9121948,NA,NA,20211117,20211117,"Notes: pore gas sample taken | Notes_additional: Forgot one set of 47 mm filter papers, so DOC samples were filtered at lab on July 12, ~16:00 from collected whole water samples. Eriophorum and sphagnum cores suffered a fair deal of compression, though difficult to quantify. Will likely need to use Wardenaar next time- will cause time constraint. Pore water sampling is quite time consumptive. Will not be able to 'suck' and core in the same day with only 2 ppl. If using Waardenaar. When collecting extra 1 cm section for bulk isotope/biogeochem samples, S and D was always 1 cm below microbial interval, M was always 1 cm above microbial interval. Bulk samples were refrigerated over night and split on the morning of the 13th. One should not use field styrofoam vial rack in -80 freezer if it has been a wet day. Instead one should dry the vials and transfer to new, dry cylinder rack. They freeze very tightly in place and make a mess of the foam when removing to tranfer into cryo-box.",NA,"MainAutochamber.201107_P_3_1to4","711_P-3-S",5.7,11.8,9.2,8,15,22,29,42,122,14.35,12.9,11.5,12,11.85,10.7,14.1,12.9933333333333,12.0545454545455,12.0103448275862,11.8142857142857,10.7737704918033,3.08127988249781,2.81715831155811,2.84483278824496,2.56519907715146,3.44359224156003,3.09071665921544,0,0,0,0,NA,NA,-0.00562291227983348,0.0204674744182112,NA,NA,-0.094310533027711,0.00506730645561333,NA,NA,NA,NA,NA,NA,NA,NA,NA,NA,NA,"0-9",NA,40,40,NA,37.5,-2.5,NA
"711_P-3-M","2e914bcb-73ba-4f1e-ab7f-bacd27ffd4d6","MainAutochamber.201107_P_3_19to21","201107_P3_19-21","MainAutochamber",7,2011,2011-07-12,"2011-07","Palsa","Palsa Autochamber Site",3,"N 68 21.2083, E 19 02.8386","['https://isogenie-db.asc.ohio-state.edu/images/raw/Tyler_Logan/core_pics_jul2011/P-3-jul11.JPG']","M",19,21,20,"20110700_P3M",NA,"711 P-3-M",NA,NA,"40.0","Not Detected",11.8,NA,"Overcast, drizzle, light breeze",NA,NA,4,NA,73.9866421,NA,NA,0,0.289506063,NA,-19.78,NA,NA,NA,NA,NA,NA,NA,NA,NA,NA,NA,NA,45.38742043,1.136330704,-26.4408578,1.9645408,NA,NA,20211117,20211117,"Notes: pore gas sample taken | Notes_additional: Forgot one set of 47 mm filter papers, so DOC samples were filtered at lab on July 12, ~16:00 from collected whole water samples. Eriophorum and sphagnum cores suffered a fair deal of compression, though difficult to quantify. Will likely need to use Wardenaar next time- will cause time constraint. Pore water sampling is quite time consumptive. Will not be able to 'suck' and core in the same day with only 2 ppl. If using Waardenaar. When collecting extra 1 cm section for bulk isotope/biogeochem samples, S and D was always 1 cm below microbial interval, M was always 1 cm above microbial interval. Bulk samples were refrigerated over night and split on the morning of the 13th. One should not use field styrofoam vial rack in -80 freezer if it has been a wet day. Instead one should dry the vials and transfer to new, dry cylinder rack. They freeze very tightly in place and make a mess of the foam when removing to tranfer into cryo-box.",NA,"MainAutochamber.201107_P_3_19to21","711_P-3-M",5.7,11.8,9.2,8,15,22,29,42,122,14.35,12.9,11.5,12,11.85,10.7,14.1,12.9933333333333,12.0545454545455,12.0103448275862,11.8142857142857,10.7737704918033,3.08127988249781,2.81715831155811,2.84483278824496,2.56519907715146,3.44359224156003,3.09071665921544,0,0,0,0,NA,NA,-0.00562291227983348,0.0204674744182112,NA,NA,-0.094310533027711,0.00506730645561333,NA,NA,NA,NA,NA,NA,NA,NA,NA,NA,NA,"20-29",NA,40,40,NA,20,-20,NA
"711_P-3-D","f27c4e66-651f-4777-bc81-a3cf669a5653","MainAutochamber.201107_P_3_34to37","201107_P3_34-37","MainAutochamber",7,2011,2011-07-12,"2011-07","Palsa","Palsa Autochamber Site",3,"N 68 21.2083, E 19 02.8386","['https://isogenie-db.asc.ohio-state.edu/images/raw/Tyler_Logan/core_pics_jul2011/P-3-jul11.JPG']","D",34,37,35.5,"20110700_P3D",NA,"711 P-3-D",NA,NA,"40.0","Not Detected",11.8,NA,"Overcast, drizzle, light breeze",NA,NA,4,NA,70.3607289,NA,NA,0,0.476990182,NA,-21.22,NA,NA,NA,NA,NA,NA,NA,NA,NA,NA,NA,NA,42.87268894,1.510905213,-26.0136344,4.0595896,NA,NA,20211117,20211117,"Notes: pore gas sample taken | Notes_additional: Forgot one set of 47 mm filter papers, so DOC samples were filtered at lab on July 12, ~16:00 from collected whole water samples. Eriophorum and sphagnum cores suffered a fair deal of compression, though difficult to quantify. Will likely need to use Wardenaar next time- will cause time constraint. Pore water sampling is quite time consumptive. Will not be able to 'suck' and core in the same day with only 2 ppl. If using Waardenaar. When collecting extra 1 cm section for bulk isotope/biogeochem samples, S and D was always 1 cm below microbial interval, M was always 1 cm above microbial interval. Bulk samples were refrigerated over night and split on the morning of the 13th. One should not use field styrofoam vial rack in -80 freezer if it has been a wet day. Instead one should dry the vials and transfer to new, dry cylinder rack. They freeze very tightly in place and make a mess of the foam when removing to tranfer into cryo-box.",NA,"MainAutochamber.201107_P_3_34to37","711_P-3-D",5.7,11.8,9.2,8,15,22,29,42,122,14.35,12.9,11.5,12,11.85,10.7,14.1,12.9933333333333,12.0545454545455,12.0103448275862,11.8142857142857,10.7737704918033,3.08127988249781,2.81715831155811,2.84483278824496,2.56519907715146,3.44359224156003,3.09071665921544,0,0,0,0,NA,NA,-0.00562291227983348,0.0204674744182112,NA,NA,-0.094310533027711,0.00506730645561333,NA,NA,NA,NA,NA,NA,NA,NA,NA,NA,NA,"30-39",NA,40,40,NA,4.5,-35.5,NA
"711_S-1-S","b97cdc94-8ed1-4189-bda4-c75dc14a19e8","MainAutochamber.201107_S_1_1to4","201107_S1_01-04","MainAutochamber",7,2011,2011-07-12,"2011-07","Bog","Sphagnum Autochamber Site",1,"N 68 21.2030, E 19 02.8523","['https://isogenie-db.asc.ohio-state.edu/images/raw/Tyler_Logan/core_pics_jul2011/S-1-jul11.JPG']","S",1,4,2.5,"20110700_S1S",NA,"711 S-1-S","X",NA,"Below Detection (>90)","-12.0",10.8,NA,"Overcast, drizzle, light breeze",NA,NA,4.4,NA,94.57949857,NA,NA,0,0.045470092,NA,-10.81,NA,NA,NA,NA,NA,NA,NA,NA,NA,NA,NA,NA,35.80671798,0.61640426,-26.5950797,-0.6915752,NA,NA,20211117,20211117,"Notes: pore gas sample taken | Notes_additional: Forgot one set of 47 mm filter papers, so DOC samples were filtered at lab on July 12, ~16:00 from collected whole water samples. Eriophorum and sphagnum cores suffered a fair deal of compression, though difficult to quantify. Will likely need to use Wardenaar next time- will cause time constraint. Pore water sampling is quite time consumptive. Will not be able to 'suck' and core in the same day with only 2 ppl. If using Waardenaar. When collecting extra 1 cm section for bulk isotope/biogeochem samples, S and D was always 1 cm below microbial interval, M was always 1 cm above microbial interval. Bulk samples were refrigerated over night and split on the morning of the 13th. One should not use field styrofoam vial rack in -80 freezer if it has been a wet day. Instead one should dry the vials and transfer to new, dry cylinder rack. They freeze very tightly in place and make a mess of the foam when removing to tranfer into cryo-box.","QualityFlag__.Biogeochemistry: Some 2011-2012 geochem was copied from Suzanne's geochem sheets, and there are known to be some copying errors. If there is a conflict between this sheet and those ones, Suzanne's sheet is more likely to be correct.","MainAutochamber.201107_S_1_1to4","711_S-1-S",5.7,11.8,9.2,8,15,22,29,42,122,14.35,12.9,11.5,12,11.85,10.7,14.1,12.9933333333333,12.0545454545455,12.0103448275862,11.8142857142857,10.7737704918033,3.08127988249781,2.81715831155811,2.84483278824496,2.56519907715146,3.44359224156003,3.09071665921544,0.181818181818182,0.133333333333333,0.1,0.0491803278688525,-81.6636159243349,2.28566017854384,1.38353667676363,0.388006198348237,-81.7424488862005,2.12178516260328,1.38644869596868,0.396267529738634,NA,NA,NA,NA,NA,NA,NA,NA,NA,NA,NA,"0-9",-12,101,90,"No",87.5,-2.5,-9.5
"711_S-1-M","6ec59a5f-d22a-4c5f-8c24-f9ffaa3721d8","MainAutochamber.201107_S_1_11to14","201107_S1_11-14","MainAutochamber",7,2011,2011-07-12,"2011-07","Bog","Sphagnum Autochamber Site",1,"N 68 21.2030, E 19 02.8523","['https://isogenie-db.asc.ohio-state.edu/images/raw/Tyler_Logan/core_pics_jul2011/S-1-jul11.JPG']","M",11,14,12.5,"20110700_S1M",NA,"711 S-1-M","X","X","Below Detection (>90)","-12.0",10.8,NA,"Overcast, drizzle, light breeze",NA,4.1,NA,NA,91.93144764,0.028856258,1.289549076,NA,NA,-57.62075,-18.785,-309.27,-84.77819547,-11.22617883,4.692376782,0.082006947,NA,NA,NA,1.75,NA,0.75,1.591130768,41.33142842,0.687456694,-25.9293392,-0.3026084,FALSE,FALSE,20211117,20211117,"Notes_additional: Forgot one set of 47 mm filter papers, so DOC samples were filtered at lab on July 12, ~16:00 from collected whole water samples. Eriophorum and sphagnum cores suffered a fair deal of compression, though difficult to quantify. Will likely need to use Wardenaar next time- will cause time constraint. Pore water sampling is quite time consumptive. Will not be able to 'suck' and core in the same day with only 2 ppl. If using Waardenaar. When collecting extra 1 cm section for bulk isotope/biogeochem samples, S and D was always 1 cm below microbial interval, M was always 1 cm above microbial interval. Bulk samples were refrigerated over night and split on the morning of the 13th. One should not use field styrofoam vial rack in -80 freezer if it has been a wet day. Instead one should dry the vials and transfer to new, dry cylinder rack. They freeze very tightly in place and make a mess of the foam when removing to tranfer into cryo-box.","notes_Suzanne: NOT acidified for DOC.  | QualityFlag__.Biogeochemistry: Some 2011-2012 geochem was copied from Suzanne's geochem sheets, and there are known to be some copying errors. If there is a conflict between this sheet and those ones, Suzanne's sheet is more likely to be correct.","MainAutochamber.201107_S_1_11to14","711_S-1-M",5.7,11.8,9.2,8,15,22,29,42,122,14.35,12.9,11.5,12,11.85,10.7,14.1,12.9933333333333,12.0545454545455,12.0103448275862,11.8142857142857,10.7737704918033,3.08127988249781,2.81715831155811,2.84483278824496,2.56519907715146,3.44359224156003,3.09071665921544,1,0.8,0.85,0.704918032786885,-81.6636159243349,2.28566017854384,1.38353667676363,0.388006198348237,-81.7424488862005,2.12178516260328,1.38644869596868,0.396267529738634,NA,NA,NA,NA,NA,NA,NA,NA,1.04121031951839,0.0218872430623828,44.6887145242464,"10-19",-12,101,90,"No",77.5,-12.5,0.5
"711_S-1-D","11ca2097-1bdf-44fa-aae2-24a28dec1ce9","MainAutochamber.201107_S_1_17to20","201107_S1_17-20","MainAutochamber",7,2011,2011-07-12,"2011-07","Bog","Sphagnum Autochamber Site",1,"N 68 21.2030, E 19 02.8523","['https://isogenie-db.asc.ohio-state.edu/images/raw/Tyler_Logan/core_pics_jul2011/S-1-jul11.JPG']","D",17,20,18.5,"20110700_S1D",NA,"711 S-1-D","X","X","Below Detection (>90)","-12.0",10.8,NA,"Overcast, drizzle, light breeze",NA,4.4,NA,NA,93.46011622,0.165322189,2.029392875,NA,NA,-56.69825,-14.9495,-326.999,NA,NA,4.771262,0.069921159,NA,NA,NA,3.65,NA,0.25,0.855373979,42.47359976,0.679858397,-26.2243724,-0.3573224,FALSE,FALSE,20211117,20211117,"Notes_additional: Forgot one set of 47 mm filter papers, so DOC samples were filtered at lab on July 12, ~16:00 from collected whole water samples. Eriophorum and sphagnum cores suffered a fair deal of compression, though difficult to quantify. Will likely need to use Wardenaar next time- will cause time constraint. Pore water sampling is quite time consumptive. Will not be able to 'suck' and core in the same day with only 2 ppl. If using Waardenaar. When collecting extra 1 cm section for bulk isotope/biogeochem samples, S and D was always 1 cm below microbial interval, M was always 1 cm above microbial interval. Bulk samples were refrigerated over night and split on the morning of the 13th. One should not use field styrofoam vial rack in -80 freezer if it has been a wet day. Instead one should dry the vials and transfer to new, dry cylinder rack. They freeze very tightly in place and make a mess of the foam when removing to tranfer into cryo-box.","notes_Suzanne: NOT acidified for DOC.  | QualityFlag__.Biogeochemistry: Some 2011-2012 geochem was copied from Suzanne's geochem sheets, and there are known to be some copying errors. If there is a conflict between this sheet and those ones, Suzanne's sheet is more likely to be correct.","MainAutochamber.201107_S_1_17to20","711_S-1-D",5.7,11.8,9.2,8,15,22,29,42,122,14.35,12.9,11.5,12,11.85,10.7,14.1,12.9933333333333,12.0545454545455,12.0103448275862,11.8142857142857,10.7737704918033,3.08127988249781,2.81715831155811,2.84483278824496,2.56519907715146,3.44359224156003,3.09071665921544,1,1,1,0.983606557377049,-81.6636159243349,2.28566017854384,1.38353667676363,0.388006198348237,-81.7424488862005,2.12178516260328,1.38644869596868,0.396267529738634,NA,NA,NA,NA,NA,NA,NA,NA,1.04425810722815,0.0753274043231336,12.2753811044687,"10-19",-12,101,90,"No",71.5,-18.5,6.5
"711_S-2-M","9cb75c3b-32d7-4b93-971a-579db68684d7","MainAutochamber.201107_S_2_13to16","201107_S2_13-16","MainAutochamber",7,2011,2011-07-12,"2011-07","Bog","Sphagnum Autochamber Site",2,"N 68 21.1950, E 19 02.8540","['https://isogenie-db.asc.ohio-state.edu/images/raw/Tyler_Logan/core_pics_jul2011/S-2-jul11.JPG']","M",13,16,14.5,"20110700_S2M",NA,"711 S-2-M","X",NA,"Below Detection (>90)","-14.0",11.1,NA,"Overcast, drizzle, light breeze",NA,4.2,NA,NA,92.52187,0.059813888,3.047676036,NA,NA,-69.74441667,-14.70804267,-344.528,-86.08180132,-11.27810341,4.966009884,0.096495404,NA,NA,NA,1.65,NA,4.95,0.486234238,44.0977466,1.088063582,-24.5949845,0.5429716,FALSE,FALSE,20211117,20211117,"Notes_additional: Forgot one set of 47 mm filter papers, so DOC samples were filtered at lab on July 12, ~16:00 from collected whole water samples. Eriophorum and sphagnum cores suffered a fair deal of compression, though difficult to quantify. Will likely need to use Wardenaar next time- will cause time constraint. Pore water sampling is quite time consumptive. Will not be able to 'suck' and core in the same day with only 2 ppl. If using Waardenaar. When collecting extra 1 cm section for bulk isotope/biogeochem samples, S and D was always 1 cm below microbial interval, M was always 1 cm above microbial interval. Bulk samples were refrigerated over night and split on the morning of the 13th. One should not use field styrofoam vial rack in -80 freezer if it has been a wet day. Instead one should dry the vials and transfer to new, dry cylinder rack. They freeze very tightly in place and make a mess of the foam when removing to tranfer into cryo-box.","notes_Suzanne: NOT acidified for DOC.  | QualityFlag__.Biogeochemistry: Some 2011-2012 geochem was copied from Suzanne's geochem sheets, and there are known to be some copying errors. If there is a conflict between this sheet and those ones, Suzanne's sheet is more likely to be correct.","MainAutochamber.201107_S_2_13to16","711_S-2-M",5.7,11.8,9.2,8,15,22,29,42,122,14.35,12.9,11.5,12,11.85,10.7,14.1,12.9933333333333,12.0545454545455,12.0103448275862,11.8142857142857,10.7737704918033,3.08127988249781,2.81715831155811,2.84483278824496,2.56519907715146,3.44359224156003,3.09071665921544,1,0.933333333333333,0.95,0.80327868852459,-81.6636159243349,2.28566017854384,1.38353667676363,0.388006198348237,-81.7424488862005,2.12178516260328,1.38644869596868,0.396267529738634,NA,NA,NA,NA,NA,NA,NA,NA,1.05916263765167,0.0192482966840989,50.9526489232735,"10-19",-14,101,90,"No",75.5,-14.5,0.5
"711_S-2-D","9f2486bb-9caf-43bb-936f-4327a6a5fc95","MainAutochamber.201107_S_2_19to21","201107_S2_19-21","MainAutochamber",7,2011,2011-07-12,"2011-07","Bog","Sphagnum Autochamber Site",2,"N 68 21.1950, E 19 02.8540","['https://isogenie-db.asc.ohio-state.edu/images/raw/Tyler_Logan/core_pics_jul2011/S-2-jul11.JPG']","D",19,21,20,"20110700_S2D",NA,"711 S-2-D","X","X","Below Detection (>90)","-14.0",11.1,NA,"Overcast, drizzle, light breeze",NA,4.2,NA,NA,88.99445382,0.057607892,3.184088711,NA,NA,-71.20141667,-14.52654267,NA,-84.49491353,-11.38605188,5.004219912,0.077502693,NA,NA,NA,0.5,NA,0.55,0.412305383,47.8559997,1.373979351,-25.67214305,1.1184634,FALSE,FALSE,20211117,20211117,"Notes_additional: Forgot one set of 47 mm filter papers, so DOC samples were filtered at lab on July 12, ~16:00 from collected whole water samples. Eriophorum and sphagnum cores suffered a fair deal of compression, though difficult to quantify. Will likely need to use Wardenaar next time- will cause time constraint. Pore water sampling is quite time consumptive. Will not be able to 'suck' and core in the same day with only 2 ppl. If using Waardenaar. When collecting extra 1 cm section for bulk isotope/biogeochem samples, S and D was always 1 cm below microbial interval, M was always 1 cm above microbial interval. Bulk samples were refrigerated over night and split on the morning of the 13th. One should not use field styrofoam vial rack in -80 freezer if it has been a wet day. Instead one should dry the vials and transfer to new, dry cylinder rack. They freeze very tightly in place and make a mess of the foam when removing to tranfer into cryo-box.","notes_Suzanne: NOT acidified for DOC.  | QualityFlag__.Biogeochemistry: Some 2011-2012 geochem was copied from Suzanne's geochem sheets, and there are known to be some copying errors. If there is a conflict between this sheet and those ones, Suzanne's sheet is more likely to be correct.","MainAutochamber.201107_S_2_19to21","711_S-2-D",5.7,11.8,9.2,8,15,22,29,42,122,14.35,12.9,11.5,12,11.85,10.7,14.1,12.9933333333333,12.0545454545455,12.0103448275862,11.8142857142857,10.7737704918033,3.08127988249781,2.81715831155811,2.84483278824496,2.56519907715146,3.44359224156003,3.09071665921544,1,1,1,1,-81.6636159243349,2.28566017854384,1.38353667676363,0.388006198348237,-81.7424488862005,2.12178516260328,1.38644869596868,0.396267529738634,NA,NA,NA,NA,NA,NA,NA,NA,1.0610195525889,0.0177709079704397,55.2717449025908,"20-29",-14,101,90,"No",70,-20,6
"711_S-3-M","55351696-80a9-408a-9309-a014d19e337b","MainAutochamber.201107_S_3_11to14","201107_S3_11-14","MainAutochamber",7,2011,2011-07-12,"2011-07","Bog","Sphagnum Autochamber Site",3,"N 68 21.1976, E 19 02.8486","['https://isogenie-db.asc.ohio-state.edu/images/raw/Tyler_Logan/core_pics_jul2011/S-3-jul11.JPG']","M",11,14,12.5,"20110700_S3M",NA,"711 S-3-M","X","X","Below Detection (>90)","-12.0",11.1,NA,"Overcast, drizzle, light breeze",NA,4.1,NA,NA,91.03444012,0.175913911,3.436165059,NA,NA,-59.1965,-13.659,-336.39,-87.06650294,-12.29473207,6.890069669,0.080809784,NA,NA,NA,0.8,NA,1.05,0.855373979,41.76770092,0.869073665,-26.3575205,-0.3065876,FALSE,FALSE,20211117,20211117,"Notes_additional: Forgot one set of 47 mm filter papers, so DOC samples were filtered at lab on July 12, ~16:00 from collected whole water samples. Eriophorum and sphagnum cores suffered a fair deal of compression, though difficult to quantify. Will likely need to use Wardenaar next time- will cause time constraint. Pore water sampling is quite time consumptive. Will not be able to 'suck' and core in the same day with only 2 ppl. If using Waardenaar. When collecting extra 1 cm section for bulk isotope/biogeochem samples, S and D was always 1 cm below microbial interval, M was always 1 cm above microbial interval. Bulk samples were refrigerated over night and split on the morning of the 13th. One should not use field styrofoam vial rack in -80 freezer if it has been a wet day. Instead one should dry the vials and transfer to new, dry cylinder rack. They freeze very tightly in place and make a mess of the foam when removing to tranfer into cryo-box.","notes_Suzanne: NOT acidified for DOC.  | QualityFlag__.Biogeochemistry: Some 2011-2012 geochem was copied from Suzanne's geochem sheets, and there are known to be some copying errors. If there is a conflict between this sheet and those ones, Suzanne's sheet is more likely to be correct.","MainAutochamber.201107_S_3_11to14","711_S-3-M",5.7,11.8,9.2,8,15,22,29,42,122,14.35,12.9,11.5,12,11.85,10.7,14.1,12.9933333333333,12.0545454545455,12.0103448275862,11.8142857142857,10.7737704918033,3.08127988249781,2.81715831155811,2.84483278824496,2.56519907715146,3.44359224156003,3.09071665921544,1,0.8,0.85,0.704918032786885,-81.6636159243349,2.28566017854384,1.38353667676363,0.388006198348237,-81.7424488862005,2.12178516260328,1.38644869596868,0.396267529738634,NA,NA,NA,NA,NA,NA,NA,NA,1.04840277486213,0.0487015683934507,19.5332196269572,"10-19",-12,101,90,"No",77.5,-12.5,0.5
"712_E-1-M","d783f71e-cdb6-4424-a083-1b6b843eeeea","MainAutochamber.201207_E_1_5to8","201207_E1_05-08","MainAutochamber",7,2012,2012-07-20,"2012-07","Fen","Eriophorum Autochamber Site",1,"N 68 21.1942, E 19 02.8058","['https://isogenie-db.asc.ohio-state.edu/images/raw/Carrie_McCalley/2012-07/Eriophorum_Core1_July2012.jpg']","M",5,8,6.5,"20120700_E1M",NA,"712 E-1-M","X","X","Below Detection (>265)","15.0",12.8,12,NA,NA,5.8,NA,NA,NA,0.01899387,0.966112096,NA,NA,-58.606,-19.23983333,-359.143,-85.80884492,-11.06847603,0.784532957,0.017736016,NA,NA,NA,1.95,NA,0,0.190317,42.424,0.826,-25.3593575,1.84665115,FALSE,FALSE,20211117,20211117,NA,"notes_Suzanne: Acidified for DOC.  | QualityFlag__.Biogeochemistry: Some 2011-2012 geochem was copied from Suzanne's geochem sheets, and there are known to be some copying errors. If there is a conflict between this sheet and those ones, Suzanne's sheet is more likely to be correct.","MainAutochamber.201207_E_1_5to8","712_E-1-M",6.3,11.7,8.6,8,15,22,29,50,122,10.35,9.9,10.35,10.2,9.05,8.7,10.425,10.32,10.5681818181818,10.1689655172414,8.666,8.25983606557377,1.64468842033985,1.55664474339615,2.00199575748477,2.30559930979776,2.96225300356719,3.28833801715276,0.923076923076923,0.9375,0.931034482758621,0.948717948717949,-60.9508540311321,1.99372611849056,10.7372809782547,3.06184723021698,-61.8352103847907,2.11319587446462,8.61739512526563,1.96625996879687,-62.1286945899793,2.14439356497935,6.66761385644595,0.971081117337839,-62.294787529,2.310486504,5.67327135417086,0.359255174391961,1.04181688715883,0.019281042502589,50.8644155193228,"0-9",15,101,265,"No",258.5,-6.5,21.5
"712_E-1-D","308f22b8-8488-4bfd-ba11-2245a1b94f18","MainAutochamber.201207_E_1_24to27","201207_E1_24-27","MainAutochamber",7,2012,2012-07-20,"2012-07","Fen","Eriophorum Autochamber Site",1,"N 68 21.1942, E 19 02.8058","['https://isogenie-db.asc.ohio-state.edu/images/raw/Carrie_McCalley/2012-07/Eriophorum_Core1_July2012.jpg']","D",24,27,25.5,"20120700_E1D",NA,"712 E-1-D","X","X","Below Detection (>265)","15.0",12.8,12.3,NA,NA,5.7,NA,NA,NA,0.032601045,1.073331768,NA,NA,-59.3155,-18.78483333,-359.997,-85.47185046,-11.28617322,0.806453731,0.020463452,NA,NA,NA,0.4,NA,0.6,0,44.862,1.338,-25.9387111,1.928954433,FALSE,FALSE,20211117,20211117,NA,"notes_Suzanne: Acidified for DOC.  | QualityFlag__.Biogeochemistry: Some 2011-2012 geochem was copied from Suzanne's geochem sheets, and there are known to be some copying errors. If there is a conflict between this sheet and those ones, Suzanne's sheet is more likely to be correct.","MainAutochamber.201207_E_1_24to27","712_E-1-D",6.3,11.7,8.6,8,15,22,29,50,122,10.35,9.9,10.35,10.2,9.05,8.7,10.425,10.32,10.5681818181818,10.1689655172414,8.666,8.25983606557377,1.64468842033985,1.55664474339615,2.00199575748477,2.30559930979776,2.96225300356719,3.28833801715276,1,1,1,1,-60.9508540311321,1.99372611849056,10.7372809782547,3.06184723021698,-61.8352103847907,2.11319587446462,8.61739512526563,1.96625996879687,-62.1286945899793,2.14439356497935,6.66761385644595,0.971081117337839,-62.294787529,2.310486504,5.67327135417086,0.359255174391961,1.0430863553827,0.029478323291236,32.923232000692,"20-29",15,101,265,"No",239.5,-25.5,40.5
"712_E-1-X","86d56b77-9fc5-4a74-96fb-788ad4b2b274","MainAutochamber.201207_E_1_47to50","201207_E1_47-50","MainAutochamber",7,2012,2012-07-20,"2012-07","Fen","Eriophorum Autochamber Site",1,"N 68 21.1942, E 19 02.8058","['https://isogenie-db.asc.ohio-state.edu/images/raw/Carrie_McCalley/2012-07/Eriophorum_Core1_July2012.jpg']","X",47,50,48.5,"20120700_E1X",NA,"712 E-1-X","X","X","Below Detection (>265)","15.0",12.8,11.3,NA,NA,5.7,NA,NA,NA,0.059792108,1.029940596,NA,NA,-58.8445,-17.65783333,-362.675,-84.97462482,-11.30543261,0.816837255,0.017000158,NA,NA,NA,0.25,NA,0.25,0,9.829,0.829,-27.4575285,0.9227896,FALSE,FALSE,20211117,20211117,NA,"notes_Suzanne: Acidified for DOC.  | QualityFlag__.Biogeochemistry: Some 2011-2012 geochem was copied from Suzanne's geochem sheets, and there are known to be some copying errors. If there is a conflict between this sheet and those ones, Suzanne's sheet is more likely to be correct.","MainAutochamber.201207_E_1_47to50","712_E-1-X",6.3,11.7,8.6,8,15,22,29,50,122,10.35,9.9,10.35,10.2,9.05,8.7,10.425,10.32,10.5681818181818,10.1689655172414,8.666,8.25983606557377,1.64468842033985,1.55664474339615,2.00199575748477,2.30559930979776,2.96225300356719,3.28833801715276,1,1,1,1,-60.9508540311321,1.99372611849056,10.7372809782547,3.06184723021698,-61.8352103847907,2.11319587446462,8.61739512526563,1.96625996879687,-62.1286945899793,2.14439356497935,6.66761385644595,0.971081117337839,-62.294787529,2.310486504,5.67327135417086,0.359255174391961,1.04376180840467,0.0548686001443525,17.2253601762962,"40-49",15,101,265,"No",216.5,-48.5,63.5
"712_E-2-S","267a53e9-d7ed-41cb-9653-1beeed27c5e3","MainAutochamber.201207_E_2_1to4","201207_E2_01-04","MainAutochamber",7,2012,2012-07-20,"2012-07","Fen","Eriophorum Autochamber Site",2,"N 68 21.1982, E 19 02.8005","['https://isogenie-db.asc.ohio-state.edu/images/raw/Carrie_McCalley/2012-07/Eriophorum_Core2_July2012.jpg']","S",1,4,2.5,"20120700_E2S",NA,"712 E-2-S",NA,NA,"Below Detection (>235)","5.0",13.1,12,NA,NA,5.5,NA,NA,NA,0.161735919,2.976064353,NA,NA,-49.122,-14.83575,NA,NA,NA,NA,NA,NA,NA,NA,NA,NA,NA,NA,49.841,NA,-26.5682056,NA,FALSE,FALSE,20211117,20211117,NA,"QualityFlag__.Biogeochemistry: Some 2011-2012 geochem was copied from Suzanne's geochem sheets, and there are known to be some copying errors. If there is a conflict between this sheet and those ones, Suzanne's sheet is more likely to be correct.","MainAutochamber.201207_E_2_1to4","712_E-2-S",6.3,11.7,8.6,8,15,22,29,50,122,10.35,9.9,10.35,10.2,9.05,8.7,10.425,10.32,10.5681818181818,10.1689655172414,8.666,8.25983606557377,1.64468842033985,1.55664474339615,2.00199575748477,2.30559930979776,2.96225300356719,3.28833801715276,0.923076923076923,0.9375,0.931034482758621,0.948717948717949,-60.9508540311321,1.99372611849056,10.7372809782547,3.06184723021698,-61.8352103847907,2.11319587446462,8.61739512526563,1.96625996879687,-62.1286945899793,2.14439356497935,6.66761385644595,0.971081117337839,-62.294787529,2.310486504,5.67327135417086,0.359255174391961,1.03605746478518,0.0515443638791297,18.4007632404772,"0-9",5,101,235,"No",232.5,-2.5,7.5
"712_E-2-M","43dec11d-6d5e-4480-9bbb-5c5b18037e10","MainAutochamber.201207_E_2_5to8","201207_E2_05-08","MainAutochamber",7,2012,2012-07-20,"2012-07","Fen","Eriophorum Autochamber Site",2,"N 68 21.1982, E 19 02.8005","['https://isogenie-db.asc.ohio-state.edu/images/raw/Carrie_McCalley/2012-07/Eriophorum_Core2_July2012.jpg']","M",5,8,6.5,NA,NA,"712 E-2-M",NA,NA,"Below Detection (>235)","5.0",13.1,10.5,NA,NA,5.5,NA,NA,NA,0.207211843,2.923654391,NA,NA,-48.8435,-13.86533333,NA,NA,NA,NA,NA,NA,NA,NA,NA,NA,NA,NA,45.61,2.097,-26.8725576,3.830595,FALSE,FALSE,20211117,20211117,NA,"QualityFlag__.Biogeochemistry: Some 2011-2012 geochem was copied from Suzanne's geochem sheets, and there are known to be some copying errors. If there is a conflict between this sheet and those ones, Suzanne's sheet is more likely to be correct.","MainAutochamber.201207_E_2_5to8","712_E-2-M",6.3,11.7,8.6,8,15,22,29,50,122,10.35,9.9,10.35,10.2,9.05,8.7,10.425,10.32,10.5681818181818,10.1689655172414,8.666,8.25983606557377,1.64468842033985,1.55664474339615,2.00199575748477,2.30559930979776,2.96225300356719,3.28833801715276,0.923076923076923,0.9375,0.931034482758621,0.948717948717949,-60.9508540311321,1.99372611849056,10.7372809782547,3.06184723021698,-61.8352103847907,2.11319587446462,8.61739512526563,1.96625996879687,-62.1286945899793,2.14439356497935,6.66761385644595,0.971081117337839,-62.294787529,2.310486504,5.67327135417086,0.359255174391961,1.0367743548722,0.066183550338165,14.1094946537395,"0-9",5,101,235,"No",228.5,-6.5,11.5
"712_E-2-D","3d93af4f-8772-4e2b-853f-ab8177275310","MainAutochamber.201207_E_2_24to27","201207_E2_24-27","MainAutochamber",7,2012,2012-07-20,"2012-07","Fen","Eriophorum Autochamber Site",2,"N 68 21.1982, E 19 02.8005","['https://isogenie-db.asc.ohio-state.edu/images/raw/Carrie_McCalley/2012-07/Eriophorum_Core2_July2012.jpg']","D",24,27,25.5,"20120700_E2D",NA,"712 E-2-D","X",NA,"Below Detection (>235)","5.0",13.1,9.3,NA,NA,5.6,NA,NA,NA,0.314501172,2.220846002,NA,NA,-52.776,-12.26033333,NA,NA,NA,NA,NA,NA,NA,NA,NA,NA,NA,NA,43.9,1.059,-24.74383025,-0.2257034,FALSE,FALSE,20211117,20211117,NA,"QualityFlag__.Biogeochemistry: Some 2011-2012 geochem was copied from Suzanne's geochem sheets, and there are known to be some copying errors. If there is a conflict between this sheet and those ones, Suzanne's sheet is more likely to be correct.","MainAutochamber.201207_E_2_24to27","712_E-2-D",6.3,11.7,8.6,8,15,22,29,50,122,10.35,9.9,10.35,10.2,9.05,8.7,10.425,10.32,10.5681818181818,10.1689655172414,8.666,8.25983606557377,1.64468842033985,1.55664474339615,2.00199575748477,2.30559930979776,2.96225300356719,3.28833801715276,1,1,1,1,-60.9508540311321,1.99372611849056,10.7372809782547,3.06184723021698,-61.8352103847907,2.11319587446462,8.61739512526563,1.96625996879687,-62.1286945899793,2.14439356497935,6.66761385644595,0.971081117337839,-62.294787529,2.310486504,5.67327135417086,0.359255174391961,1.04277305755555,0.124046590236324,7.06148720488711,"20-29",5,101,235,"No",209.5,-25.5,30.5
"712_E-2-X","9d4aad66-e271-454a-bb2f-901d96b8bc26","MainAutochamber.201207_E_2_47to50","201207_E2_47-50","MainAutochamber",7,2012,2012-07-20,"2012-07","Fen","Eriophorum Autochamber Site",2,"N 68 21.1982, E 19 02.8005","['https://isogenie-db.asc.ohio-state.edu/images/raw/Carrie_McCalley/2012-07/Eriophorum_Core2_July2012.jpg']","X",47,50,48.5,"20120700_E2X",NA,"712 E-2-X","X",NA,"Below Detection (>235)","5.0",13.1,7.3,NA,NA,5.5,NA,NA,NA,0.168994245,2.13286559,NA,NA,-55.683,-14.93383333,NA,NA,NA,NA,NA,NA,NA,NA,NA,NA,NA,NA,8.283,0.474,-27.6777984,-0.0131055,FALSE,FALSE,20211117,20211117,NA,"QualityFlag__.Biogeochemistry: Some 2011-2012 geochem was copied from Suzanne's geochem sheets, and there are known to be some copying errors. If there is a conflict between this sheet and those ones, Suzanne's sheet is more likely to be correct.","MainAutochamber.201207_E_2_47to50","712_E-2-X",6.3,11.7,8.6,8,15,22,29,50,122,10.35,9.9,10.35,10.2,9.05,8.7,10.425,10.32,10.5681818181818,10.1689655172414,8.666,8.25983606557377,1.64468842033985,1.55664474339615,2.00199575748477,2.30559930979776,2.96225300356719,3.28833801715276,1,1,1,1,-60.9508540311321,1.99372611849056,10.7372809782547,3.06184723021698,-61.8352103847907,2.11319587446462,8.61739512526563,1.96625996879687,-62.1286945899793,2.14439356497935,6.66761385644595,0.971081117337839,-62.294787529,2.310486504,5.67327135417086,0.359255174391961,1.04315199945569,0.0734163924451117,12.620936233657,"40-49",5,101,235,"No",186.5,-48.5,53.5
"712_E-3-S","99fa71a2-e3e4-4eea-a478-f63d5bab6552","MainAutochamber.201207_E_3_1to4","201207_E3_01-04","MainAutochamber",7,2012,2012-07-20,"2012-07","Fen","Eriophorum Autochamber Site",3,"N 68 21.2022, E 19 02.8055","['https://isogenie-db.asc.ohio-state.edu/images/raw/Carrie_McCalley/2012-07/Eriophorum_Core3_July2012.jpg']","S",1,4,2.5,"20120700_E3S",NA,"712 E-3-S","X",NA,"Below Detection (>235)","4.0",11.6,12.7,NA,NA,6,NA,NA,NA,0.040335575,0.827464407,NA,NA,-58.555,-17.73466667,NA,NA,NA,NA,NA,NA,NA,NA,NA,NA,NA,NA,39.321,1.298,-26.66981745,2.325159967,FALSE,FALSE,20211117,20211117,NA,"QualityFlag__.Biogeochemistry: Some 2011-2012 geochem was copied from Suzanne's geochem sheets, and there are known to be some copying errors. If there is a conflict between this sheet and those ones, Suzanne's sheet is more likely to be correct.","MainAutochamber.201207_E_3_1to4","712_E-3-S",6.3,11.7,8.6,8,15,22,29,50,122,10.35,9.9,10.35,10.2,9.05,8.7,10.425,10.32,10.5681818181818,10.1689655172414,8.666,8.25983606557377,1.64468842033985,1.55664474339615,2.00199575748477,2.30559930979776,2.96225300356719,3.28833801715276,0.923076923076923,0.9375,0.931034482758621,0.948717948717949,-60.9508540311321,1.99372611849056,10.7372809782547,3.06184723021698,-61.8352103847907,2.11319587446462,8.61739512526563,1.96625996879687,-62.1286945899793,2.14439356497935,6.66761385644595,0.971081117337839,-62.294787529,2.310486504,5.67327135417086,0.359255174391961,1.04335923323189,0.0464802671544651,20.5145062888034,"0-9",4,101,235,"No",232.5,-2.5,6.5
"712_E-3-M","556a4639-5bdb-4d70-91cc-3067835789b4","MainAutochamber.201207_E_3_5to8","201207_E3_05-08","MainAutochamber",7,2012,2012-07-20,"2012-07","Fen","Eriophorum Autochamber Site",3,"N 68 21.2022, E 19 02.8055","['https://isogenie-db.asc.ohio-state.edu/images/raw/Carrie_McCalley/2012-07/Eriophorum_Core3_July2012.jpg']","M",5,8,6.5,"20120700_E3M",NA,"712 E-3-M",NA,NA,"Below Detection (>235)","4.0",11.6,12.7,NA,NA,5.9,NA,NA,NA,0.080951976,0.995441865,NA,NA,-56.862,-18.13733333,NA,NA,NA,NA,NA,NA,NA,NA,NA,NA,NA,NA,38.743,NA,-27.0047605,NA,FALSE,FALSE,20211117,20211117,NA,"QualityFlag__.Biogeochemistry: Some 2011-2012 geochem was copied from Suzanne's geochem sheets, and there are known to be some copying errors. If there is a conflict between this sheet and those ones, Suzanne's sheet is more likely to be correct.","MainAutochamber.201207_E_3_5to8","712_E-3-M",6.3,11.7,8.6,8,15,22,29,50,122,10.35,9.9,10.35,10.2,9.05,8.7,10.425,10.32,10.5681818181818,10.1689655172414,8.666,8.25983606557377,1.64468842033985,1.55664474339615,2.00199575748477,2.30559930979776,2.96225300356719,3.28833801715276,0.923076923076923,0.9375,0.931034482758621,0.948717948717949,-60.9508540311321,1.99372611849056,10.7372809782547,3.06184723021698,-61.8352103847907,2.11319587446462,8.61739512526563,1.96625996879687,-62.1286945899793,2.14439356497935,6.66761385644595,0.971081117337839,-62.294787529,2.310486504,5.67327135417086,0.359255174391961,1.04105938544518,0.0752066510570084,12.2966963153562,"0-9",4,101,235,"No",228.5,-6.5,10.5
"712_E-3-D","8df5ce3b-c597-40c2-aa2c-9c9f232b1fbe","MainAutochamber.201207_E_3_24to27","201207_E3_24-27","MainAutochamber",7,2012,2012-07-20,"2012-07","Fen","Eriophorum Autochamber Site",3,"N 68 21.2022, E 19 02.8055","['https://isogenie-db.asc.ohio-state.edu/images/raw/Carrie_McCalley/2012-07/Eriophorum_Core3_July2012.jpg']","D",24,27,25.5,"20120700_E3D",NA,"712 E-3-D",NA,NA,"Below Detection (>235)","4.0",11.6,12.2,NA,NA,5.9,NA,NA,NA,0.10860954,1.291257672,NA,NA,-54.11655556,-17.69053333,NA,NA,NA,NA,NA,NA,NA,NA,NA,NA,NA,NA,42.469,0.985,-24.665219,-0.199684667,FALSE,FALSE,20211117,20211117,NA,"QualityFlag__.Biogeochemistry: Some 2011-2012 geochem was copied from Suzanne's geochem sheets, and there are known to be some copying errors. If there is a conflict between this sheet and those ones, Suzanne's sheet is more likely to be correct.","MainAutochamber.201207_E_3_24to27","712_E-3-D",6.3,11.7,8.6,8,15,22,29,50,122,10.35,9.9,10.35,10.2,9.05,8.7,10.425,10.32,10.5681818181818,10.1689655172414,8.666,8.25983606557377,1.64468842033985,1.55664474339615,2.00199575748477,2.30559930979776,2.96225300356719,3.28833801715276,1,1,1,1,-60.9508540311321,1.99372611849056,10.7372809782547,3.06184723021698,-61.8352103847907,2.11319587446462,8.61739512526563,1.96625996879687,-62.1286945899793,2.14439356497935,6.66761385644595,0.971081117337839,-62.294787529,2.310486504,5.67327135417086,0.359255174391961,1.03851005369014,0.0775856017406314,11.8889894202664,"20-29",4,101,235,"No",209.5,-25.5,29.5
"712_E-3-X","3734a20c-6a01-451c-9f89-f5c9e6dce6a0","MainAutochamber.201207_E_3_44to47","201207_E3_44-47","MainAutochamber",7,2012,2012-07-20,"2012-07","Fen","Eriophorum Autochamber Site",3,"N 68 21.2022, E 19 02.8055","['https://isogenie-db.asc.ohio-state.edu/images/raw/Carrie_McCalley/2012-07/Eriophorum_Core3_July2012.jpg']","X",44,47,45.5,"20120700_E3X",NA,"712 E-3-X",NA,NA,"Below Detection (>235)","4.0",11.6,10.4,NA,NA,5.9,NA,NA,NA,NA,NA,NA,NA,NA,NA,NA,NA,NA,NA,NA,NA,NA,NA,NA,NA,NA,NA,12.654,0.724,-27.47372445,0.71242125,NA,NA,20211117,20211117,NA,NA,"MainAutochamber.201207_E_3_44to47","712_E-3-X",6.3,11.7,8.6,8,15,22,29,50,122,10.35,9.9,10.35,10.2,9.05,8.7,10.425,10.32,10.5681818181818,10.1689655172414,8.666,8.25983606557377,1.64468842033985,1.55664474339615,2.00199575748477,2.30559930979776,2.96225300356719,3.28833801715276,1,1,1,1,-60.9508540311321,1.99372611849056,10.7372809782547,3.06184723021698,-61.8352103847907,2.11319587446462,8.61739512526563,1.96625996879687,-62.1286945899793,2.14439356497935,6.66761385644595,0.971081117337839,-62.294787529,2.310486504,5.67327135417086,0.359255174391961,NA,NA,NA,"40-49",4,101,235,"No",189.5,-45.5,49.5
"712_P-1-S","d7ca52c3-2e8f-44eb-97b2-6f7de2dae941","MainAutochamber.201207_P_1_1to4","201207_P1_01-04","MainAutochamber",7,2012,2012-07-20,"2012-07","Palsa","Palsa Autochamber Site",1,"N 68 21.2067, E 19 02.8396","['https://isogenie-db.asc.ohio-state.edu/images/raw/Carrie_McCalley/2012-07/Palsa_Core1_July2012.jpg']","S",1,4,2.5,"20120700_P1S",NA,"712 P-1-S",NA,NA,"37.0","Not Detected",12.4,8.3,NA,NA,NA,NA,NA,NA,NA,NA,0,0.100017361,NA,-16.3715,NA,NA,NA,NA,NA,NA,NA,NA,NA,NA,NA,NA,47.58,0.752,-26.60801,-1.1732275,NA,NA,20211117,20211117,NA,NA,"MainAutochamber.201207_P_1_1to4","712_P-1-S",6.3,11.7,8.6,8,15,22,29,50,122,10.35,9.9,10.35,10.2,9.05,8.7,10.425,10.32,10.5681818181818,10.1689655172414,8.666,8.25983606557377,1.64468842033985,1.55664474339615,2.00199575748477,2.30559930979776,2.96225300356719,3.28833801715276,0,0,0,0,NA,NA,0.0134793296792453,0.00824358697515163,NA,NA,0.00779488564019216,0.00695633159124198,NA,NA,0.00589290384323639,0.00465118437616798,NA,NA,0.00703156802953878,0.00224955121622247,NA,NA,NA,"0-9",NA,37,37,NA,34.5,-2.5,NA
"712_P-1-M","96eb386b-500a-4fc2-896c-4873caa7f78c","MainAutochamber.201207_P_1_16to19","201207_P1_16-19","MainAutochamber",7,2012,2012-07-20,"2012-07","Palsa","Palsa Autochamber Site",1,"N 68 21.2067, E 19 02.8396","['https://isogenie-db.asc.ohio-state.edu/images/raw/Carrie_McCalley/2012-07/Palsa_Core1_July2012.jpg']","M",16,19,17.5,"20120700_P1M",NA,"712 P-1-M",NA,NA,"37.0","Not Detected",12.4,5.8,NA,NA,NA,NA,NA,NA,NA,NA,0,0.264903125,NA,-19.8145,NA,NA,NA,NA,NA,NA,NA,NA,NA,NA,NA,NA,45.039,1.069,-26.32962,3.052505,NA,NA,20211117,20211117,NA,NA,"MainAutochamber.201207_P_1_16to19","712_P-1-M",6.3,11.7,8.6,8,15,22,29,50,122,10.35,9.9,10.35,10.2,9.05,8.7,10.425,10.32,10.5681818181818,10.1689655172414,8.666,8.25983606557377,1.64468842033985,1.55664474339615,2.00199575748477,2.30559930979776,2.96225300356719,3.28833801715276,0,0,0,0,NA,NA,0.0134793296792453,0.00824358697515163,NA,NA,0.00779488564019216,0.00695633159124198,NA,NA,0.00589290384323639,0.00465118437616798,NA,NA,0.00703156802953878,0.00224955121622247,NA,NA,NA,"10-19",NA,37,37,NA,19.5,-17.5,NA
"712_P-1-D","e82a814e-6229-478b-b037-32419cbb23dc","MainAutochamber.201207_P_1_32to35","201207_P1_32-35","MainAutochamber",7,2012,2012-07-20,"2012-07","Palsa","Palsa Autochamber Site",1,"N 68 21.2067, E 19 02.8396","['https://isogenie-db.asc.ohio-state.edu/images/raw/Carrie_McCalley/2012-07/Palsa_Core1_July2012.jpg']","D",32,35,33.5,"20120700_P1D",NA,"712 P-1-D",NA,NA,"37.0","Not Detected",12.4,1.1,NA,NA,NA,NA,NA,NA,NA,NA,NA,NA,NA,NA,NA,NA,NA,NA,NA,NA,NA,NA,NA,NA,NA,NA,26.72,1.725,-28.08241,0.4277342,NA,NA,20211117,20211117,"Notes: could not pull pore gas from deep",NA,"MainAutochamber.201207_P_1_32to35","712_P-1-D",6.3,11.7,8.6,8,15,22,29,50,122,10.35,9.9,10.35,10.2,9.05,8.7,10.425,10.32,10.5681818181818,10.1689655172414,8.666,8.25983606557377,1.64468842033985,1.55664474339615,2.00199575748477,2.30559930979776,2.96225300356719,3.28833801715276,0,0,0,0,NA,NA,0.0134793296792453,0.00824358697515163,NA,NA,0.00779488564019216,0.00695633159124198,NA,NA,0.00589290384323639,0.00465118437616798,NA,NA,0.00703156802953878,0.00224955121622247,NA,NA,NA,"30-39",NA,37,37,NA,3.5,-33.5,NA
"712_P-2-S","cfdc2377-e2d2-4ca5-868c-a217eed5c022","MainAutochamber.201207_P_2_1to4","201207_P2_01-04","MainAutochamber",7,2012,2012-07-20,"2012-07","Palsa","Palsa Autochamber Site",2,"N 68 21.2116, E 19 02.8408","['https://isogenie-db.asc.ohio-state.edu/images/raw/Carrie_McCalley/2012-07/Palsa_Core2_July2012.jpg']","S",1,4,2.5,"20120700_P2S",NA,"712 P-2-S",NA,NA,"40.0","Not Detected",12.4,10.9,NA,NA,NA,NA,NA,NA,NA,NA,0,0.10873316,NA,-16.556,NA,NA,NA,NA,NA,NA,NA,NA,NA,NA,NA,NA,42.658,0.668,-27.32775,-0.4766063,NA,NA,20211117,20211117,NA,NA,"MainAutochamber.201207_P_2_1to4","712_P-2-S",6.3,11.7,8.6,8,15,22,29,50,122,10.35,9.9,10.35,10.2,9.05,8.7,10.425,10.32,10.5681818181818,10.1689655172414,8.666,8.25983606557377,1.64468842033985,1.55664474339615,2.00199575748477,2.30559930979776,2.96225300356719,3.28833801715276,0,0,0,0,NA,NA,0.0134793296792453,0.00824358697515163,NA,NA,0.00779488564019216,0.00695633159124198,NA,NA,0.00589290384323639,0.00465118437616798,NA,NA,0.00703156802953878,0.00224955121622247,NA,NA,NA,"0-9",NA,40,40,NA,37.5,-2.5,NA
"712_P-2-M","95896dc9-fc3f-4557-996a-26d402ac3709","MainAutochamber.201207_P_2_18to21","201207_P2_18-21","MainAutochamber",7,2012,2012-07-20,"2012-07","Palsa","Palsa Autochamber Site",2,"N 68 21.2116, E 19 02.8408","['https://isogenie-db.asc.ohio-state.edu/images/raw/Carrie_McCalley/2012-07/Palsa_Core2_July2012.jpg']","M",18,21,19.5,"20120700_P2M",NA,"712 P-2-M",NA,NA,"40.0","Not Detected",12.4,6.4,NA,NA,NA,NA,NA,NA,NA,NA,0,0.261759722,NA,-19.1605,NA,NA,NA,NA,NA,NA,NA,NA,NA,NA,NA,NA,45.57,1.039,-26.53138,0.22974495,NA,NA,20211117,20211117,NA,NA,"MainAutochamber.201207_P_2_18to21","712_P-2-M",6.3,11.7,8.6,8,15,22,29,50,122,10.35,9.9,10.35,10.2,9.05,8.7,10.425,10.32,10.5681818181818,10.1689655172414,8.666,8.25983606557377,1.64468842033985,1.55664474339615,2.00199575748477,2.30559930979776,2.96225300356719,3.28833801715276,0,0,0,0,NA,NA,0.0134793296792453,0.00824358697515163,NA,NA,0.00779488564019216,0.00695633159124198,NA,NA,0.00589290384323639,0.00465118437616798,NA,NA,0.00703156802953878,0.00224955121622247,NA,NA,NA,"10-19",NA,40,40,NA,20.5,-19.5,NA
"712_P-2-D","f22f8236-5613-4206-81f6-febb2632ccea","MainAutochamber.201207_P_2_35to38","201207_P2_35-38","MainAutochamber",7,2012,2012-07-20,"2012-07","Palsa","Palsa Autochamber Site",2,"N 68 21.2116, E 19 02.8408","['https://isogenie-db.asc.ohio-state.edu/images/raw/Carrie_McCalley/2012-07/Palsa_Core2_July2012.jpg']","D",35,38,36.5,"20120700_P2D",NA,"712 P-2-D",NA,NA,"40.0","Not Detected",12.4,1.2,NA,NA,NA,NA,NA,NA,NA,NA,0,1.098190625,NA,-21.4105,NA,NA,NA,NA,NA,NA,NA,NA,NA,NA,NA,NA,40.972,1.683,-26.45863,1.80414675,NA,NA,20211117,20211117,NA,NA,"MainAutochamber.201207_P_2_35to38","712_P-2-D",6.3,11.7,8.6,8,15,22,29,50,122,10.35,9.9,10.35,10.2,9.05,8.7,10.425,10.32,10.5681818181818,10.1689655172414,8.666,8.25983606557377,1.64468842033985,1.55664474339615,2.00199575748477,2.30559930979776,2.96225300356719,3.28833801715276,0,0,0,0,NA,NA,0.0134793296792453,0.00824358697515163,NA,NA,0.00779488564019216,0.00695633159124198,NA,NA,0.00589290384323639,0.00465118437616798,NA,NA,0.00703156802953878,0.00224955121622247,NA,NA,NA,"30-39",NA,40,40,NA,3.5,-36.5,NA
"712_P-3-S","0236e0cf-e3d1-4129-9fa2-1b8d36407245","MainAutochamber.201207_P_3_1to4","201207_P3_01-04","MainAutochamber",7,2012,2012-07-20,"2012-07","Palsa","Palsa Autochamber Site",3,"N 68 21.2077, E 19 02.8330","['https://isogenie-db.asc.ohio-state.edu/images/raw/Carrie_McCalley/2012-07/Palsa_Core3_July2012.jpg']","S",1,4,2.5,"20120700_P3S",NA,"712 P-3-S",NA,NA,"33.0","Not Detected",12.8,8.9,NA,NA,NA,NA,NA,NA,NA,NA,0,0.080871181,NA,-15.1835,NA,NA,NA,NA,NA,NA,NA,NA,NA,NA,NA,NA,45.169,1.016,-26.3917,-0.2717511,NA,NA,20211117,20211117,NA,NA,"MainAutochamber.201207_P_3_1to4","712_P-3-S",6.3,11.7,8.6,8,15,22,29,50,122,10.35,9.9,10.35,10.2,9.05,8.7,10.425,10.32,10.5681818181818,10.1689655172414,8.666,8.25983606557377,1.64468842033985,1.55664474339615,2.00199575748477,2.30559930979776,2.96225300356719,3.28833801715276,0,0,0,0,NA,NA,0.0134793296792453,0.00824358697515163,NA,NA,0.00779488564019216,0.00695633159124198,NA,NA,0.00589290384323639,0.00465118437616798,NA,NA,0.00703156802953878,0.00224955121622247,NA,NA,NA,"0-9",NA,33,33,NA,30.5,-2.5,NA
"712_P-3-M","6d8e280a-9ac0-4e1e-b54d-40811241754c","MainAutochamber.201207_P_3_15to18","201207_P3_15-18","MainAutochamber",7,2012,2012-07-20,"2012-07","Palsa","Palsa Autochamber Site",3,"N 68 21.2077, E 19 02.8330","['https://isogenie-db.asc.ohio-state.edu/images/raw/Carrie_McCalley/2012-07/Palsa_Core3_July2012.jpg']","M",15,18,16.5,"20120700_P3M",NA,"712 P-3-M",NA,NA,"33.0","Not Detected",12.8,6.1,NA,NA,NA,NA,NA,NA,NA,NA,0,0.151026215,NA,-18.151,NA,NA,NA,NA,NA,NA,NA,NA,NA,NA,NA,NA,44.227,0.999,-26.28888,1.7067238,NA,NA,20211117,20211117,NA,NA,"MainAutochamber.201207_P_3_15to18","712_P-3-M",6.3,11.7,8.6,8,15,22,29,50,122,10.35,9.9,10.35,10.2,9.05,8.7,10.425,10.32,10.5681818181818,10.1689655172414,8.666,8.25983606557377,1.64468842033985,1.55664474339615,2.00199575748477,2.30559930979776,2.96225300356719,3.28833801715276,0,0,0,0,NA,NA,0.0134793296792453,0.00824358697515163,NA,NA,0.00779488564019216,0.00695633159124198,NA,NA,0.00589290384323639,0.00465118437616798,NA,NA,0.00703156802953878,0.00224955121622247,NA,NA,NA,"10-19",NA,33,33,NA,16.5,-16.5,NA
"712_P-3-D","1b65fa38-761d-45e8-a7af-ab3ef0f67cf8","MainAutochamber.201207_P_3_30to33","201207_P3_30-33","MainAutochamber",7,2012,2012-07-20,"2012-07","Palsa","Palsa Autochamber Site",3,"N 68 21.2077, E 19 02.8330","['https://isogenie-db.asc.ohio-state.edu/images/raw/Carrie_McCalley/2012-07/Palsa_Core3_July2012.jpg']","D",30,33,31.5,"20120700_P3D",NA,"712 P-3-D",NA,NA,"33.0","Not Detected",12.8,0.8,NA,NA,NA,NA,NA,NA,NA,NA,0,0.217752083,NA,-19.419,NA,NA,NA,NA,NA,NA,NA,NA,NA,NA,NA,NA,13.721,0.923,-27.765705,0.900586875,NA,NA,20211117,20211117,NA,NA,"MainAutochamber.201207_P_3_30to33","712_P-3-D",6.3,11.7,8.6,8,15,22,29,50,122,10.35,9.9,10.35,10.2,9.05,8.7,10.425,10.32,10.5681818181818,10.1689655172414,8.666,8.25983606557377,1.64468842033985,1.55664474339615,2.00199575748477,2.30559930979776,2.96225300356719,3.28833801715276,0,0,0,0,NA,NA,0.0134793296792453,0.00824358697515163,NA,NA,0.00779488564019216,0.00695633159124198,NA,NA,0.00589290384323639,0.00465118437616798,NA,NA,0.00703156802953878,0.00224955121622247,NA,NA,NA,"30-39",NA,33,33,NA,1.5,-31.5,NA
"712_S-1-S","df9b4f27-fdbe-4ae9-afc9-be37c7942018","MainAutochamber.201207_S_1_1to4","201207_S1_01-04","MainAutochamber",7,2012,2012-07-20,"2012-07","Bog","Sphagnum Autochamber Site",1,"N 68 21.1978, E 19 02.8539","['https://isogenie-db.asc.ohio-state.edu/images/raw/Carrie_McCalley/2012-07/Sphagnum_Core1_July2012.jpg']","S",1,4,2.5,"20120700_S1S",NA,"712 S-1-S","X","X","135.0","0.0",12.6,10.7,NA,NA,4,NA,NA,NA,0.030259624,0.663058746,NA,NA,-68.0605,-18.48625,-315.63,-87.00777955,-12.18088272,5.786045931,0.070539161,NA,NA,NA,0.3,NA,2.2,0.707818991,44.424,0.454,-25.21315,-0.4878281,FALSE,FALSE,20211117,20211117,NA,"notes_Suzanne: (note 1) If no water could be pulled below 33cm, then I don't understand why there are still pH values throughout this profile and vials labelled S1? (note 2) Acidified for DOC. If no water could be pulled below 33cm, then I don't understand why there are still pH values throughout this profile and vials labelled S1? | QualityFlag__.Biogeochemistry: Some 2011-2012 geochem was copied from Suzanne's geochem sheets, and there are known to be some copying errors. If there is a conflict between this sheet and those ones, Suzanne's sheet is more likely to be correct.","MainAutochamber.201207_S_1_1to4","712_S-1-S",6.3,11.7,8.6,8,15,22,29,50,122,10.35,9.9,10.35,10.2,9.05,8.7,10.425,10.32,10.5681818181818,10.1689655172414,8.666,8.25983606557377,1.64468842033985,1.55664474339615,2.00199575748477,2.30559930979776,2.96225300356719,3.28833801715276,0.307692307692308,0.25,0.333333333333333,0.4,-64.9763346248169,0.463791667170109,1.59604348763583,0.252186456063249,-65.7883987221003,0.204414896823435,1.30778110836896,0.239011968944457,-65.9495333433316,0.280469704808928,1.03216605651818,0.168360033953479,-66.7661682153868,0.697248922396425,0.934889032175929,0.137114731165716,1.05319470845479,0.043644630388201,21.912326009074,"0-9",0,135,135,NA,132.5,-2.5,2.5
"712_S-1-M","8d718615-0fa9-4cd2-9787-3f06de33d32c","MainAutochamber.201207_S_1_5to8","201207_S1_05-08","MainAutochamber",7,2012,2012-07-20,"2012-07","Bog","Sphagnum Autochamber Site",1,"N 68 21.1978, E 19 02.8539","['https://isogenie-db.asc.ohio-state.edu/images/raw/Carrie_McCalley/2012-07/Sphagnum_Core1_July2012.jpg']","M",5,8,6.5,"20120700_S1M",NA,"712 S-1-M","X","X","135.0","0.0",12.6,9.5,NA,NA,4.2,NA,NA,NA,0.095219231,1.785909135,NA,NA,-65.025,-16.06425,NA,-87.60225265,-12.52983165,5.266869709,0.071483695,NA,NA,NA,0.25,NA,0,1.370756908,41.864,0.549,-25.06086,-1.04708175,FALSE,FALSE,20211117,20211117,NA,"notes_Suzanne: (note 1) If no water could be pulled below 33cm, then I don't understand why there are still pH values throughout this profile and vials labelled S1? (note 2) Acidified for DOC. If no water could be pulled below 33cm, then I don't understand why there are still pH values throughout this profile and vials labelled S1? | QualityFlag__.Biogeochemistry: Some 2011-2012 geochem was copied from Suzanne's geochem sheets, and there are known to be some copying errors. If there is a conflict between this sheet and those ones, Suzanne's sheet is more likely to be correct.","MainAutochamber.201207_S_1_5to8","712_S-1-M",6.3,11.7,8.6,8,15,22,29,50,122,10.35,9.9,10.35,10.2,9.05,8.7,10.425,10.32,10.5681818181818,10.1689655172414,8.666,8.25983606557377,1.64468842033985,1.55664474339615,2.00199575748477,2.30559930979776,2.96225300356719,3.28833801715276,0.461538461538462,0.5625,0.766666666666667,0.825,-64.9763346248169,0.463791667170109,1.59604348763583,0.252186456063249,-65.7883987221003,0.204414896823435,1.30778110836896,0.239011968944457,-65.9495333433316,0.280469704808928,1.03216605651818,0.168360033953479,-66.7661682153868,0.697248922396425,0.934889032175929,0.137114731165716,1.05236583865879,0.0506181463854445,18.7557609554734,"0-9",0,135,135,NA,128.5,-6.5,6.5
"712_S-1-D","5f69e160-100b-40b3-802e-da4ef3c76020","MainAutochamber.201207_S_1_11to14","201207_S1_11-14","MainAutochamber",7,2012,2012-07-20,"2012-07","Bog","Sphagnum Autochamber Site",1,"N 68 21.1978, E 19 02.8539","['https://isogenie-db.asc.ohio-state.edu/images/raw/Carrie_McCalley/2012-07/Sphagnum_Core1_July2012.jpg']","D",11,14,12.5,"20120700_S1D",NA,"712 S-1-D","X","X","135.0","0.0",12.6,9.3,NA,NA,4.3,NA,NA,NA,0.144318506,2.276787021,NA,NA,-62.4725,-14.49425,-319.571,-87.45555731,-12.53497187,5.270330884,0.071933996,NA,NA,NA,0.3,NA,0,1.444248498,42.116,0.884,-24.37313,-0.09634005,FALSE,FALSE,20211117,20211117,NA,"notes_Suzanne: (note 1) Acidified for DOC. If no water could be pulled below 33cm, then I don't understand why there are still pH values throughout this profile and vials labelled S1? (note 2) If no water could be pulled below 33cm, then I don't understand why there are still pH values throughout this profile and vials labelled S1? | QualityFlag__.Biogeochemistry: Some 2011-2012 geochem was copied from Suzanne's geochem sheets, and there are known to be some copying errors. If there is a conflict between this sheet and those ones, Suzanne's sheet is more likely to be correct.","MainAutochamber.201207_S_1_11to14","712_S-1-D",6.3,11.7,8.6,8,15,22,29,50,122,10.35,9.9,10.35,10.2,9.05,8.7,10.425,10.32,10.5681818181818,10.1689655172414,8.666,8.25983606557377,1.64468842033985,1.55664474339615,2.00199575748477,2.30559930979776,2.96225300356719,3.28833801715276,1,1,1,1,-64.9763346248169,0.463791667170109,1.59604348763583,0.252186456063249,-65.7883987221003,0.204414896823435,1.30778110836896,0.239011968944457,-65.9495333433316,0.280469704808928,1.03216605651818,0.168360033953479,-66.7661682153868,0.697248922396425,0.934889032175929,0.137114731165716,1.0511752988579,0.0596085153623294,15.7761265973748,"10-19",0,135,135,NA,122.5,-12.5,12.5
"712_S-1-X","3a29f894-8c80-4d63-833e-fa54d449308e","MainAutochamber.201207_S_1_30to33","201207_S1_30-33","MainAutochamber",7,2012,2012-07-20,"2012-07","Bog","Sphagnum Autochamber Site",1,"N 68 21.1978, E 19 02.8539","['https://isogenie-db.asc.ohio-state.edu/images/raw/Carrie_McCalley/2012-07/Sphagnum_Core1_July2012.jpg']","X",30,33,31.5,"20120700_S1X",NA,"712 S-1-X","X","X","135.0","0.0",12.6,4.3,NA,NA,4.3,NA,NA,NA,0.337086234,3.164295786,NA,NA,-73.231,-5.95525,-266.678,-87.93244498,-11.8681837,5.488384897,0.085552867,NA,NA,NA,0,NA,0,6.853784542,45.154,1.292,-24.69129,0.64985405,FALSE,FALSE,20211117,20211117,NA,"notes_Suzanne: (note 1) Acidified for DOC. If no water could be pulled below 33cm, then I don't understand why there are still pH values throughout this profile and vials labelled S1? (note 2) If no water could be pulled below 33cm, then I don't understand why there are still pH values throughout this profile and vials labelled S1? | QualityFlag__.Biogeochemistry: Some 2011-2012 geochem was copied from Suzanne's geochem sheets, and there are known to be some copying errors. If there is a conflict between this sheet and those ones, Suzanne's sheet is more likely to be correct.","MainAutochamber.201207_S_1_30to33","712_S-1-X",6.3,11.7,8.6,8,15,22,29,50,122,10.35,9.9,10.35,10.2,9.05,8.7,10.425,10.32,10.5681818181818,10.1689655172414,8.666,8.25983606557377,1.64468842033985,1.55664474339615,2.00199575748477,2.30559930979776,2.96225300356719,3.28833801715276,1,1,1,1,-64.9763346248169,0.463791667170109,1.59604348763583,0.252186456063249,-65.7883987221003,0.204414896823435,1.30778110836896,0.239011968944457,-65.9495333433316,0.280469704808928,1.03216605651818,0.168360033953479,-66.7661682153868,0.697248922396425,0.934889032175929,0.137114731165716,1.07259171379276,0.0962723382009027,9.38719967425309,"30-39",0,135,135,NA,103.5,-31.5,31.5
"712_S-2-D","4b7e94c6-0f43-416b-be5c-dbf963aa183a","MainAutochamber.201207_S_2_11to14","201207_S2_11-14","MainAutochamber",7,2012,2012-07-20,"2012-07","Bog","Sphagnum Autochamber Site",2,"N 68 21.1962, E 19 02.8503","['https://isogenie-db.asc.ohio-state.edu/images/raw/Carrie_McCalley/2012-07/Sphagnum_Core2_July2012.jpg']","D",11,14,12.5,"20120700_S2D",NA,"712 S-2-D","X","X","45.0","3.0",11.8,8.1,NA,NA,4.1,NA,NA,NA,0.108595351,2.539136521,NA,NA,-61.658,-13.80075,NA,NA,NA,NA,NA,NA,NA,NA,NA,NA,NA,NA,41.795,0.941,-24.27516,-0.3191965,FALSE,FALSE,20211117,20211117,NA,"QualityFlag__.Biogeochemistry: Some 2011-2012 geochem was copied from Suzanne's geochem sheets, and there are known to be some copying errors. If there is a conflict between this sheet and those ones, Suzanne's sheet is more likely to be correct.","MainAutochamber.201207_S_2_11to14","712_S-2-D",6.3,11.7,8.6,8,15,22,29,50,122,10.35,9.9,10.35,10.2,9.05,8.7,10.425,10.32,10.5681818181818,10.1689655172414,8.666,8.25983606557377,1.64468842033985,1.55664474339615,2.00199575748477,2.30559930979776,2.96225300356719,3.28833801715276,1,1,1,1,-64.9763346248169,0.463791667170109,1.59604348763583,0.252186456063249,-65.7883987221003,0.204414896823435,1.30778110836896,0.239011968944457,-65.9495333433316,0.280469704808928,1.03216605651818,0.168360033953479,-66.7661682153868,0.697248922396425,0.934889032175929,0.137114731165716,1.05100192680281,0.0410144819225865,23.3816318803555,"10-19",3,45,45,NA,32.5,-12.5,15.5
"712_S-2-X","5f33ac37-0291-4f93-90e4-86ebe895d351","MainAutochamber.201207_S_2_30to33","201207_S2_30-33","MainAutochamber",7,2012,2012-07-20,"2012-07","Bog","Sphagnum Autochamber Site",2,"N 68 21.1962, E 19 02.8503","['https://isogenie-db.asc.ohio-state.edu/images/raw/Carrie_McCalley/2012-07/Sphagnum_Core2_July2012.jpg']","X",30,33,31.5,"20120700_S2X",NA,"712 S-2-X",NA,NA,"45.0","3.0",11.8,3.9,NA,NA,4.2,NA,NA,NA,0.308402368,3.396145342,NA,NA,-70.9825,-6.25925,NA,NA,NA,NA,NA,NA,NA,NA,NA,NA,NA,NA,48.041,1.261,-25.90185,0.31355845,FALSE,FALSE,20211117,20211117,NA,"QualityFlag__.Biogeochemistry: Some 2011-2012 geochem was copied from Suzanne's geochem sheets, and there are known to be some copying errors. If there is a conflict between this sheet and those ones, Suzanne's sheet is more likely to be correct.","MainAutochamber.201207_S_2_30to33","712_S-2-X",6.3,11.7,8.6,8,15,22,29,50,122,10.35,9.9,10.35,10.2,9.05,8.7,10.425,10.32,10.5681818181818,10.1689655172414,8.666,8.25983606557377,1.64468842033985,1.55664474339615,2.00199575748477,2.30559930979776,2.96225300356719,3.28833801715276,1,1,1,1,-64.9763346248169,0.463791667170109,1.59604348763583,0.252186456063249,-65.7883987221003,0.204414896823435,1.30778110836896,0.239011968944457,-65.9495333433316,0.280469704808928,1.03216605651818,0.168360033953479,-66.7661682153868,0.697248922396425,0.934889032175929,0.137114731165716,1.06966849386583,0.083249668284067,11.0120598749748,"30-39",3,45,45,NA,13.5,-31.5,34.5
"712_S-3-S","a8797759-ddc0-4e63-ac57-cf8752dad167","MainAutochamber.201207_S_3_1to4","201207_S3_01-04","MainAutochamber",7,2012,2012-07-20,"2012-07","Bog","Sphagnum Autochamber Site",3,"N 68 21.2006, E 19 02.8536","['https://isogenie-db.asc.ohio-state.edu/images/raw/Carrie_McCalley/2012-07/Sphagnum_Core3_July2012.jpg']","S",1,4,2.5,"20120700_S3S",NA,"712 S-3-S","X",NA,"Below Detection (>160)","0.0",11.6,11.8,NA,NA,4,NA,NA,NA,0,0.318783152,NA,NA,NA,-19.60375,NA,NA,NA,NA,NA,NA,NA,NA,NA,NA,NA,NA,42.586,0.566,-25.95714,-1.1785866,FALSE,FALSE,20211117,20211117,"Notes: ALD probe hits firm substrate at about 1m, dont want to probe deeper for fear of breaking probe","QualityFlag__.Biogeochemistry: Some 2011-2012 geochem was copied from Suzanne's geochem sheets, and there are known to be some copying errors. If there is a conflict between this sheet and those ones, Suzanne's sheet is more likely to be correct.","MainAutochamber.201207_S_3_1to4","712_S-3-S",6.3,11.7,8.6,8,15,22,29,50,122,10.35,9.9,10.35,10.2,9.05,8.7,10.425,10.32,10.5681818181818,10.1689655172414,8.666,8.25983606557377,1.64468842033985,1.55664474339615,2.00199575748477,2.30559930979776,2.96225300356719,3.28833801715276,0.307692307692308,0.25,0.333333333333333,0.4,-64.9763346248169,0.463791667170109,1.59604348763583,0.252186456063249,-65.7883987221003,0.204414896823435,1.30778110836896,0.239011968944457,-65.9495333433316,0.280469704808928,1.03216605651818,0.168360033953479,-66.7661682153868,0.697248922396425,0.934889032175929,0.137114731165716,NA,0,Inf,"0-9",0,101,160,"No",157.5,-2.5,2.5
"712_S-3-D","ef9d6dba-13d2-4b91-a5e4-2c46fff13ee0","MainAutochamber.201207_S_3_11to14","201207_S3_11-14","MainAutochamber",7,2012,2012-07-20,"2012-07","Bog","Sphagnum Autochamber Site",3,"N 68 21.2006, E 19 02.8536","['https://isogenie-db.asc.ohio-state.edu/images/raw/Carrie_McCalley/2012-07/Sphagnum_Core3_July2012.jpg']","D",11,14,12.5,"20120700_S3D",NA,"712 S-3-D",NA,"X","Below Detection (>160)","0.0",11.6,9.1,NA,NA,4.1,NA,NA,NA,0.075078961,1.590479118,NA,NA,-58.9135,-17.25025,NA,NA,NA,NA,NA,NA,NA,NA,NA,NA,NA,NA,45.111,0.753,-24.3312184,-0.39416,FALSE,FALSE,20211117,20211117,NA,"QualityFlag__.Biogeochemistry: Some 2011-2012 geochem was copied from Suzanne's geochem sheets, and there are known to be some copying errors. If there is a conflict between this sheet and those ones, Suzanne's sheet is more likely to be correct.","MainAutochamber.201207_S_3_11to14","712_S-3-D",6.3,11.7,8.6,8,15,22,29,50,122,10.35,9.9,10.35,10.2,9.05,8.7,10.425,10.32,10.5681818181818,10.1689655172414,8.666,8.25983606557377,1.64468842033985,1.55664474339615,2.00199575748477,2.30559930979776,2.96225300356719,3.28833801715276,1,1,1,1,-64.9763346248169,0.463791667170109,1.59604348763583,0.252186456063249,-65.7883987221003,0.204414896823435,1.30778110836896,0.239011968944457,-65.9495333433316,0.280469704808928,1.03216605651818,0.168360033953479,-66.7661682153868,0.697248922396425,0.934889032175929,0.137114731165716,1.04427143519751,0.045077359923154,21.1840853524864,"10-19",0,101,160,"No",147.5,-12.5,12.5
"712_S-3-X","0c4cbc52-1dc8-4bbb-812d-a255943eeef4","MainAutochamber.201207_S_3_30to33","201207_S3_30-33","MainAutochamber",7,2012,2012-07-20,"2012-07","Bog","Sphagnum Autochamber Site",3,"N 68 21.2006, E 19 02.8536","['https://isogenie-db.asc.ohio-state.edu/images/raw/Carrie_McCalley/2012-07/Sphagnum_Core3_July2012.jpg']","X",30,33,31.5,"20120700_S3X",NA,"712 S-3-X","X",NA,"Below Detection (>160)","0.0",11.6,6.7,NA,NA,4.2,NA,NA,NA,0.553301219,3.652466489,NA,NA,-62.269,-7.72975,NA,NA,NA,NA,NA,NA,NA,NA,NA,NA,NA,NA,42.503,1.241,-25.25001,0.77882185,FALSE,FALSE,20211117,20211117,NA,"QualityFlag__.Biogeochemistry: Some 2011-2012 geochem was copied from Suzanne's geochem sheets, and there are known to be some copying errors. If there is a conflict between this sheet and those ones, Suzanne's sheet is more likely to be correct.","MainAutochamber.201207_S_3_30to33","712_S-3-X",6.3,11.7,8.6,8,15,22,29,50,122,10.35,9.9,10.35,10.2,9.05,8.7,10.425,10.32,10.5681818181818,10.1689655172414,8.666,8.25983606557377,1.64468842033985,1.55664474339615,2.00199575748477,2.30559930979776,2.96225300356719,3.28833801715276,1,1,1,1,-64.9763346248169,0.463791667170109,1.59604348763583,0.252186456063249,-65.7883987221003,0.204414896823435,1.30778110836896,0.239011968944457,-65.9495333433316,0.280469704808928,1.03216605651818,0.168360033953479,-66.7661682153868,0.697248922396425,0.934889032175929,0.137114731165716,1.05816086916184,0.13155772201768,6.6012261740562,"30-39",0,101,160,"No",128.5,-31.5,31.5
"713_E-1-S","40c68bbb-f0c5-4093-8e45-6c1b6b358fc7","MainAutochamber.201307_E_1_1to5","201307_E1_01-05","MainAutochamber",7,2013,2013-07-24,"2013-07","Fen","Eriophorum Autochamber Site",1,"N 68 21.2006, E 19 02.8094",NA,"S",1,5,3,"20130700_E1S",NA,"713 E-1-S",NA,NA,"Not Measured","0.0",NA,11.6,NA,NA,5.3,NA,NA,NA,0.0782343893131168,1.78953239859157,NA,NA,-56.5,-13,NA,NA,NA,NA,NA,NA,NA,NA,NA,NA,NA,NA,NA,NA,NA,NA,NA,NA,20211117,20211117,"Notes_coring: Start Sampling 16:25 | Notes_porewater: Air Temp 28C 4:55pm | QualityFlag__.DepthInfo: Water table depth (WTD) note: The WTD sign convention for this field campaign was ambiguous, and/or the WTD signs for some of the sites were questionable. The originally-recorded WTDs are in the column ""Water_Table_Depth_WTD.cm"", and the sign-resolved WTDs (based on emails between Virginia Rich and Suzanne Hodgkins) are in the column ""WTD.cm_neg_is_below_sfc__"".",NA,"MainAutochamber.201307_E_1_1to5","713_E-1-S",9.5,22.9,16.2,8,15,22,29,54,122,9.8,9.6,9.8,9.9,10.4,10.6,10.6125,10.04,10.4181818181818,11.1068965517241,10.8944444444444,10.5909836065574,2.61229920622756,1.98054826464074,2.06873238473556,2.44320209012721,2.69824657716728,3.31951415588697,1,1,1,1,-65.430628220161,0.780966679535986,11.9429781934896,2.04909221282292,-65.8058541444904,0.539428205003247,11.0475109779781,2.38328507056037,-65.7724508195716,0.412125214973876,10.8706237902605,2.35464906259006,-65.1773430107143,0.455255525625006,9.46521619423334,2.01091884643334,1.04610492845787,0.0418865940971583,22.8739869295757,"0-9",0,NA,NA,NA,NA,-3,3
"713_E-1-M","57a4f8c1-d6c0-44b9-a8ef-0586ece7973e","MainAutochamber.201307_E_1_5to9","201307_E1_05-09","MainAutochamber",7,2013,2013-07-24,"2013-07","Fen","Eriophorum Autochamber Site",1,"N 68 21.2006, E 19 02.8094",NA,"M",5,9,7,"20130700_E1M",NA,"713 E-1-M","X",NA,"Not Measured","0.0",NA,11.2,NA,NA,5.3,NA,0.80406,NA,0.0506562309879262,1.8037727414206,NA,NA,-53.4,-12.45,NA,NA,NA,NA,NA,NA,NA,NA,NA,NA,NA,NA,NA,NA,NA,NA,NA,NA,20211117,20211117,"Notes_coring: Core Length 46cm | Notes_porewater: 5:20 | QualityFlag__.DepthInfo: Water table depth (WTD) note: The WTD sign convention for this field campaign was ambiguous, and/or the WTD signs for some of the sites were questionable. The originally-recorded WTDs are in the column ""Water_Table_Depth_WTD.cm"", and the sign-resolved WTDs (based on emails between Virginia Rich and Suzanne Hodgkins) are in the column ""WTD.cm_neg_is_below_sfc__"".",NA,"MainAutochamber.201307_E_1_5to9","713_E-1-M",9.5,22.9,16.2,8,15,22,29,54,122,9.8,9.6,9.8,9.9,10.4,10.6,10.6125,10.04,10.4181818181818,11.1068965517241,10.8944444444444,10.5909836065574,2.61229920622756,1.98054826464074,2.06873238473556,2.44320209012721,2.69824657716728,3.31951415588697,1,1,1,1,-65.430628220161,0.780966679535986,11.9429781934896,2.04909221282292,-65.8058541444904,0.539428205003247,11.0475109779781,2.38328507056037,-65.7724508195716,0.412125214973876,10.8706237902605,2.35464906259006,-65.1773430107143,0.455255525625006,9.46521619423334,2.01091884643334,1.04326008873864,0.0273163500687406,35.6081118994132,"0-9",0,NA,NA,NA,NA,-7,7
"713_E-1-D","54e9c047-47ab-4a50-b9f4-314b3d9ebaac","MainAutochamber.201307_E_1_10to14","201307_E1_10-14","MainAutochamber",7,2013,2013-07-24,"2013-07","Fen","Eriophorum Autochamber Site",1,"N 68 21.2006, E 19 02.8094",NA,"D",10,14,12,"20130700_E1D",NA,"713 E-1-D","X",NA,"Not Measured","0.0",NA,10.2,NA,NA,5.4,NA,0.79578,NA,0.0267532693583485,0.956370517302069,NA,NA,-53.55,-13.1,NA,NA,NA,NA,NA,NA,NA,NA,NA,NA,NA,NA,NA,NA,NA,NA,NA,NA,20211117,20211117,"Notes_coring: Done Sampling 17:00 | Notes_porewater: 5:30pm | QualityFlag__.DepthInfo: Water table depth (WTD) note: The WTD sign convention for this field campaign was ambiguous, and/or the WTD signs for some of the sites were questionable. The originally-recorded WTDs are in the column ""Water_Table_Depth_WTD.cm"", and the sign-resolved WTDs (based on emails between Virginia Rich and Suzanne Hodgkins) are in the column ""WTD.cm_neg_is_below_sfc__"".",NA,"MainAutochamber.201307_E_1_10to14","713_E-1-D",9.5,22.9,16.2,8,15,22,29,54,122,9.8,9.6,9.8,9.9,10.4,10.6,10.6125,10.04,10.4181818181818,11.1068965517241,10.8944444444444,10.5909836065574,2.61229920622756,1.98054826464074,2.06873238473556,2.44320209012721,2.69824657716728,3.31951415588697,1,1,1,1,-65.430628220161,0.780966679535986,11.9429781934896,2.04909221282292,-65.8058541444904,0.539428205003247,11.0475109779781,2.38328507056037,-65.7724508195716,0.412125214973876,10.8706237902605,2.35464906259006,-65.1773430107143,0.455255525625006,9.46521619423334,2.01091884643334,1.04273865497385,0.0272125135423963,35.7477998106287,"10-19",0,NA,NA,NA,NA,-12,12
"713_E-1-X0","a777f971-10de-4565-ae9f-53211e76d1d3","MainAutochamber.201307_E_1_20to24","201307_E1_20-24","MainAutochamber",7,2013,2013-07-24,"2013-07","Fen","Eriophorum Autochamber Site",1,"N 68 21.2006, E 19 02.8094",NA,"X0",20,24,22,"20130700_E1X",NA,"713 E-1-X0",NA,NA,"Not Measured","0.0",NA,8,NA,NA,5.5,NA,NA,NA,0.0614657327680996,1.07334362652316,NA,NA,-52.3,-12.45,NA,NA,NA,NA,NA,NA,NA,NA,NA,NA,NA,NA,NA,NA,NA,NA,NA,NA,20211117,20211117,"QualityFlag__.DepthInfo: Water table depth (WTD) note: The WTD sign convention for this field campaign was ambiguous, and/or the WTD signs for some of the sites were questionable. The originally-recorded WTDs are in the column ""Water_Table_Depth_WTD.cm"", and the sign-resolved WTDs (based on emails between Virginia Rich and Suzanne Hodgkins) are in the column ""WTD.cm_neg_is_below_sfc__"".",NA,"MainAutochamber.201307_E_1_20to24","713_E-1-X0",9.5,22.9,16.2,8,15,22,29,54,122,9.8,9.6,9.8,9.9,10.4,10.6,10.6125,10.04,10.4181818181818,11.1068965517241,10.8944444444444,10.5909836065574,2.61229920622756,1.98054826464074,2.06873238473556,2.44320209012721,2.69824657716728,3.31951415588697,1,1,1,1,-65.430628220161,0.780966679535986,11.9429781934896,2.04909221282292,-65.8058541444904,0.539428205003247,11.0475109779781,2.38328507056037,-65.7724508195716,0.412125214973876,10.8706237902605,2.35464906259006,-65.1773430107143,0.455255525625006,9.46521619423334,2.01091884643334,1.0420491716788,0.0541639282976021,17.4624718226774,"20-29",0,NA,NA,NA,NA,-22,22
"713_E-1-X1","df3259c1-d5be-457a-b6d4-e066289ac6fe","MainAutochamber.201307_E_1_30to34","201307_E1_30-34","MainAutochamber",7,2013,2013-07-24,"2013-07","Fen","Eriophorum Autochamber Site",1,"N 68 21.2006, E 19 02.8094",NA,"X1",30,34,32,"20130700_E1Y",NA,"713 E-1-X1",NA,NA,"Not Measured","0.0",NA,7.4,NA,NA,5.6,NA,NA,NA,0.0816673533670101,1.00310502678946,NA,NA,-54.95,-11.3,NA,NA,NA,NA,NA,NA,NA,NA,NA,NA,NA,NA,NA,NA,NA,NA,NA,NA,20211117,20211117,"QualityFlag__.DepthInfo: Water table depth (WTD) note: The WTD sign convention for this field campaign was ambiguous, and/or the WTD signs for some of the sites were questionable. The originally-recorded WTDs are in the column ""Water_Table_Depth_WTD.cm"", and the sign-resolved WTDs (based on emails between Virginia Rich and Suzanne Hodgkins) are in the column ""WTD.cm_neg_is_below_sfc__"".",NA,"MainAutochamber.201307_E_1_30to34","713_E-1-X1",9.5,22.9,16.2,8,15,22,29,54,122,9.8,9.6,9.8,9.9,10.4,10.6,10.6125,10.04,10.4181818181818,11.1068965517241,10.8944444444444,10.5909836065574,2.61229920622756,1.98054826464074,2.06873238473556,2.44320209012721,2.69824657716728,3.31951415588697,1,1,1,1,-65.430628220161,0.780966679535986,11.9429781934896,2.04909221282292,-65.8058541444904,0.539428205003247,11.0475109779781,2.38328507056037,-65.7724508195716,0.412125214973876,10.8706237902605,2.35464906259006,-65.1773430107143,0.455255525625006,9.46521619423334,2.01091884643334,1.04618803237924,0.0752852440391506,12.2828154143987,"30-39",0,NA,NA,NA,NA,-32,32
"713_E-1-X2","c761674d-a491-4b0a-95a1-acf82e8fb02d","MainAutochamber.201307_E_1_40to44","201307_E1_40-44","MainAutochamber",7,2013,2013-07-24,"2013-07","Fen","Eriophorum Autochamber Site",1,"N 68 21.2006, E 19 02.8094",NA,"X2",40,44,42,"20130700_E1Z",NA,"713 E-1-X2","X",NA,"Not Measured","0.0",NA,6.8,NA,NA,5.6,NA,1.06144,NA,0.0706333413188212,0.943949113000711,NA,NA,-54.75,-11.8,NA,NA,NA,NA,NA,NA,NA,NA,NA,NA,NA,NA,NA,NA,NA,NA,NA,NA,20211117,20211117,"Notes_coring: Lowest Depth Sampled | QualityFlag__.DepthInfo: Water table depth (WTD) note: The WTD sign convention for this field campaign was ambiguous, and/or the WTD signs for some of the sites were questionable. The originally-recorded WTDs are in the column ""Water_Table_Depth_WTD.cm"", and the sign-resolved WTDs (based on emails between Virginia Rich and Suzanne Hodgkins) are in the column ""WTD.cm_neg_is_below_sfc__"".",NA,"MainAutochamber.201307_E_1_40to44","713_E-1-X2",9.5,22.9,16.2,8,15,22,29,54,122,9.8,9.6,9.8,9.9,10.4,10.6,10.6125,10.04,10.4181818181818,11.1068965517241,10.8944444444444,10.5909836065574,2.61229920622756,1.98054826464074,2.06873238473556,2.44320209012721,2.69824657716728,3.31951415588697,1,1,1,1,-65.430628220161,0.780966679535986,11.9429781934896,2.04909221282292,-65.8058541444904,0.539428205003247,11.0475109779781,2.38328507056037,-65.7724508195716,0.412125214973876,10.8706237902605,2.35464906259006,-65.1773430107143,0.455255525625006,9.46521619423334,2.01091884643334,1.04543771489024,0.0696181380016019,13.3640727647296,"40-49",0,NA,NA,NA,NA,-42,42
"713_E-2-S","64d2e7e6-e949-46e8-85e2-be795110829a","MainAutochamber.201307_E_2_1to5","201307_E2_01-05","MainAutochamber",7,2013,2013-07-24,"2013-07","Fen","Eriophorum Autochamber Site",2,"N 68 21.2022, E 19 02.8008",NA,"S",1,5,3,"20130700_E2S",NA,"713 E-2-S",NA,NA,"Not Measured","Not Measured",NA,NA,NA,NA,NA,NA,NA,NA,NA,NA,NA,NA,NA,NA,NA,NA,NA,NA,NA,NA,NA,NA,NA,NA,NA,NA,NA,NA,NA,NA,NA,NA,20211117,20211117,"Notes_coring: Start @ 17:15 | QualityFlag__.DepthInfo: Water table depth (WTD) note: The WTD sign convention for this field campaign was ambiguous, and/or the WTD signs for some of the sites were questionable. The originally-recorded WTDs are in the column ""Water_Table_Depth_WTD.cm"", and the sign-resolved WTDs (based on emails between Virginia Rich and Suzanne Hodgkins) are in the column ""WTD.cm_neg_is_below_sfc__"".",NA,"MainAutochamber.201307_E_2_1to5","713_E-2-S",9.5,22.9,16.2,8,15,22,29,54,122,9.8,9.6,9.8,9.9,10.4,10.6,10.6125,10.04,10.4181818181818,11.1068965517241,10.8944444444444,10.5909836065574,2.61229920622756,1.98054826464074,2.06873238473556,2.44320209012721,2.69824657716728,3.31951415588697,1,1,1,1,-65.430628220161,0.780966679535986,11.9429781934896,2.04909221282292,-65.8058541444904,0.539428205003247,11.0475109779781,2.38328507056037,-65.7724508195716,0.412125214973876,10.8706237902605,2.35464906259006,-65.1773430107143,0.455255525625006,9.46521619423334,2.01091884643334,NA,NA,NA,"0-9",NA,NA,NA,NA,NA,-3,NA
"713_E-2-M","dc901d63-9bb5-4847-a097-ac10806602fd","MainAutochamber.201307_E_2_5to9","201307_E2_05-09","MainAutochamber",7,2013,2013-07-24,"2013-07","Fen","Eriophorum Autochamber Site",2,"N 68 21.2022, E 19 02.8008",NA,"M",5,9,7,"20130700_E2M",NA,"713 E-2-M",NA,NA,"Not Measured","Not Measured",NA,NA,NA,NA,NA,NA,NA,NA,NA,NA,NA,NA,NA,NA,NA,NA,NA,NA,NA,NA,NA,NA,NA,NA,NA,NA,NA,NA,NA,NA,NA,NA,20211117,20211117,"Notes_coring: Core Length 49cm  | QualityFlag__.DepthInfo: Water table depth (WTD) note: The WTD sign convention for this field campaign was ambiguous, and/or the WTD signs for some of the sites were questionable. The originally-recorded WTDs are in the column ""Water_Table_Depth_WTD.cm"", and the sign-resolved WTDs (based on emails between Virginia Rich and Suzanne Hodgkins) are in the column ""WTD.cm_neg_is_below_sfc__"".",NA,"MainAutochamber.201307_E_2_5to9","713_E-2-M",9.5,22.9,16.2,8,15,22,29,54,122,9.8,9.6,9.8,9.9,10.4,10.6,10.6125,10.04,10.4181818181818,11.1068965517241,10.8944444444444,10.5909836065574,2.61229920622756,1.98054826464074,2.06873238473556,2.44320209012721,2.69824657716728,3.31951415588697,1,1,1,1,-65.430628220161,0.780966679535986,11.9429781934896,2.04909221282292,-65.8058541444904,0.539428205003247,11.0475109779781,2.38328507056037,-65.7724508195716,0.412125214973876,10.8706237902605,2.35464906259006,-65.1773430107143,0.455255525625006,9.46521619423334,2.01091884643334,NA,NA,NA,"0-9",NA,NA,NA,NA,NA,-7,NA
"713_E-2-D","ceca8275-e9ee-4c53-b0ec-0bd5dcb800fc","MainAutochamber.201307_E_2_10to14","201307_E2_10-14","MainAutochamber",7,2013,2013-07-24,"2013-07","Fen","Eriophorum Autochamber Site",2,"N 68 21.2022, E 19 02.8008",NA,"D",10,14,12,"20130700_E2D",NA,"713 E-2-D",NA,NA,"Not Measured","Not Measured",NA,NA,NA,NA,NA,NA,NA,NA,NA,NA,NA,NA,NA,NA,NA,NA,NA,NA,NA,NA,NA,NA,NA,NA,NA,NA,NA,NA,NA,NA,NA,NA,20211117,20211117,"Notes_coring: Done @ 17:38 | QualityFlag__.DepthInfo: Water table depth (WTD) note: The WTD sign convention for this field campaign was ambiguous, and/or the WTD signs for some of the sites were questionable. The originally-recorded WTDs are in the column ""Water_Table_Depth_WTD.cm"", and the sign-resolved WTDs (based on emails between Virginia Rich and Suzanne Hodgkins) are in the column ""WTD.cm_neg_is_below_sfc__"".",NA,"MainAutochamber.201307_E_2_10to14","713_E-2-D",9.5,22.9,16.2,8,15,22,29,54,122,9.8,9.6,9.8,9.9,10.4,10.6,10.6125,10.04,10.4181818181818,11.1068965517241,10.8944444444444,10.5909836065574,2.61229920622756,1.98054826464074,2.06873238473556,2.44320209012721,2.69824657716728,3.31951415588697,1,1,1,1,-65.430628220161,0.780966679535986,11.9429781934896,2.04909221282292,-65.8058541444904,0.539428205003247,11.0475109779781,2.38328507056037,-65.7724508195716,0.412125214973876,10.8706237902605,2.35464906259006,-65.1773430107143,0.455255525625006,9.46521619423334,2.01091884643334,NA,NA,NA,"10-19",NA,NA,NA,NA,NA,-12,NA
"713_E-2-X0","9d8d8750-ccf3-4535-890d-47dcf9e5b0af","MainAutochamber.201307_E_2_20to24","201307_E2_20-24","MainAutochamber",7,2013,2013-07-24,"2013-07","Fen","Eriophorum Autochamber Site",2,"N 68 21.2022, E 19 02.8008",NA,"X0",20,24,22,"20130700_E2X",NA,"713 E-2-X0","X",NA,"Not Measured","Not Measured",NA,NA,NA,NA,NA,NA,0.83574,NA,NA,NA,NA,NA,NA,NA,NA,NA,NA,NA,NA,NA,NA,NA,NA,NA,NA,NA,NA,NA,NA,NA,NA,NA,20211117,20211117,"Notes_coring: Note** No Surface for biogeochemistry  | QualityFlag__.DepthInfo: Water table depth (WTD) note: The WTD sign convention for this field campaign was ambiguous, and/or the WTD signs for some of the sites were questionable. The originally-recorded WTDs are in the column ""Water_Table_Depth_WTD.cm"", and the sign-resolved WTDs (based on emails between Virginia Rich and Suzanne Hodgkins) are in the column ""WTD.cm_neg_is_below_sfc__"".",NA,"MainAutochamber.201307_E_2_20to24","713_E-2-X0",9.5,22.9,16.2,8,15,22,29,54,122,9.8,9.6,9.8,9.9,10.4,10.6,10.6125,10.04,10.4181818181818,11.1068965517241,10.8944444444444,10.5909836065574,2.61229920622756,1.98054826464074,2.06873238473556,2.44320209012721,2.69824657716728,3.31951415588697,1,1,1,1,-65.430628220161,0.780966679535986,11.9429781934896,2.04909221282292,-65.8058541444904,0.539428205003247,11.0475109779781,2.38328507056037,-65.7724508195716,0.412125214973876,10.8706237902605,2.35464906259006,-65.1773430107143,0.455255525625006,9.46521619423334,2.01091884643334,NA,NA,NA,"20-29",NA,NA,NA,NA,NA,-22,NA
"713_E-2-X1","e5bd3bf0-7070-4d53-b79f-0fc178a922d2","MainAutochamber.201307_E_2_30to34","201307_E2_30-34","MainAutochamber",7,2013,2013-07-24,"2013-07","Fen","Eriophorum Autochamber Site",2,"N 68 21.2022, E 19 02.8008",NA,"X1",30,34,32,"20130700_E2Y",NA,"713 E-2-X1","X",NA,"Not Measured","Not Measured",NA,NA,NA,NA,NA,NA,0.96508,NA,NA,NA,NA,NA,NA,NA,NA,NA,NA,NA,NA,NA,NA,NA,NA,NA,NA,NA,NA,NA,NA,NA,NA,NA,20211117,20211117,"Notes_coring: Initially the labels were one depth off HAVE BEEN RELABELED | QualityFlag__.DepthInfo: Water table depth (WTD) note: The WTD sign convention for this field campaign was ambiguous, and/or the WTD signs for some of the sites were questionable. The originally-recorded WTDs are in the column ""Water_Table_Depth_WTD.cm"", and the sign-resolved WTDs (based on emails between Virginia Rich and Suzanne Hodgkins) are in the column ""WTD.cm_neg_is_below_sfc__"".",NA,"MainAutochamber.201307_E_2_30to34","713_E-2-X1",9.5,22.9,16.2,8,15,22,29,54,122,9.8,9.6,9.8,9.9,10.4,10.6,10.6125,10.04,10.4181818181818,11.1068965517241,10.8944444444444,10.5909836065574,2.61229920622756,1.98054826464074,2.06873238473556,2.44320209012721,2.69824657716728,3.31951415588697,1,1,1,1,-65.430628220161,0.780966679535986,11.9429781934896,2.04909221282292,-65.8058541444904,0.539428205003247,11.0475109779781,2.38328507056037,-65.7724508195716,0.412125214973876,10.8706237902605,2.35464906259006,-65.1773430107143,0.455255525625006,9.46521619423334,2.01091884643334,NA,NA,NA,"30-39",NA,NA,NA,NA,NA,-32,NA
"713_E-2-X2","c586187f-5891-4412-a2e8-30180fbdfb89","MainAutochamber.201307_E_2_40to44","201307_E2_40-44","MainAutochamber",7,2013,2013-07-24,"2013-07","Fen","Eriophorum Autochamber Site",2,"N 68 21.2022, E 19 02.8008",NA,"X2",40,44,42,"20130700_E2Z",NA,"713 E-2-X2","X",NA,"Not Measured","Not Measured",NA,NA,NA,NA,NA,NA,1.06606,NA,NA,NA,NA,NA,NA,NA,NA,NA,NA,NA,NA,NA,NA,NA,NA,NA,NA,NA,NA,NA,NA,NA,NA,NA,20211117,20211117,"Notes_coring: Note** soil at least 50cm beneath water, likely compressed | QualityFlag__.DepthInfo: Water table depth (WTD) note: The WTD sign convention for this field campaign was ambiguous, and/or the WTD signs for some of the sites were questionable. The originally-recorded WTDs are in the column ""Water_Table_Depth_WTD.cm"", and the sign-resolved WTDs (based on emails between Virginia Rich and Suzanne Hodgkins) are in the column ""WTD.cm_neg_is_below_sfc__"".",NA,"MainAutochamber.201307_E_2_40to44","713_E-2-X2",9.5,22.9,16.2,8,15,22,29,54,122,9.8,9.6,9.8,9.9,10.4,10.6,10.6125,10.04,10.4181818181818,11.1068965517241,10.8944444444444,10.5909836065574,2.61229920622756,1.98054826464074,2.06873238473556,2.44320209012721,2.69824657716728,3.31951415588697,1,1,1,1,-65.430628220161,0.780966679535986,11.9429781934896,2.04909221282292,-65.8058541444904,0.539428205003247,11.0475109779781,2.38328507056037,-65.7724508195716,0.412125214973876,10.8706237902605,2.35464906259006,-65.1773430107143,0.455255525625006,9.46521619423334,2.01091884643334,NA,NA,NA,"40-49",NA,NA,NA,NA,NA,-42,NA
"713_E-3-S","4c76484d-687b-40fd-8b65-1206b613bba2","MainAutochamber.201307_E_3_1to5","201307_E3_01-05","MainAutochamber",7,2013,2013-07-24,"2013-07","Fen","Eriophorum Autochamber Site",3,NA,NA,"S",1,5,3,"20130700_E3S",NA,"713 E-3-S","X","X","Not Measured","-2.0",NA,15.8,NA,NA,5.9,NA,0.647298,NA,0.0581748952015299,0.658344421249156,NA,NA,-63.05,-15.25,NA,NA,NA,0.57,0.0194496927707515,NA,NA,NA,NA,NA,NA,NA,NA,NA,NA,NA,NA,NA,20211117,20211117,"Notes_coring: Core out at | Notes_porewater: Start 3:10 3:25 | QualityFlag__.DepthInfo: Water table depth (WTD) note: The WTD sign convention for this field campaign was ambiguous, and/or the WTD signs for some of the sites were questionable. The originally-recorded WTDs are in the column ""Water_Table_Depth_WTD.cm"", and the sign-resolved WTDs (based on emails between Virginia Rich and Suzanne Hodgkins) are in the column ""WTD.cm_neg_is_below_sfc__"". For this core, the WTD was assumed to be below the surface. Note from Virginia Rich: ""I think we should assume below. It was collected the day before other cores where you have deduced the positive notation must mean below. And, at 2cm, It’s near-surface regardless so it’s not much ecological difference either way.""",NA,"MainAutochamber.201307_E_3_1to5","713_E-3-S",9.5,22.9,16.2,8,15,22,29,54,122,9.8,9.6,9.8,9.9,10.4,10.6,10.6125,10.04,10.4181818181818,11.1068965517241,10.8944444444444,10.5909836065574,2.61229920622756,1.98054826464074,2.06873238473556,2.44320209012721,2.69824657716728,3.31951415588697,1,1,1,1,-65.430628220161,0.780966679535986,11.9429781934896,2.04909221282292,-65.8058541444904,0.539428205003247,11.0475109779781,2.38328507056037,-65.7724508195716,0.412125214973876,10.8706237902605,2.35464906259006,-65.1773430107143,0.455255525625006,9.46521619423334,2.01091884643334,1.05101659640322,0.0811909656388639,11.3166412929239,"0-9",-2,NA,NA,NA,NA,-3,1
"713_E-3-M","73e9d7b5-bf2d-4719-9cdb-114acfc63db4","MainAutochamber.201307_E_3_5to9","201307_E3_05-09","MainAutochamber",7,2013,2013-07-24,"2013-07","Fen","Eriophorum Autochamber Site",3,NA,NA,"M",5,9,7,"20130700_E3M",NA,"713 E-3-M",NA,"X","Not Measured","-2.0",NA,13.8,NA,NA,5.9,NA,0.77066,NA,0.0379826995034241,0.508467024450941,NA,NA,-59.2,-16.5,NA,NA,NA,0.55,0.0104984303802961,11.1088,0.4715,7.7529,0,NA,NA,NA,NA,NA,NA,NA,NA,NA,20211117,20211117,"Notes_porewater: 3:40 | QualityFlag__.DepthInfo: Water table depth (WTD) note: The WTD sign convention for this field campaign was ambiguous, and/or the WTD signs for some of the sites were questionable. The originally-recorded WTDs are in the column ""Water_Table_Depth_WTD.cm"", and the sign-resolved WTDs (based on emails between Virginia Rich and Suzanne Hodgkins) are in the column ""WTD.cm_neg_is_below_sfc__"". For this core, the WTD was assumed to be below the surface. Note from Virginia Rich: ""I think we should assume below. It was collected the day before other cores where you have deduced the positive notation must mean below. And, at 2cm, It’s near-surface regardless so it’s not much ecological difference either way.""",NA,"MainAutochamber.201307_E_3_5to9","713_E-3-M",9.5,22.9,16.2,8,15,22,29,54,122,9.8,9.6,9.8,9.9,10.4,10.6,10.6125,10.04,10.4181818181818,11.1068965517241,10.8944444444444,10.5909836065574,2.61229920622756,1.98054826464074,2.06873238473556,2.44320209012721,2.69824657716728,3.31951415588697,1,1,1,1,-65.430628220161,0.780966679535986,11.9429781934896,2.04909221282292,-65.8058541444904,0.539428205003247,11.0475109779781,2.38328507056037,-65.7724508195716,0.412125214973876,10.8706237902605,2.35464906259006,-65.1773430107143,0.455255525625006,9.46521619423334,2.01091884643334,1.0453869047619,0.0695081319257764,13.3868058642094,"0-9",-2,NA,NA,NA,NA,-7,5
"713_E-3-D","66792575-97b3-443f-b439-f916d040b46d","MainAutochamber.201307_E_3_10to14","201307_E3_10-14","MainAutochamber",7,2013,2013-07-24,"2013-07","Fen","Eriophorum Autochamber Site",3,NA,NA,"D",10,14,12,"20130700_E3D",NA,"713 E-3-D",NA,"X","Not Measured","-2.0",NA,12.6,NA,NA,5.9,NA,NA,NA,0.0443159512857386,0.655133515836031,NA,NA,-57.15,-16.6,NA,NA,NA,0.56,0.0124087497825843,38.91,1.8101,27.4428,0,NA,NA,NA,NA,NA,NA,NA,NA,NA,20211117,20211117,"Notes_porewater: 3:50 | QualityFlag__.DepthInfo: Water table depth (WTD) note: The WTD sign convention for this field campaign was ambiguous, and/or the WTD signs for some of the sites were questionable. The originally-recorded WTDs are in the column ""Water_Table_Depth_WTD.cm"", and the sign-resolved WTDs (based on emails between Virginia Rich and Suzanne Hodgkins) are in the column ""WTD.cm_neg_is_below_sfc__"". For this core, the WTD was assumed to be below the surface. Note from Virginia Rich: ""I think we should assume below. It was collected the day before other cores where you have deduced the positive notation must mean below. And, at 2cm, It’s near-surface regardless so it’s not much ecological difference either way.""",NA,"MainAutochamber.201307_E_3_10to14","713_E-3-D",9.5,22.9,16.2,8,15,22,29,54,122,9.8,9.6,9.8,9.9,10.4,10.6,10.6125,10.04,10.4181818181818,11.1068965517241,10.8944444444444,10.5909836065574,2.61229920622756,1.98054826464074,2.06873238473556,2.44320209012721,2.69824657716728,3.31951415588697,1,1,1,1,-65.430628220161,0.780966679535986,11.9429781934896,2.04909221282292,-65.8058541444904,0.539428205003247,11.0475109779781,2.38328507056037,-65.7724508195716,0.412125214973876,10.8706237902605,2.35464906259006,-65.1773430107143,0.455255525625006,9.46521619423334,2.01091884643334,1.04300790157501,0.0633583316148606,14.7832438846204,"10-19",-2,NA,NA,NA,NA,-12,10
"713_E-3-X0","76e88b05-2653-46b2-bd42-912524b7d977","MainAutochamber.201307_E_3_20to24","201307_E3_20-24","MainAutochamber",7,2013,2013-07-24,"2013-07","Fen","Eriophorum Autochamber Site",3,NA,NA,"X0",20,24,22,"20130700_E3X",NA,"713 E-3-X0",NA,"X","Not Measured","-2.0",NA,11.4,NA,NA,5.8,NA,1.1,NA,0.052959215575277,0.681831372930818,NA,NA,-57.75,-17.15,NA,NA,NA,0.6,0.0106842579422373,5.0721,NA,5.0822,0,NA,NA,NA,NA,NA,NA,NA,NA,NA,20211117,20211117,"Notes_porewater: 4:15 | QualityFlag__.DepthInfo: Water table depth (WTD) note: The WTD sign convention for this field campaign was ambiguous, and/or the WTD signs for some of the sites were questionable. The originally-recorded WTDs are in the column ""Water_Table_Depth_WTD.cm"", and the sign-resolved WTDs (based on emails between Virginia Rich and Suzanne Hodgkins) are in the column ""WTD.cm_neg_is_below_sfc__"". For this core, the WTD was assumed to be below the surface. Note from Virginia Rich: ""I think we should assume below. It was collected the day before other cores where you have deduced the positive notation must mean below. And, at 2cm, It’s near-surface regardless so it’s not much ecological difference either way.""",NA,"MainAutochamber.201307_E_3_20to24","713_E-3-X0",9.5,22.9,16.2,8,15,22,29,54,122,9.8,9.6,9.8,9.9,10.4,10.6,10.6125,10.04,10.4181818181818,11.1068965517241,10.8944444444444,10.5909836065574,2.61229920622756,1.98054826464074,2.06873238473556,2.44320209012721,2.69824657716728,3.31951415588697,1,1,1,1,-65.430628220161,0.780966679535986,11.9429781934896,2.04909221282292,-65.8058541444904,0.539428205003247,11.0475109779781,2.38328507056037,-65.7724508195716,0.412125214973876,10.8706237902605,2.35464906259006,-65.1773430107143,0.455255525625006,9.46521619423334,2.01091884643334,1.0430883523481,0.0720738893552632,12.874650153412,"20-29",-2,NA,NA,NA,NA,-22,20
"713_E-3-X1","bf8ab540-1843-4a33-a49c-f3ee1265f589","MainAutochamber.201307_E_3_30to34","201307_E3_30-34","MainAutochamber",7,2013,2013-07-24,"2013-07","Fen","Eriophorum Autochamber Site",3,NA,NA,"X1",30,34,32,"20130700_E3Y",NA,"713 E-3-X1",NA,"X","Not Measured","-2.0",NA,11,NA,NA,5.7,NA,NA,NA,0.0862964965851716,0.802254966886422,NA,NA,-55.15,-15.25,NA,NA,NA,0.67666,0.00875285967981734,35.9041,NA,30.7762,0,NA,NA,NA,NA,NA,NA,NA,NA,NA,20211117,20211117,"Notes_porewater: 4:20 | QualityFlag__.DepthInfo: Water table depth (WTD) note: The WTD sign convention for this field campaign was ambiguous, and/or the WTD signs for some of the sites were questionable. The originally-recorded WTDs are in the column ""Water_Table_Depth_WTD.cm"", and the sign-resolved WTDs (based on emails between Virginia Rich and Suzanne Hodgkins) are in the column ""WTD.cm_neg_is_below_sfc__"". For this core, the WTD was assumed to be below the surface. Note from Virginia Rich: ""I think we should assume below. It was collected the day before other cores where you have deduced the positive notation must mean below. And, at 2cm, It’s near-surface regardless so it’s not much ecological difference either way.""",NA,"MainAutochamber.201307_E_3_30to34","713_E-3-X1",9.5,22.9,16.2,8,15,22,29,54,122,9.8,9.6,9.8,9.9,10.4,10.6,10.6125,10.04,10.4181818181818,11.1068965517241,10.8944444444444,10.5909836065574,2.61229920622756,1.98054826464074,2.06873238473556,2.44320209012721,2.69824657716728,3.31951415588697,1,1,1,1,-65.430628220161,0.780966679535986,11.9429781934896,2.04909221282292,-65.8058541444904,0.539428205003247,11.0475109779781,2.38328507056037,-65.7724508195716,0.412125214973876,10.8706237902605,2.35464906259006,-65.1773430107143,0.455255525625006,9.46521619423334,2.01091884643334,1.04222892522623,0.0971204259210929,9.29649520701718,"30-39",-2,NA,NA,NA,NA,-32,30
"713_E-3-X2","b38ca393-1b3a-4b77-84ab-505fa242d4c3","MainAutochamber.201307_E_3_40to44","201307_E3_40-44","MainAutochamber",7,2013,2013-07-24,"2013-07","Fen","Eriophorum Autochamber Site",3,NA,NA,"X2",40,44,42,"20130700_E3Z",NA,"713 E-3-X2",NA,"X","Not Measured","-2.0",NA,10.7,NA,NA,5.7,NA,NA,NA,0.159793026115138,1.16326321368096,NA,NA,-53.85,-12.4,NA,NA,NA,0.69969,0.0190310957353822,44.9684,2.1107,34.6675,0,NA,NA,NA,NA,NA,NA,NA,NA,NA,20211117,20211117,"Notes_porewater: 4:32 | QualityFlag__.DepthInfo: Water table depth (WTD) note: The WTD sign convention for this field campaign was ambiguous, and/or the WTD signs for some of the sites were questionable. The originally-recorded WTDs are in the column ""Water_Table_Depth_WTD.cm"", and the sign-resolved WTDs (based on emails between Virginia Rich and Suzanne Hodgkins) are in the column ""WTD.cm_neg_is_below_sfc__"". For this core, the WTD was assumed to be below the surface. Note from Virginia Rich: ""I think we should assume below. It was collected the day before other cores where you have deduced the positive notation must mean below. And, at 2cm, It’s near-surface regardless so it’s not much ecological difference either way.""",NA,"MainAutochamber.201307_E_3_40to44","713_E-3-X2",9.5,22.9,16.2,8,15,22,29,54,122,9.8,9.6,9.8,9.9,10.4,10.6,10.6125,10.04,10.4181818181818,11.1068965517241,10.8944444444444,10.5909836065574,2.61229920622756,1.98054826464074,2.06873238473556,2.44320209012721,2.69824657716728,3.31951415588697,1,1,1,1,-65.430628220161,0.780966679535986,11.9429781934896,2.04909221282292,-65.8058541444904,0.539428205003247,11.0475109779781,2.38328507056037,-65.7724508195716,0.412125214973876,10.8706237902605,2.35464906259006,-65.1773430107143,0.455255525625006,9.46521619423334,2.01091884643334,1.04380912117529,0.120775686859513,7.27981215427247,"40-49",-2,NA,NA,NA,NA,-42,40
"713_P-1-X1","af950130-4280-4355-8d4e-349c5608e3a1","MainAutochamber.201307_P_1_30to34","201307_P1_30-34","MainAutochamber",7,2013,2013-07-25,"2013-07","Palsa","Palsa Autochamber Site",1,"N 68 21.2074, E 19 02.8407",NA,"X1",30,34,32,"20130700_P1Y",NA,"713 P-1-X1",NA,NA,"42.0","Not Detected",NA,2.2,NA,NA,4.1,NA,NA,NA,NA,NA,NA,NA,NA,NA,NA,NA,NA,NA,NA,NA,NA,NA,NA,NA,NA,NA,NA,NA,NA,NA,NA,NA,20211117,20211117,"Notes_porewater: 11:45 | QualityFlag__.DepthInfo: Water table depth (WTD) note: The WTD sign convention for this field campaign was ambiguous, and/or the WTD signs for some of the sites were questionable. The originally-recorded WTDs are in the column ""Water_Table_Depth_WTD.cm"", and the sign-resolved WTDs (based on emails between Virginia Rich and Suzanne Hodgkins) are in the column ""WTD.cm_neg_is_below_sfc__"".",NA,"MainAutochamber.201307_P_1_30to34","713_P-1-X1",9.1,22.2,16.2,8,15,22,29,55,122,9.85,9.8,9.8,10.2,10.6,10.6,11.4125,10.5333333333333,10.6545454545455,11.3344827586207,10.9909090909091,10.5909836065574,3.2339438549769,2.50247496538546,2.40767172116198,2.60017524987245,2.76722034133685,3.31951415588697,0,0,0,0,NA,NA,0.0505096753303534,0.0302980876398503,NA,NA,0.0300977561192442,0.0218093373967462,0.0248721831468494,0.018100219573454,0.024872183,0.01810022,NA,NA,0.0196162871788854,0.0145325918536604,NA,NA,NA,"30-39",NA,42,42,NA,10,-32,NA
"713_P-3-M","10cfac3b-2c6a-4fe1-8468-cab92006cacb","MainAutochamber.201307_P_3_5to9","201307_P3_05-09","MainAutochamber",7,2013,2013-07-25,"2013-07","Palsa","Palsa Autochamber Site",3,"N 68 21.2066, E 19 02.8416",NA,"M",5,9,7,NA,NA,"713 P-3-M",NA,NA,"44.0","Not Detected",NA,NA,NA,NA,NA,NA,NA,NA,NA,NA,NA,NA,NA,NA,NA,NA,NA,NA,NA,NA,NA,NA,NA,NA,NA,NA,NA,NA,NA,NA,NA,NA,20211117,20211117,"Notes_coring: start 1:25 | QualityFlag__.DepthInfo: Water table depth (WTD) note: The WTD sign convention for this field campaign was ambiguous, and/or the WTD signs for some of the sites were questionable. The originally-recorded WTDs are in the column ""Water_Table_Depth_WTD.cm"", and the sign-resolved WTDs (based on emails between Virginia Rich and Suzanne Hodgkins) are in the column ""WTD.cm_neg_is_below_sfc__"".",NA,"MainAutochamber.201307_P_3_5to9","713_P-3-M",9.1,22.2,16.2,8,15,22,29,55,122,9.85,9.8,9.8,10.2,10.6,10.6,11.4125,10.5333333333333,10.6545454545455,11.3344827586207,10.9909090909091,10.5909836065574,3.2339438549769,2.50247496538546,2.40767172116198,2.60017524987245,2.76722034133685,3.31951415588697,0,0,0,0,NA,NA,0.0505096753303534,0.0302980876398503,NA,NA,0.0300977561192442,0.0218093373967462,0.0248721831468494,0.018100219573454,0.024872183,0.01810022,NA,NA,0.0196162871788854,0.0145325918536604,NA,NA,NA,"0-9",NA,44,44,NA,37,-7,NA
"713_P-3-X1","8d5abda5-a0c6-4914-beac-5fe57bb9d8eb","MainAutochamber.201307_P_3_30to34","201307_P3_30-34","MainAutochamber",7,2013,2013-07-25,"2013-07","Palsa","Palsa Autochamber Site",3,"N 68 21.2066, E 19 02.8416",NA,"X1",30,34,32,NA,NA,"713 P-3-X1",NA,NA,"44.0","Not Detected",NA,NA,NA,NA,NA,NA,NA,NA,NA,NA,NA,NA,NA,NA,NA,NA,NA,NA,NA,NA,NA,NA,NA,NA,NA,NA,NA,NA,NA,NA,NA,NA,20211117,20211117,"QualityFlag__.DepthInfo: Water table depth (WTD) note: The WTD sign convention for this field campaign was ambiguous, and/or the WTD signs for some of the sites were questionable. The originally-recorded WTDs are in the column ""Water_Table_Depth_WTD.cm"", and the sign-resolved WTDs (based on emails between Virginia Rich and Suzanne Hodgkins) are in the column ""WTD.cm_neg_is_below_sfc__"".",NA,"MainAutochamber.201307_P_3_30to34","713_P-3-X1",9.1,22.2,16.2,8,15,22,29,55,122,9.85,9.8,9.8,10.2,10.6,10.6,11.4125,10.5333333333333,10.6545454545455,11.3344827586207,10.9909090909091,10.5909836065574,3.2339438549769,2.50247496538546,2.40767172116198,2.60017524987245,2.76722034133685,3.31951415588697,0,0,0,0,NA,NA,0.0505096753303534,0.0302980876398503,NA,NA,0.0300977561192442,0.0218093373967462,0.0248721831468494,0.018100219573454,0.024872183,0.01810022,NA,NA,0.0196162871788854,0.0145325918536604,NA,NA,NA,"30-39",NA,44,44,NA,12,-32,NA
"713_S-1-S","3c9b6f60-10d7-4cd5-8255-17dcd582f905","MainAutochamber.201307_S_1_1to5","201307_S1_01-05","MainAutochamber",7,2013,2013-07-25,"2013-07","Bog","Sphagnum Autochamber Site",1,"N 68 21.1974, E 19 02.8472",NA,"S",1,5,3,NA,NA,"713 S-1-S","X",NA,"78.0","-7.0",NA,14.8,NA,NA,NA,NA,0.961406,NA,NA,NA,NA,NA,NA,NA,NA,NA,NA,NA,NA,NA,NA,NA,NA,NA,NA,NA,NA,NA,NA,NA,NA,NA,20211117,20211117,"Notes_coring: Start coring at 18:30  | Notes_porewater: Sampling start time 12:17pm  | QualityFlag__.DepthInfo: Water table depth (WTD) note: The WTD sign convention for this field campaign was ambiguous, and/or the WTD signs for some of the sites were questionable. The originally-recorded WTDs are in the column ""Water_Table_Depth_WTD.cm"", and the sign-resolved WTDs (based on emails between Virginia Rich and Suzanne Hodgkins) are in the column ""WTD.cm_neg_is_below_sfc__"". For this core, the WTD was assumed to be below the surface because the site is a bog. In addition, there was no porewater pH recorded at 3cm.",NA,"MainAutochamber.201307_S_1_1to5","713_S-1-S",9.1,22.2,16.2,8,15,22,29,55,122,9.85,9.8,9.8,10.2,10.6,10.6,11.4125,10.5333333333333,10.6545454545455,11.3344827586207,10.9909090909091,10.5909836065574,3.2339438549769,2.50247496538546,2.40767172116198,2.60017524987245,2.76722034133685,3.31951415588697,0.230769230769231,0.235294117647059,0.129032258064516,0.1,-70.7970559211473,1.406602846738,1.3902578875197,0.170715173535375,-68.5803894166497,0.984617488648328,1.28870642716314,0.199535016375777,-69.3183812377407,1.21934458031373,1.18324516593297,0.183549311655395,-69.3030808869739,1.28909287407388,1.06390567617582,0.167047677921839,NA,NA,NA,"0-9",-7,78,78,NA,75,-3,-4
"713_S-1-M","d4f628bf-8412-4e62-a4c3-716f8cedccd5","MainAutochamber.201307_S_1_5to9","201307_S1_05-09","MainAutochamber",7,2013,2013-07-25,"2013-07","Bog","Sphagnum Autochamber Site",1,"N 68 21.1974, E 19 02.8472",NA,"M",5,9,7,NA,NA,"713 S-1-M","X","X","78.0","-7.0",NA,13,NA,NA,4.1,NA,0.9,NA,0.0163829029174335,0.45851686123782,NA,NA,-71.55,-21.4,NA,NA,NA,6.17,0.122927620086957,5.1213,NA,4.4681,0,NA,NA,NA,NA,NA,NA,NA,NA,NA,20211117,20211117,"Notes_coring: Core length 42cm | QualityFlag__.DepthInfo: Water table depth (WTD) note: The WTD sign convention for this field campaign was ambiguous, and/or the WTD signs for some of the sites were questionable. The originally-recorded WTDs are in the column ""Water_Table_Depth_WTD.cm"", and the sign-resolved WTDs (based on emails between Virginia Rich and Suzanne Hodgkins) are in the column ""WTD.cm_neg_is_below_sfc__"". For this core, the WTD was assumed to be below the surface because the site is a bog. In addition, there was no porewater pH recorded at 3cm.",NA,"MainAutochamber.201307_S_1_5to9","713_S-1-M",9.1,22.2,16.2,8,15,22,29,55,122,9.85,9.8,9.8,10.2,10.6,10.6,11.4125,10.5333333333333,10.6545454545455,11.3344827586207,10.9909090909091,10.5909836065574,3.2339438549769,2.50247496538546,2.40767172116198,2.60017524987245,2.76722034133685,3.31951415588697,0.846153846153846,0.705882352941177,0.419354838709677,0.35,-70.7970559211473,1.406602846738,1.3902578875197,0.170715173535375,-68.5803894166497,0.984617488648328,1.28870642716314,0.199535016375777,-69.3183812377407,1.21934458031373,1.18324516593297,0.183549311655395,-69.3030808869739,1.28909287407388,1.06390567617582,0.167047677921839,1.05401475577576,0.0344976017130167,27.9875223303618,"0-9",-7,78,78,NA,71,-7,0
"713_S-1-D","5337b476-0d25-47dc-9546-a9158d54a523","MainAutochamber.201307_S_1_10to14","201307_S1_10-14","MainAutochamber",7,2013,2013-07-25,"2013-07","Bog","Sphagnum Autochamber Site",1,"N 68 21.1974, E 19 02.8472",NA,"D",10,14,12,NA,NA,"713 S-1-D","X","X","78.0","-7.0",NA,8.8,NA,NA,4.1,NA,0.952594,NA,0.0645468741259284,1.3191790698155,NA,NA,-66.05,-15.2,NA,NA,NA,6.68,0.133641963765028,4.7691,NA,5.4221,0,NA,NA,NA,NA,NA,NA,NA,NA,NA,20211117,20211117,"Notes_coring: Stop Sampling at 19:10  | QualityFlag__.DepthInfo: Water table depth (WTD) note: The WTD sign convention for this field campaign was ambiguous, and/or the WTD signs for some of the sites were questionable. The originally-recorded WTDs are in the column ""Water_Table_Depth_WTD.cm"", and the sign-resolved WTDs (based on emails between Virginia Rich and Suzanne Hodgkins) are in the column ""WTD.cm_neg_is_below_sfc__"". For this core, the WTD was assumed to be below the surface because the site is a bog. In addition, there was no porewater pH recorded at 3cm.",NA,"MainAutochamber.201307_S_1_10to14","713_S-1-D",9.1,22.2,16.2,8,15,22,29,55,122,9.85,9.8,9.8,10.2,10.6,10.6,11.4125,10.5333333333333,10.6545454545455,11.3344827586207,10.9909090909091,10.5909836065574,3.2339438549769,2.50247496538546,2.40767172116198,2.60017524987245,2.76722034133685,3.31951415588697,1,1,0.870967741935484,0.733333333333333,-70.7970559211473,1.406602846738,1.3902578875197,0.170715173535375,-68.5803894166497,0.984617488648328,1.28870642716314,0.199535016375777,-69.3183812377407,1.21934458031373,1.18324516593297,0.183549311655395,-69.3030808869739,1.28909287407388,1.06390567617582,0.167047677921839,1.05444616949515,0.0466471517778094,20.4375360957346,"10-19",-7,78,78,NA,66,-12,5
"713_S-1-X0","25419e14-63bc-4ee8-8e28-5fb98d559840","MainAutochamber.201307_S_1_20to24","201307_S1_20-24","MainAutochamber",7,2013,2013-07-25,"2013-07","Bog","Sphagnum Autochamber Site",1,"N 68 21.1974, E 19 02.8472",NA,"X0",20,24,22,"20130700_S1X",NA,"713 S-1-X0","X","X","78.0","-7.0",NA,6.4,NA,NA,4.1,NA,1,NA,0.0644764860052882,1.24356318009388,NA,NA,-73.3,-10.4,NA,NA,NA,5.9,0.0446857815283828,3.1195,NA,6.6091,0,NA,NA,NA,NA,NA,NA,NA,NA,NA,20211117,20211117,"QualityFlag__.DepthInfo: Water table depth (WTD) note: The WTD sign convention for this field campaign was ambiguous, and/or the WTD signs for some of the sites were questionable. The originally-recorded WTDs are in the column ""Water_Table_Depth_WTD.cm"", and the sign-resolved WTDs (based on emails between Virginia Rich and Suzanne Hodgkins) are in the column ""WTD.cm_neg_is_below_sfc__"". For this core, the WTD was assumed to be below the surface because the site is a bog. In addition, there was no porewater pH recorded at 3cm.",NA,"MainAutochamber.201307_S_1_20to24","713_S-1-X0",9.1,22.2,16.2,8,15,22,29,55,122,9.85,9.8,9.8,10.2,10.6,10.6,11.4125,10.5333333333333,10.6545454545455,11.3344827586207,10.9909090909091,10.5909836065574,3.2339438549769,2.50247496538546,2.40767172116198,2.60017524987245,2.76722034133685,3.31951415588697,1,1,1,1,-70.7970559211473,1.406602846738,1.3902578875197,0.170715173535375,-68.5803894166497,0.984617488648328,1.28870642716314,0.199535016375777,-69.3183812377407,1.21934458031373,1.18324516593297,0.183549311655395,-69.3030808869739,1.28909287407388,1.06390567617582,0.167047677921839,1.06787525628575,0.0492924547139841,19.2870805644074,"20-29",-7,78,78,NA,56,-22,15
"713_S-1-X1","905b6f98-95b0-47fc-8f02-a63ce7bcb7d5","MainAutochamber.201307_S_1_30to34","201307_S1_30-34","MainAutochamber",7,2013,2013-07-25,"2013-07","Bog","Sphagnum Autochamber Site",1,"N 68 21.1974, E 19 02.8472",NA,"X1",30,34,32,"20130700_S1Y",NA,"713 S-1-X1","X","X","78.0","-7.0",NA,4.8,NA,NA,4.1,NA,0.9,NA,0.0629029423360511,1.17573826531691,NA,NA,-75.1,-2,NA,NA,NA,5.72,0.0757105039877739,12.7043,NA,15.9002,0,10.0699,NA,NA,NA,NA,NA,NA,NA,NA,20211117,20211117,"Notes_porewater: Sampling time 1:00pm | QualityFlag__.DepthInfo: Water table depth (WTD) note: The WTD sign convention for this field campaign was ambiguous, and/or the WTD signs for some of the sites were questionable. The originally-recorded WTDs are in the column ""Water_Table_Depth_WTD.cm"", and the sign-resolved WTDs (based on emails between Virginia Rich and Suzanne Hodgkins) are in the column ""WTD.cm_neg_is_below_sfc__"". For this core, the WTD was assumed to be below the surface because the site is a bog. In addition, there was no porewater pH recorded at 3cm.",NA,"MainAutochamber.201307_S_1_30to34","713_S-1-X1",9.1,22.2,16.2,8,15,22,29,55,122,9.85,9.8,9.8,10.2,10.6,10.6,11.4125,10.5333333333333,10.6545454545455,11.3344827586207,10.9909090909091,10.5909836065574,3.2339438549769,2.50247496538546,2.40767172116198,2.60017524987245,2.76722034133685,3.31951415588697,1,1,1,1,-70.7970559211473,1.406602846738,1.3902578875197,0.170715173535375,-68.5803894166497,0.984617488648328,1.28870642716314,0.199535016375777,-69.3183812377407,1.21934458031373,1.18324516593297,0.183549311655395,-69.3030808869739,1.28909287407388,1.06390567617582,0.167047677921839,1.07903557141313,0.0507838282364614,18.6913079365298,"30-39",-7,78,78,NA,46,-32,25
"713_S-1-X2","d8c7a8a9-01a5-4621-ae99-909400996e33","MainAutochamber.201307_S_1_40to44","201307_S1_40-44","MainAutochamber",7,2013,2013-07-25,"2013-07","Bog","Sphagnum Autochamber Site",1,"N 68 21.1974, E 19 02.8472",NA,"X2",40,44,42,"20130700_S1Z",NA,"713 S-1-X2","X","X","78.0","-7.0",NA,3.9,NA,NA,4.2,NA,1,NA,0.063493021212015,1.20117260835827,NA,NA,-75.75,-0.951,NA,NA,NA,7.14,0.0799791506569826,2.5387,NA,4.1673,0,NA,NA,NA,NA,NA,NA,NA,NA,NA,20211117,20211117,"Notes_coring: Lowest Depth Sampled  | Notes_porewater: 1:15pm | QualityFlag__.DepthInfo: Water table depth (WTD) note: The WTD sign convention for this field campaign was ambiguous, and/or the WTD signs for some of the sites were questionable. The originally-recorded WTDs are in the column ""Water_Table_Depth_WTD.cm"", and the sign-resolved WTDs (based on emails between Virginia Rich and Suzanne Hodgkins) are in the column ""WTD.cm_neg_is_below_sfc__"". For this core, the WTD was assumed to be below the surface because the site is a bog. In addition, there was no porewater pH recorded at 3cm.",NA,"MainAutochamber.201307_S_1_40to44","713_S-1-X2",9.1,22.2,16.2,8,15,22,29,55,122,9.85,9.8,9.8,10.2,10.6,10.6,11.4125,10.5333333333333,10.6545454545455,11.3344827586207,10.9909090909091,10.5909836065574,3.2339438549769,2.50247496538546,2.40767172116198,2.60017524987245,2.76722034133685,3.31951415588697,1,1,1,1,-70.7970559211473,1.406602846738,1.3902578875197,0.170715173535375,-68.5803894166497,0.984617488648328,1.28870642716314,0.199535016375777,-69.3183812377407,1.21934458031373,1.18324516593297,0.183549311655395,-69.3030808869739,1.28909287407388,1.06390567617582,0.167047677921839,1.08092940221801,0.050205382140091,18.9181832180789,"40-49",-7,78,78,NA,36,-42,35
"713_S-2-S","9f361940-f26d-4ab1-846d-166962f63f25","MainAutochamber.201307_S_2_1to5","201307_S2_01-05","MainAutochamber",7,2013,2013-07-25,"2013-07","Bog","Sphagnum Autochamber Site",2,"N 68 21.1975, E 19 02.8521",NA,"S",1,5,3,"20130700_S2S",NA,"713 S-2-S",NA,NA,"78.0","-7.0",NA,15.7,NA,NA,NA,NA,NA,NA,NA,NA,NA,NA,NA,NA,NA,NA,NA,NA,NA,NA,NA,NA,NA,NA,NA,NA,NA,NA,NA,NA,NA,NA,20211117,20211117,"Notes_coring: Start Coring @ 19:30 | Notes_porewater: Start 1:55 | QualityFlag__.DepthInfo: Water table depth (WTD) note: The WTD sign convention for this field campaign was ambiguous, and/or the WTD signs for some of the sites were questionable. The originally-recorded WTDs are in the column ""Water_Table_Depth_WTD.cm"", and the sign-resolved WTDs (based on emails between Virginia Rich and Suzanne Hodgkins) are in the column ""WTD.cm_neg_is_below_sfc__"". For this core, the WTD was assumed to be below the surface because the site is a bog. In addition, there was no porewater pH recorded at 3cm.",NA,"MainAutochamber.201307_S_2_1to5","713_S-2-S",9.1,22.2,16.2,8,15,22,29,55,122,9.85,9.8,9.8,10.2,10.6,10.6,11.4125,10.5333333333333,10.6545454545455,11.3344827586207,10.9909090909091,10.5909836065574,3.2339438549769,2.50247496538546,2.40767172116198,2.60017524987245,2.76722034133685,3.31951415588697,0.230769230769231,0.235294117647059,0.129032258064516,0.1,-70.7970559211473,1.406602846738,1.3902578875197,0.170715173535375,-68.5803894166497,0.984617488648328,1.28870642716314,0.199535016375777,-69.3183812377407,1.21934458031373,1.18324516593297,0.183549311655395,-69.3030808869739,1.28909287407388,1.06390567617582,0.167047677921839,NA,NA,NA,"0-9",-7,78,78,NA,75,-3,-4
"713_S-2-M","a610a46d-470e-4d0d-9b19-ee1ec08349e6","MainAutochamber.201307_S_2_5to9","201307_S2_05-09","MainAutochamber",7,2013,2013-07-25,"2013-07","Bog","Sphagnum Autochamber Site",2,"N 68 21.1975, E 19 02.8521",NA,"M",5,9,7,"20130700_S2M",NA,"713 S-2-M",NA,NA,"78.0","-7.0",NA,12.5,NA,NA,4.1,NA,NA,NA,NA,NA,NA,NA,NA,NA,NA,NA,NA,NA,NA,NA,NA,NA,NA,NA,NA,NA,NA,NA,NA,NA,NA,NA,20211117,20211117,"Notes_coring: Core Length 40cm | Notes_porewater: Have duplicates 1:57pm | QualityFlag__.DepthInfo: Water table depth (WTD) note: The WTD sign convention for this field campaign was ambiguous, and/or the WTD signs for some of the sites were questionable. The originally-recorded WTDs are in the column ""Water_Table_Depth_WTD.cm"", and the sign-resolved WTDs (based on emails between Virginia Rich and Suzanne Hodgkins) are in the column ""WTD.cm_neg_is_below_sfc__"". For this core, the WTD was assumed to be below the surface because the site is a bog. In addition, there was no porewater pH recorded at 3cm.",NA,"MainAutochamber.201307_S_2_5to9","713_S-2-M",9.1,22.2,16.2,8,15,22,29,55,122,9.85,9.8,9.8,10.2,10.6,10.6,11.4125,10.5333333333333,10.6545454545455,11.3344827586207,10.9909090909091,10.5909836065574,3.2339438549769,2.50247496538546,2.40767172116198,2.60017524987245,2.76722034133685,3.31951415588697,0.846153846153846,0.705882352941177,0.419354838709677,0.35,-70.7970559211473,1.406602846738,1.3902578875197,0.170715173535375,-68.5803894166497,0.984617488648328,1.28870642716314,0.199535016375777,-69.3183812377407,1.21934458031373,1.18324516593297,0.183549311655395,-69.3030808869739,1.28909287407388,1.06390567617582,0.167047677921839,NA,NA,NA,"0-9",-7,78,78,NA,71,-7,0
"713_S-2-D","097b7aff-be97-4233-88e6-8af097941f10","MainAutochamber.201307_S_2_10to14","201307_S2_10-14","MainAutochamber",7,2013,2013-07-25,"2013-07","Bog","Sphagnum Autochamber Site",2,"N 68 21.1975, E 19 02.8521",NA,"D",10,14,12,"20130700_S2D",NA,"713 S-2-D",NA,NA,"78.0","-7.0",NA,10.4,NA,NA,4.1,NA,NA,NA,NA,NA,NA,NA,NA,NA,NA,NA,NA,NA,NA,NA,NA,NA,NA,NA,NA,NA,NA,NA,NA,NA,NA,NA,20211117,20211117,"Notes_coring: Done Sampling @ 19:55 | Notes_porewater: Have duplicates 2:02pm | QualityFlag__.DepthInfo: Water table depth (WTD) note: The WTD sign convention for this field campaign was ambiguous, and/or the WTD signs for some of the sites were questionable. The originally-recorded WTDs are in the column ""Water_Table_Depth_WTD.cm"", and the sign-resolved WTDs (based on emails between Virginia Rich and Suzanne Hodgkins) are in the column ""WTD.cm_neg_is_below_sfc__"". For this core, the WTD was assumed to be below the surface because the site is a bog. In addition, there was no porewater pH recorded at 3cm.",NA,"MainAutochamber.201307_S_2_10to14","713_S-2-D",9.1,22.2,16.2,8,15,22,29,55,122,9.85,9.8,9.8,10.2,10.6,10.6,11.4125,10.5333333333333,10.6545454545455,11.3344827586207,10.9909090909091,10.5909836065574,3.2339438549769,2.50247496538546,2.40767172116198,2.60017524987245,2.76722034133685,3.31951415588697,1,1,0.870967741935484,0.733333333333333,-70.7970559211473,1.406602846738,1.3902578875197,0.170715173535375,-68.5803894166497,0.984617488648328,1.28870642716314,0.199535016375777,-69.3183812377407,1.21934458031373,1.18324516593297,0.183549311655395,-69.3030808869739,1.28909287407388,1.06390567617582,0.167047677921839,NA,NA,NA,"10-19",-7,78,78,NA,66,-12,5
"713_S-2-X0","f99c1d17-d69a-4070-aa92-f2c5243490ef","MainAutochamber.201307_S_2_20to24","201307_S2_20-24","MainAutochamber",7,2013,2013-07-25,"2013-07","Bog","Sphagnum Autochamber Site",2,"N 68 21.1975, E 19 02.8521",NA,"X0",20,24,22,"20130700_S2X",NA,"713 S-2-X0","X",NA,"78.0","-7.0",NA,8.7,NA,NA,4.2,NA,NA,NA,NA,NA,NA,NA,NA,NA,NA,NA,NA,NA,NA,NA,NA,NA,NA,NA,NA,NA,NA,NA,NA,NA,NA,NA,20211117,20211117,"Notes_porewater: Have duplicates 2:15pm EK | QualityFlag__.DepthInfo: Water table depth (WTD) note: The WTD sign convention for this field campaign was ambiguous, and/or the WTD signs for some of the sites were questionable. The originally-recorded WTDs are in the column ""Water_Table_Depth_WTD.cm"", and the sign-resolved WTDs (based on emails between Virginia Rich and Suzanne Hodgkins) are in the column ""WTD.cm_neg_is_below_sfc__"". For this core, the WTD was assumed to be below the surface because the site is a bog. In addition, there was no porewater pH recorded at 3cm.",NA,"MainAutochamber.201307_S_2_20to24","713_S-2-X0",9.1,22.2,16.2,8,15,22,29,55,122,9.85,9.8,9.8,10.2,10.6,10.6,11.4125,10.5333333333333,10.6545454545455,11.3344827586207,10.9909090909091,10.5909836065574,3.2339438549769,2.50247496538546,2.40767172116198,2.60017524987245,2.76722034133685,3.31951415588697,1,1,1,1,-70.7970559211473,1.406602846738,1.3902578875197,0.170715173535375,-68.5803894166497,0.984617488648328,1.28870642716314,0.199535016375777,-69.3183812377407,1.21934458031373,1.18324516593297,0.183549311655395,-69.3030808869739,1.28909287407388,1.06390567617582,0.167047677921839,NA,NA,NA,"20-29",-7,78,78,NA,56,-22,15
"713_S-3-S","f8952099-00c9-4d8b-ae45-23170b460581","MainAutochamber.201307_S_3_1to5","201307_S3_01-05","MainAutochamber",7,2013,2013-07-25,"2013-07","Bog","Sphagnum Autochamber Site",3,"N 68 21.2017, E 19 02.8510",NA,"S",1,5,3,"20130700_S3S",NA,"713 S-3-S",NA,NA,"Not Measured","Not Measured",NA,NA,NA,NA,NA,NA,NA,NA,NA,NA,NA,NA,NA,NA,NA,NA,NA,NA,NA,NA,NA,NA,NA,NA,NA,NA,NA,NA,NA,NA,NA,NA,20211117,20211117,"Notes_coring: NOTE: For this sampling we had run out of liquid nitrogen | QualityFlag__.DepthInfo: Water table depth (WTD) note: The WTD sign convention for this field campaign was ambiguous, and/or the WTD signs for some of the sites were questionable. The originally-recorded WTDs are in the column ""Water_Table_Depth_WTD.cm"", and the sign-resolved WTDs (based on emails between Virginia Rich and Suzanne Hodgkins) are in the column ""WTD.cm_neg_is_below_sfc__"".",NA,"MainAutochamber.201307_S_3_1to5","713_S-3-S",9.1,22.2,16.2,8,15,22,29,55,122,9.85,9.8,9.8,10.2,10.6,10.6,11.4125,10.5333333333333,10.6545454545455,11.3344827586207,10.9909090909091,10.5909836065574,3.2339438549769,2.50247496538546,2.40767172116198,2.60017524987245,2.76722034133685,3.31951415588697,0.230769230769231,0.235294117647059,0.129032258064516,0.1,-70.7970559211473,1.406602846738,1.3902578875197,0.170715173535375,-68.5803894166497,0.984617488648328,1.28870642716314,0.199535016375777,-69.3183812377407,1.21934458031373,1.18324516593297,0.183549311655395,-69.3030808869739,1.28909287407388,1.06390567617582,0.167047677921839,NA,NA,NA,"0-9",NA,NA,NA,NA,NA,-3,NA
"713_S-3-M","2eb279fa-7101-44b9-81e4-c2a68c6a804c","MainAutochamber.201307_S_3_5to9","201307_S3_05-09","MainAutochamber",7,2013,2013-07-25,"2013-07","Bog","Sphagnum Autochamber Site",3,"N 68 21.2017, E 19 02.8510",NA,"M",5,9,7,"20130700_S3M",NA,"713 S-3-M",NA,NA,"Not Measured","Not Measured",NA,NA,NA,NA,NA,NA,NA,NA,NA,NA,NA,NA,NA,NA,NA,NA,NA,NA,NA,NA,NA,NA,NA,NA,NA,NA,NA,NA,NA,NA,NA,NA,20211117,20211117,"Notes_coring: Core out: 20:33 | QualityFlag__.DepthInfo: Water table depth (WTD) note: The WTD sign convention for this field campaign was ambiguous, and/or the WTD signs for some of the sites were questionable. The originally-recorded WTDs are in the column ""Water_Table_Depth_WTD.cm"", and the sign-resolved WTDs (based on emails between Virginia Rich and Suzanne Hodgkins) are in the column ""WTD.cm_neg_is_below_sfc__"".",NA,"MainAutochamber.201307_S_3_5to9","713_S-3-M",9.1,22.2,16.2,8,15,22,29,55,122,9.85,9.8,9.8,10.2,10.6,10.6,11.4125,10.5333333333333,10.6545454545455,11.3344827586207,10.9909090909091,10.5909836065574,3.2339438549769,2.50247496538546,2.40767172116198,2.60017524987245,2.76722034133685,3.31951415588697,0.846153846153846,0.705882352941177,0.419354838709677,0.35,-70.7970559211473,1.406602846738,1.3902578875197,0.170715173535375,-68.5803894166497,0.984617488648328,1.28870642716314,0.199535016375777,-69.3183812377407,1.21934458031373,1.18324516593297,0.183549311655395,-69.3030808869739,1.28909287407388,1.06390567617582,0.167047677921839,NA,NA,NA,"0-9",NA,NA,NA,NA,NA,-7,NA
"713_S-3-D","fc2cccfa-b717-439d-804f-21d603309ec3","MainAutochamber.201307_S_3_10to14","201307_S3_10-14","MainAutochamber",7,2013,2013-07-25,"2013-07","Bog","Sphagnum Autochamber Site",3,"N 68 21.2017, E 19 02.8510",NA,"D",10,14,12,"20130700_S3D",NA,"713 S-3-D",NA,NA,"Not Measured","Not Measured",NA,NA,NA,NA,NA,NA,NA,NA,NA,NA,NA,NA,NA,NA,NA,NA,NA,NA,NA,NA,NA,NA,NA,NA,NA,NA,NA,NA,NA,NA,NA,NA,20211117,20211117,"Notes_coring: Core Length: 48cm | QualityFlag__.DepthInfo: Water table depth (WTD) note: The WTD sign convention for this field campaign was ambiguous, and/or the WTD signs for some of the sites were questionable. The originally-recorded WTDs are in the column ""Water_Table_Depth_WTD.cm"", and the sign-resolved WTDs (based on emails between Virginia Rich and Suzanne Hodgkins) are in the column ""WTD.cm_neg_is_below_sfc__"".",NA,"MainAutochamber.201307_S_3_10to14","713_S-3-D",9.1,22.2,16.2,8,15,22,29,55,122,9.85,9.8,9.8,10.2,10.6,10.6,11.4125,10.5333333333333,10.6545454545455,11.3344827586207,10.9909090909091,10.5909836065574,3.2339438549769,2.50247496538546,2.40767172116198,2.60017524987245,2.76722034133685,3.31951415588697,1,1,0.870967741935484,0.733333333333333,-70.7970559211473,1.406602846738,1.3902578875197,0.170715173535375,-68.5803894166497,0.984617488648328,1.28870642716314,0.199535016375777,-69.3183812377407,1.21934458031373,1.18324516593297,0.183549311655395,-69.3030808869739,1.28909287407388,1.06390567617582,0.167047677921839,NA,NA,NA,"10-19",NA,NA,NA,NA,NA,-12,NA
"713_S-3-X0","c483cc73-c162-40e6-93db-7602534d6c25","MainAutochamber.201307_S_3_20to24","201307_S3_20-24","MainAutochamber",7,2013,2013-07-25,"2013-07","Bog","Sphagnum Autochamber Site",3,"N 68 21.2017, E 19 02.8510",NA,"X0",20,24,22,"20130700_S3X",NA,"713 S-3-X0",NA,NA,"Not Measured","Not Measured",NA,NA,NA,NA,NA,NA,NA,NA,NA,NA,NA,NA,NA,NA,NA,NA,NA,NA,NA,NA,NA,NA,NA,NA,NA,NA,NA,NA,NA,NA,NA,NA,20211117,20211117,"QualityFlag__.DepthInfo: Water table depth (WTD) note: The WTD sign convention for this field campaign was ambiguous, and/or the WTD signs for some of the sites were questionable. The originally-recorded WTDs are in the column ""Water_Table_Depth_WTD.cm"", and the sign-resolved WTDs (based on emails between Virginia Rich and Suzanne Hodgkins) are in the column ""WTD.cm_neg_is_below_sfc__"".",NA,"MainAutochamber.201307_S_3_20to24","713_S-3-X0",9.1,22.2,16.2,8,15,22,29,55,122,9.85,9.8,9.8,10.2,10.6,10.6,11.4125,10.5333333333333,10.6545454545455,11.3344827586207,10.9909090909091,10.5909836065574,3.2339438549769,2.50247496538546,2.40767172116198,2.60017524987245,2.76722034133685,3.31951415588697,1,1,1,1,-70.7970559211473,1.406602846738,1.3902578875197,0.170715173535375,-68.5803894166497,0.984617488648328,1.28870642716314,0.199535016375777,-69.3183812377407,1.21934458031373,1.18324516593297,0.183549311655395,-69.3030808869739,1.28909287407388,1.06390567617582,0.167047677921839,NA,NA,NA,"20-29",NA,NA,NA,NA,NA,-22,NA
"713_S-3-X1","a3c3c015-ad42-4389-a8d0-1789e70454b3","MainAutochamber.201307_S_3_30to34","201307_S3_30-34","MainAutochamber",7,2013,2013-07-25,"2013-07","Bog","Sphagnum Autochamber Site",3,"N 68 21.2017, E 19 02.8510",NA,"X1",30,34,32,"20130700_S3Y",NA,"713 S-3-X1",NA,NA,"Not Measured","Not Measured",NA,NA,NA,NA,NA,NA,NA,NA,NA,NA,NA,NA,NA,NA,NA,NA,NA,NA,NA,NA,NA,NA,NA,NA,NA,NA,NA,NA,NA,NA,NA,NA,20211117,20211117,"QualityFlag__.DepthInfo: Water table depth (WTD) note: The WTD sign convention for this field campaign was ambiguous, and/or the WTD signs for some of the sites were questionable. The originally-recorded WTDs are in the column ""Water_Table_Depth_WTD.cm"", and the sign-resolved WTDs (based on emails between Virginia Rich and Suzanne Hodgkins) are in the column ""WTD.cm_neg_is_below_sfc__"".",NA,"MainAutochamber.201307_S_3_30to34","713_S-3-X1",9.1,22.2,16.2,8,15,22,29,55,122,9.85,9.8,9.8,10.2,10.6,10.6,11.4125,10.5333333333333,10.6545454545455,11.3344827586207,10.9909090909091,10.5909836065574,3.2339438549769,2.50247496538546,2.40767172116198,2.60017524987245,2.76722034133685,3.31951415588697,1,1,1,1,-70.7970559211473,1.406602846738,1.3902578875197,0.170715173535375,-68.5803894166497,0.984617488648328,1.28870642716314,0.199535016375777,-69.3183812377407,1.21934458031373,1.18324516593297,0.183549311655395,-69.3030808869739,1.28909287407388,1.06390567617582,0.167047677921839,NA,NA,NA,"30-39",NA,NA,NA,NA,NA,-32,NA
"713_S-3-X2","22b3bb9a-8bda-4d79-a7ea-db2af96e75b5","MainAutochamber.201307_S_3_40to44","201307_S3_40-44","MainAutochamber",7,2013,2013-07-25,"2013-07","Bog","Sphagnum Autochamber Site",3,"N 68 21.2017, E 19 02.8510",NA,"X2",40,44,42,"20130700_S3Z",NA,"713 S-3-X2",NA,NA,"Not Measured","Not Measured",NA,NA,NA,NA,NA,NA,NA,NA,NA,NA,NA,NA,NA,NA,NA,NA,NA,NA,NA,NA,NA,NA,NA,NA,NA,NA,NA,NA,NA,NA,NA,NA,20211117,20211117,"Notes_coring: Lowest Depth Sampled | QualityFlag__.DepthInfo: Water table depth (WTD) note: The WTD sign convention for this field campaign was ambiguous, and/or the WTD signs for some of the sites were questionable. The originally-recorded WTDs are in the column ""Water_Table_Depth_WTD.cm"", and the sign-resolved WTDs (based on emails between Virginia Rich and Suzanne Hodgkins) are in the column ""WTD.cm_neg_is_below_sfc__"".",NA,"MainAutochamber.201307_S_3_40to44","713_S-3-X2",9.1,22.2,16.2,8,15,22,29,55,122,9.85,9.8,9.8,10.2,10.6,10.6,11.4125,10.5333333333333,10.6545454545455,11.3344827586207,10.9909090909091,10.5909836065574,3.2339438549769,2.50247496538546,2.40767172116198,2.60017524987245,2.76722034133685,3.31951415588697,1,1,1,1,-70.7970559211473,1.406602846738,1.3902578875197,0.170715173535375,-68.5803894166497,0.984617488648328,1.28870642716314,0.199535016375777,-69.3183812377407,1.21934458031373,1.18324516593297,0.183549311655395,-69.3030808869739,1.28909287407388,1.06390567617582,0.167047677921839,NA,NA,NA,"40-49",NA,NA,NA,NA,NA,-42,NA
"714_E1_1-5","62b95ebd-0867-4c12-a8a0-940c3a6649a3","MainAutochamber.201407_E_1_1to5","201407_E1_01-05","MainAutochamber",7,2014,2014-07-17,"2014-07","Fen","Eriophorum Autochamber Site",1,"N 68 21.1992, E 19 02.8063","['https://isogenie-db.asc.ohio-state.edu/images/raw/Moira_Hough/2014/Coring/Organised_Coring_Photos/Eriophorum/E1/DSC01814.JPG']",NA,1,5,3,"20140700_E11",NA,"714 E1 1-5","X",NA,"Below Detection (>100)","0.0",14,16.7,"overcast",NA,5.4,NA,NA,NA,0.19665465159617,1.43112285187917,NA,NA,-53.143,-11.9175,NA,NA,NA,2.25194347693543,0.0562115351119335,NA,NA,NA,NA,NA,NA,NA,NA,NA,NA,NA,NA,NA,20211117,20211117,"Notes: Pore water taken at LS1026, N 68 21.1970 E 19 02.8078 but could not core there so moved location | QualityFlag__.DepthInfo: Water table depth (WTD) note: The WTD sign convention for this field campaign was ambiguous, and/or the WTD signs for some of the sites were questionable. The originally-recorded WTDs are in the column ""Water_Table_Depth_WTD.cm"", and the sign-resolved WTDs (based on emails between Virginia Rich and Suzanne Hodgkins) are in the column ""WTD.cm_neg_is_below_sfc__"".",NA,"MainAutochamber.201407_E_1_1to5","714_E1_1-5",10.9,15.6,13.2,8,15,22,29,47,122,18.65,18.6,15.15,12.1,10.9,9.95,18.1625,17.1866666666667,15.2090909090909,12.851724137931,11.4702127659574,10.6754098360656,2.7861583895085,4.0259633570589,4.5391323998891,5.84506022758016,5.63906848974256,5.01187534349623,1,1,1,1,-67.4414364838224,0.587033942393809,10.7629826452768,3.82273257281015,-67.8532085580635,0.619509763458218,8.57271627339764,2.45088096305028,-68.4825912867749,1.16623108574315,7.03549510625662,1.36625434975662,-68.2749020854292,1.06987640683268,6.35217187249993,0.675668294530225,1.04353930952615,0.120811751714413,7.2773404557853,"0-9",0,101,100,"No",97,-3,3
"714_E1_5-9","4e51fadc-e6ed-4042-bf96-1b566a1f5c32","MainAutochamber.201407_E_1_5to9","201407_E1_05-09","MainAutochamber",7,2014,2014-07-17,"2014-07","Fen","Eriophorum Autochamber Site",1,"N 68 21.1992, E 19 02.8063","['https://isogenie-db.asc.ohio-state.edu/images/raw/Moira_Hough/2014/Coring/Organised_Coring_Photos/Eriophorum/E1/DSC01814.JPG']",NA,5,9,7,"20140700_E12",NA,"714 E1 5-9","X","X","Below Detection (>100)","0.0",14,16.9,"overcast",NA,5.1,NA,NA,NA,0.33378188676672,4.33815422837622,NA,NA,-50.54,-13.2035,NA,NA,NA,NA,0.0121610005336858,NA,NA,NA,NA,NA,NA,NA,NA,NA,NA,NA,NA,NA,20211117,20211117,"Notes: Pore water taken at LS1026, N 68 21.1970 E 19 02.8078 but could not core there so moved location | QualityFlag__.DepthInfo: Water table depth (WTD) note: The WTD sign convention for this field campaign was ambiguous, and/or the WTD signs for some of the sites were questionable. The originally-recorded WTDs are in the column ""Water_Table_Depth_WTD.cm"", and the sign-resolved WTDs (based on emails between Virginia Rich and Suzanne Hodgkins) are in the column ""WTD.cm_neg_is_below_sfc__"".",NA,"MainAutochamber.201407_E_1_5to9","714_E1_5-9",10.9,15.6,13.2,8,15,22,29,47,122,18.65,18.6,15.15,12.1,10.9,9.95,18.1625,17.1866666666667,15.2090909090909,12.851724137931,11.4702127659574,10.6754098360656,2.7861583895085,4.0259633570589,4.5391323998891,5.84506022758016,5.63906848974256,5.01187534349623,1,1,1,1,-67.4414364838224,0.587033942393809,10.7629826452768,3.82273257281015,-67.8532085580635,0.619509763458218,8.57271627339764,2.45088096305028,-68.4825912867749,1.16623108574315,7.03549510625662,1.36625434975662,-68.2749020854292,1.06987640683268,6.35217187249993,0.675668294530225,1.0393239314979,0.0714440177563318,12.9969731743058,"0-9",0,101,100,"No",93,-7,7
"714_E1_20-24","0735295e-abf9-4f92-8673-201d5f12ddbc","MainAutochamber.201407_E_1_20to24","201407_E1_20-24","MainAutochamber",7,2014,2014-07-17,"2014-07","Fen","Eriophorum Autochamber Site",1,"N 68 21.1992, E 19 02.8063","['https://isogenie-db.asc.ohio-state.edu/images/raw/Moira_Hough/2014/Coring/Organised_Coring_Photos/Eriophorum/E1/DSC01814.JPG']",NA,20,24,22,"20140700_E14",NA,"714 E1 20-24","X","X","Below Detection (>100)","0.0",14,16.5,"overcast",NA,5.1,NA,NA,NA,0.263738637321589,3.95803435810739,NA,NA,-54.2415,-12.3585,NA,NA,NA,1.30840056929914,0.0248999868016271,NA,NA,NA,NA,NA,NA,NA,NA,NA,NA,NA,NA,NA,20211117,20211117,"Notes: Pore water taken at LS1026, N 68 21.1970 E 19 02.8078 but could not core there so moved location | QualityFlag__.DepthInfo: Water table depth (WTD) note: The WTD sign convention for this field campaign was ambiguous, and/or the WTD signs for some of the sites were questionable. The originally-recorded WTDs are in the column ""Water_Table_Depth_WTD.cm"", and the sign-resolved WTDs (based on emails between Virginia Rich and Suzanne Hodgkins) are in the column ""WTD.cm_neg_is_below_sfc__"".",NA,"MainAutochamber.201407_E_1_20to24","714_E1_20-24",10.9,15.6,13.2,8,15,22,29,47,122,18.65,18.6,15.15,12.1,10.9,9.95,18.1625,17.1866666666667,15.2090909090909,12.851724137931,11.4702127659574,10.6754098360656,2.7861583895085,4.0259633570589,4.5391323998891,5.84506022758016,5.63906848974256,5.01187534349623,1,1,1,1,-67.4414364838224,0.587033942393809,10.7629826452768,3.82273257281015,-67.8532085580635,0.619509763458218,8.57271627339764,2.45088096305028,-68.4825912867749,1.16623108574315,7.03549510625662,1.36625434975662,-68.2749020854292,1.06987640683268,6.35217187249993,0.675668294530225,1.04428508969256,0.0624710607621835,15.0074118767861,"20-29",0,101,100,"No",78,-22,22
"714_E1_30-34","e3124c34-4b0b-493f-943c-b0b8637aea63","MainAutochamber.201407_E_1_30to34","201407_E1_30-34","MainAutochamber",7,2014,2014-07-17,"2014-07","Fen","Eriophorum Autochamber Site",1,"N 68 21.1992, E 19 02.8063","['https://isogenie-db.asc.ohio-state.edu/images/raw/Moira_Hough/2014/Coring/Organised_Coring_Photos/Eriophorum/E1/DSC01814.JPG']",NA,30,34,32,"20140700_E15",NA,"714 E1 30-34","X","X","Below Detection (>100)","0.0",14,15.8,"overcast",NA,5.3,NA,NA,NA,0.186159284358824,3.24788157447568,NA,NA,-53.8075,-11.7545,NA,NA,NA,1.34505953302285,0.0172590731443345,NA,NA,NA,NA,NA,NA,NA,NA,NA,NA,NA,NA,NA,20211117,20211117,"Notes: Pore water taken at LS1026, N 68 21.1970 E 19 02.8078 but could not core there so moved location | QualityFlag__.DepthInfo: Water table depth (WTD) note: The WTD sign convention for this field campaign was ambiguous, and/or the WTD signs for some of the sites were questionable. The originally-recorded WTDs are in the column ""Water_Table_Depth_WTD.cm"", and the sign-resolved WTDs (based on emails between Virginia Rich and Suzanne Hodgkins) are in the column ""WTD.cm_neg_is_below_sfc__"".",NA,"MainAutochamber.201407_E_1_30to34","714_E1_30-34",10.9,15.6,13.2,8,15,22,29,47,122,18.65,18.6,15.15,12.1,10.9,9.95,18.1625,17.1866666666667,15.2090909090909,12.851724137931,11.4702127659574,10.6754098360656,2.7861583895085,4.0259633570589,4.5391323998891,5.84506022758016,5.63906848974256,5.01187534349623,1,1,1,1,-67.4414364838224,0.587033942393809,10.7629826452768,3.82273257281015,-67.8532085580635,0.619509763458218,8.57271627339764,2.45088096305028,-68.4825912867749,1.16623108574315,7.03549510625662,1.36625434975662,-68.2749020854292,1.06987640683268,6.35217187249993,0.675668294530225,1.04444444444444,0.0542099794415392,17.4467880324215,"30-39",0,101,100,"No",68,-32,32
"714_E2_1-5","23ce5142-c3cd-42ce-93e3-67ee42d65d26","MainAutochamber.201407_E_2_1to5","201407_E2_01-05","MainAutochamber",7,2014,2014-07-17,"2014-07","Fen","Eriophorum Autochamber Site",2,"N 68 21.1959, E 19 02.7992","['https://isogenie-db.asc.ohio-state.edu/images/raw/Moira_Hough/2014/Coring/Organised_Coring_Photos/Eriophorum/E2/DSC01812.JPG']",NA,1,5,3,"20140700_E21",NA,"714 E2 1-5",NA,NA,"Below Detection (>100)","Not Measured",14,14.8,"overcast",NA,NA,NA,NA,NA,NA,NA,NA,NA,NA,NA,NA,NA,NA,NA,NA,NA,NA,NA,NA,NA,NA,NA,NA,NA,NA,NA,NA,NA,20211117,20211117,"QualityFlag__.DepthInfo: Water table depth (WTD) note: The WTD sign convention for this field campaign was ambiguous, and/or the WTD signs for some of the sites were questionable. The originally-recorded WTDs are in the column ""Water_Table_Depth_WTD.cm"", and the sign-resolved WTDs (based on emails between Virginia Rich and Suzanne Hodgkins) are in the column ""WTD.cm_neg_is_below_sfc__"".",NA,"MainAutochamber.201407_E_2_1to5","714_E2_1-5",10.9,15.6,13.2,8,15,22,29,47,122,18.65,18.6,15.15,12.1,10.9,9.95,18.1625,17.1866666666667,15.2090909090909,12.851724137931,11.4702127659574,10.6754098360656,2.7861583895085,4.0259633570589,4.5391323998891,5.84506022758016,5.63906848974256,5.01187534349623,1,1,1,1,-67.4414364838224,0.587033942393809,10.7629826452768,3.82273257281015,-67.8532085580635,0.619509763458218,8.57271627339764,2.45088096305028,-68.4825912867749,1.16623108574315,7.03549510625662,1.36625434975662,-68.2749020854292,1.06987640683268,6.35217187249993,0.675668294530225,NA,NA,NA,"0-9",NA,101,100,"No",97,-3,NA
"714_E2_5-9","a5d8ba10-7a85-44eb-aad4-01dd0ce950f9","MainAutochamber.201407_E_2_5to9","201407_E2_05-09","MainAutochamber",7,2014,2014-07-17,"2014-07","Fen","Eriophorum Autochamber Site",2,"N 68 21.1959, E 19 02.7992","['https://isogenie-db.asc.ohio-state.edu/images/raw/Moira_Hough/2014/Coring/Organised_Coring_Photos/Eriophorum/E2/DSC01812.JPG']",NA,5,9,7,"20140700_E22",NA,"714 E2 5-9",NA,NA,"Below Detection (>100)","Not Measured",14,14.8,"overcast",NA,NA,NA,NA,NA,NA,NA,NA,NA,NA,NA,NA,NA,NA,NA,NA,NA,NA,NA,NA,NA,NA,NA,NA,NA,NA,NA,NA,NA,20211117,20211117,"QualityFlag__.DepthInfo: Water table depth (WTD) note: The WTD sign convention for this field campaign was ambiguous, and/or the WTD signs for some of the sites were questionable. The originally-recorded WTDs are in the column ""Water_Table_Depth_WTD.cm"", and the sign-resolved WTDs (based on emails between Virginia Rich and Suzanne Hodgkins) are in the column ""WTD.cm_neg_is_below_sfc__"".",NA,"MainAutochamber.201407_E_2_5to9","714_E2_5-9",10.9,15.6,13.2,8,15,22,29,47,122,18.65,18.6,15.15,12.1,10.9,9.95,18.1625,17.1866666666667,15.2090909090909,12.851724137931,11.4702127659574,10.6754098360656,2.7861583895085,4.0259633570589,4.5391323998891,5.84506022758016,5.63906848974256,5.01187534349623,1,1,1,1,-67.4414364838224,0.587033942393809,10.7629826452768,3.82273257281015,-67.8532085580635,0.619509763458218,8.57271627339764,2.45088096305028,-68.4825912867749,1.16623108574315,7.03549510625662,1.36625434975662,-68.2749020854292,1.06987640683268,6.35217187249993,0.675668294530225,NA,NA,NA,"0-9",NA,101,100,"No",93,-7,NA
"714_E2_20-24","8aa0f203-c7de-44f7-ba9e-ff8d14fa1b17","MainAutochamber.201407_E_2_20to24","201407_E2_20-24","MainAutochamber",7,2014,2014-07-17,"2014-07","Fen","Eriophorum Autochamber Site",2,"N 68 21.1959, E 19 02.7992","['https://isogenie-db.asc.ohio-state.edu/images/raw/Moira_Hough/2014/Coring/Organised_Coring_Photos/Eriophorum/E2/DSC01812.JPG']",NA,20,24,22,"20140700_E24",NA,"714 E2 20-24",NA,NA,"Below Detection (>100)","Not Measured",14,12.6,"overcast",NA,NA,NA,NA,NA,NA,NA,NA,NA,NA,NA,NA,NA,NA,NA,NA,NA,NA,NA,NA,NA,NA,NA,NA,NA,NA,NA,NA,NA,20211117,20211117,"QualityFlag__.DepthInfo: Water table depth (WTD) note: The WTD sign convention for this field campaign was ambiguous, and/or the WTD signs for some of the sites were questionable. The originally-recorded WTDs are in the column ""Water_Table_Depth_WTD.cm"", and the sign-resolved WTDs (based on emails between Virginia Rich and Suzanne Hodgkins) are in the column ""WTD.cm_neg_is_below_sfc__"".",NA,"MainAutochamber.201407_E_2_20to24","714_E2_20-24",10.9,15.6,13.2,8,15,22,29,47,122,18.65,18.6,15.15,12.1,10.9,9.95,18.1625,17.1866666666667,15.2090909090909,12.851724137931,11.4702127659574,10.6754098360656,2.7861583895085,4.0259633570589,4.5391323998891,5.84506022758016,5.63906848974256,5.01187534349623,1,1,1,1,-67.4414364838224,0.587033942393809,10.7629826452768,3.82273257281015,-67.8532085580635,0.619509763458218,8.57271627339764,2.45088096305028,-68.4825912867749,1.16623108574315,7.03549510625662,1.36625434975662,-68.2749020854292,1.06987640683268,6.35217187249993,0.675668294530225,NA,NA,NA,"20-29",NA,101,100,"No",78,-22,NA
"714_P1_20-24","91ab6e86-2d17-435c-9b80-4d830cef9c8d","MainAutochamber.201407_P_1_20to24","201407_P1_20-24","MainAutochamber",7,2014,2014-07-19,"2014-07","Palsa","Palsa Autochamber Site",1,"N 68 21.1959, E 19 02.7974","['https://isogenie-db.asc.ohio-state.edu/images/raw/Moira_Hough/2014/Coring/Organised_Coring_Photos/Palsa/P1/DSC01838.JPG, https://isogenie-db.asc.ohio-state.edu/images/raw/Moira_Hough/2014/Coring/Organised_Coring_Photos/Palsa/P1/DSC01839.JPG, https://isogenie-db.asc.ohio-state.edu/images/raw/Moira_Hough/2014/Coring/Organised_Coring_Photos/Palsa/P1/DSC01840.JPG, https://isogenie-db.asc.ohio-state.edu/images/raw/Moira_Hough/2014/Coring/Organised_Coring_Photos/Palsa/P1/DSC01841.JPG, https://isogenie-db.asc.ohio-state.edu/images/raw/Moira_Hough/2014/Coring/Organised_Coring_Photos/Palsa/P1/DSC01842.JPG, https://isogenie-db.asc.ohio-state.edu/images/raw/Moira_Hough/2014/Coring/Organised_Coring_Photos/Palsa/P1/DSC01843.JPG']",NA,20,24,22,NA,NA,"714 P1 20-24","X",NA,"47.0","Not Detected",26.7,6,"partly cloudy",NA,NA,NA,NA,NA,NA,NA,NA,NA,NA,NA,NA,NA,NA,NA,NA,NA,NA,NA,NA,NA,NA,NA,NA,NA,NA,NA,NA,NA,20211117,20211117,"QualityFlag__.DepthInfo: Water table depth (WTD) note: The WTD sign convention for this field campaign was ambiguous, and/or the WTD signs for some of the sites were questionable. The originally-recorded WTDs are in the column ""Water_Table_Depth_WTD.cm"", and the sign-resolved WTDs (based on emails between Virginia Rich and Suzanne Hodgkins) are in the column ""WTD.cm_neg_is_below_sfc__"".",NA,"MainAutochamber.201407_P_1_20to24","714_P1_20-24",10.5,21.9,16.9,8,15,22,29,49,122,17.5,18.6,16.45,13.4,11.4,9.95,17.325,18.0866666666667,15.8954545454545,13.7103448275862,11.6591836734694,10.6754098360656,2.42472384289133,2.60133665275227,3.99433852593145,5.30547862574866,5.59977374421454,5.01187534349623,0,0,0,0,NA,NA,0.0335259031155321,0.0147225796715756,NA,NA,0.0592212799355769,0.0345320496868681,NA,NA,0.0476902194105467,0.0226928306677392,NA,NA,0.0385673498229823,0.0177461052157545,NA,NA,NA,"20-29",NA,47,47,NA,25,-22,NA
"714_P1_30-34","69378bf5-067c-4843-8edb-ce1a8067b51a","MainAutochamber.201407_P_1_30to34","201407_P1_30-34","MainAutochamber",7,2014,2014-07-19,"2014-07","Palsa","Palsa Autochamber Site",1,"N 68 21.1959, E 19 02.7974","['https://isogenie-db.asc.ohio-state.edu/images/raw/Moira_Hough/2014/Coring/Organised_Coring_Photos/Palsa/P1/DSC01838.JPG, https://isogenie-db.asc.ohio-state.edu/images/raw/Moira_Hough/2014/Coring/Organised_Coring_Photos/Palsa/P1/DSC01839.JPG, https://isogenie-db.asc.ohio-state.edu/images/raw/Moira_Hough/2014/Coring/Organised_Coring_Photos/Palsa/P1/DSC01840.JPG, https://isogenie-db.asc.ohio-state.edu/images/raw/Moira_Hough/2014/Coring/Organised_Coring_Photos/Palsa/P1/DSC01841.JPG, https://isogenie-db.asc.ohio-state.edu/images/raw/Moira_Hough/2014/Coring/Organised_Coring_Photos/Palsa/P1/DSC01842.JPG, https://isogenie-db.asc.ohio-state.edu/images/raw/Moira_Hough/2014/Coring/Organised_Coring_Photos/Palsa/P1/DSC01843.JPG']",NA,30,34,32,NA,NA,"714 P1 30-34","X",NA,"47.0","Not Detected",26.7,3.6,"partly cloudy",NA,NA,NA,NA,NA,NA,NA,NA,NA,NA,NA,NA,NA,NA,NA,NA,NA,NA,NA,NA,NA,NA,NA,NA,NA,NA,NA,NA,NA,20211117,20211117,"QualityFlag__.DepthInfo: Water table depth (WTD) note: The WTD sign convention for this field campaign was ambiguous, and/or the WTD signs for some of the sites were questionable. The originally-recorded WTDs are in the column ""Water_Table_Depth_WTD.cm"", and the sign-resolved WTDs (based on emails between Virginia Rich and Suzanne Hodgkins) are in the column ""WTD.cm_neg_is_below_sfc__"".",NA,"MainAutochamber.201407_P_1_30to34","714_P1_30-34",10.5,21.9,16.9,8,15,22,29,49,122,17.5,18.6,16.45,13.4,11.4,9.95,17.325,18.0866666666667,15.8954545454545,13.7103448275862,11.6591836734694,10.6754098360656,2.42472384289133,2.60133665275227,3.99433852593145,5.30547862574866,5.59977374421454,5.01187534349623,0,0,0,0,NA,NA,0.0335259031155321,0.0147225796715756,NA,NA,0.0592212799355769,0.0345320496868681,NA,NA,0.0476902194105467,0.0226928306677392,NA,NA,0.0385673498229823,0.0177461052157545,NA,NA,NA,"30-39",NA,47,47,NA,15,-32,NA
"714_P1_40-44","5c25236a-08ef-4dd7-9e68-e6bbceecc2cb","MainAutochamber.201407_P_1_40to44","201407_P1_40-44","MainAutochamber",7,2014,2014-07-19,"2014-07","Palsa","Palsa Autochamber Site",1,"N 68 21.1959, E 19 02.7974","['https://isogenie-db.asc.ohio-state.edu/images/raw/Moira_Hough/2014/Coring/Organised_Coring_Photos/Palsa/P1/DSC01838.JPG, https://isogenie-db.asc.ohio-state.edu/images/raw/Moira_Hough/2014/Coring/Organised_Coring_Photos/Palsa/P1/DSC01839.JPG, https://isogenie-db.asc.ohio-state.edu/images/raw/Moira_Hough/2014/Coring/Organised_Coring_Photos/Palsa/P1/DSC01840.JPG, https://isogenie-db.asc.ohio-state.edu/images/raw/Moira_Hough/2014/Coring/Organised_Coring_Photos/Palsa/P1/DSC01841.JPG, https://isogenie-db.asc.ohio-state.edu/images/raw/Moira_Hough/2014/Coring/Organised_Coring_Photos/Palsa/P1/DSC01842.JPG, https://isogenie-db.asc.ohio-state.edu/images/raw/Moira_Hough/2014/Coring/Organised_Coring_Photos/Palsa/P1/DSC01843.JPG']",NA,40,44,42,NA,NA,"714 P1 40-44","X",NA,"47.0","Not Detected",26.7,1.5,"partly cloudy",NA,NA,NA,NA,NA,NA,NA,NA,NA,NA,NA,NA,NA,NA,NA,NA,NA,NA,NA,NA,NA,NA,NA,NA,NA,NA,NA,NA,NA,20211117,20211117,"QualityFlag__.DepthInfo: Water table depth (WTD) note: The WTD sign convention for this field campaign was ambiguous, and/or the WTD signs for some of the sites were questionable. The originally-recorded WTDs are in the column ""Water_Table_Depth_WTD.cm"", and the sign-resolved WTDs (based on emails between Virginia Rich and Suzanne Hodgkins) are in the column ""WTD.cm_neg_is_below_sfc__"".",NA,"MainAutochamber.201407_P_1_40to44","714_P1_40-44",10.5,21.9,16.9,8,15,22,29,49,122,17.5,18.6,16.45,13.4,11.4,9.95,17.325,18.0866666666667,15.8954545454545,13.7103448275862,11.6591836734694,10.6754098360656,2.42472384289133,2.60133665275227,3.99433852593145,5.30547862574866,5.59977374421454,5.01187534349623,0,0,0,0,NA,NA,0.0335259031155321,0.0147225796715756,NA,NA,0.0592212799355769,0.0345320496868681,NA,NA,0.0476902194105467,0.0226928306677392,NA,NA,0.0385673498229823,0.0177461052157545,NA,NA,NA,"40-49",NA,47,47,NA,5,-42,NA
"714_P3_30-34","00b945d1-66e6-4cd5-bc9f-f38d4fb6f4a9","MainAutochamber.201407_P_3_30to34","201407_P3_30-34","MainAutochamber",7,2014,2014-07-19,"2014-07","Palsa","Palsa Autochamber Site",3,"N 68 21.1959, E 19 02.7974","['https://isogenie-db.asc.ohio-state.edu/images/raw/Moira_Hough/2014/Coring/Organised_Coring_Photos/Palsa/P3/DSC01832.JPG, https://isogenie-db.asc.ohio-state.edu/images/raw/Moira_Hough/2014/Coring/Organised_Coring_Photos/Palsa/P3/DSC01833.JPG, https://isogenie-db.asc.ohio-state.edu/images/raw/Moira_Hough/2014/Coring/Organised_Coring_Photos/Palsa/P3/DSC01834.JPG, https://isogenie-db.asc.ohio-state.edu/images/raw/Moira_Hough/2014/Coring/Organised_Coring_Photos/Palsa/P3/DSC01835.JPG, https://isogenie-db.asc.ohio-state.edu/images/raw/Moira_Hough/2014/Coring/Organised_Coring_Photos/Palsa/P3/DSC01836.JPG, https://isogenie-db.asc.ohio-state.edu/images/raw/Moira_Hough/2014/Coring/Organised_Coring_Photos/Palsa/P3/DSC01837.JPG']",NA,30,34,32,NA,NA,"714 P3 30-34",NA,NA,"40.0","Not Detected",29,2.9,"partly cloudy",NA,NA,NA,NA,NA,NA,NA,NA,NA,NA,NA,NA,NA,NA,NA,NA,NA,NA,NA,NA,NA,NA,NA,NA,NA,NA,NA,NA,NA,20211117,20211117,"QualityFlag__.DepthInfo: Water table depth (WTD) note: The WTD sign convention for this field campaign was ambiguous, and/or the WTD signs for some of the sites were questionable. The originally-recorded WTDs are in the column ""Water_Table_Depth_WTD.cm"", and the sign-resolved WTDs (based on emails between Virginia Rich and Suzanne Hodgkins) are in the column ""WTD.cm_neg_is_below_sfc__"".",NA,"MainAutochamber.201407_P_3_30to34","714_P3_30-34",10.5,21.9,16.9,8,15,22,29,49,122,17.5,18.6,16.45,13.4,11.4,9.95,17.325,18.0866666666667,15.8954545454545,13.7103448275862,11.6591836734694,10.6754098360656,2.42472384289133,2.60133665275227,3.99433852593145,5.30547862574866,5.59977374421454,5.01187534349623,0,0,0,0,NA,NA,0.0335259031155321,0.0147225796715756,NA,NA,0.0592212799355769,0.0345320496868681,NA,NA,0.0476902194105467,0.0226928306677392,NA,NA,0.0385673498229823,0.0177461052157545,NA,NA,NA,"30-39",NA,40,40,NA,8,-32,NA
"714_P3_40-44","7f6b8c0c-f8e5-468e-8949-182bc34f72a5","MainAutochamber.201407_P_3_40to44","201407_P3_40-44","MainAutochamber",7,2014,2014-07-19,"2014-07","Palsa","Palsa Autochamber Site",3,"N 68 21.1959, E 19 02.7974","['https://isogenie-db.asc.ohio-state.edu/images/raw/Moira_Hough/2014/Coring/Organised_Coring_Photos/Palsa/P3/DSC01832.JPG, https://isogenie-db.asc.ohio-state.edu/images/raw/Moira_Hough/2014/Coring/Organised_Coring_Photos/Palsa/P3/DSC01833.JPG, https://isogenie-db.asc.ohio-state.edu/images/raw/Moira_Hough/2014/Coring/Organised_Coring_Photos/Palsa/P3/DSC01834.JPG, https://isogenie-db.asc.ohio-state.edu/images/raw/Moira_Hough/2014/Coring/Organised_Coring_Photos/Palsa/P3/DSC01835.JPG, https://isogenie-db.asc.ohio-state.edu/images/raw/Moira_Hough/2014/Coring/Organised_Coring_Photos/Palsa/P3/DSC01836.JPG, https://isogenie-db.asc.ohio-state.edu/images/raw/Moira_Hough/2014/Coring/Organised_Coring_Photos/Palsa/P3/DSC01837.JPG']",NA,40,44,42,NA,NA,"714 P3 40-44",NA,NA,"40.0","Not Detected",29,0.3,"partly cloudy",NA,NA,NA,NA,NA,NA,NA,NA,NA,NA,NA,NA,NA,NA,NA,NA,NA,NA,NA,NA,NA,NA,NA,NA,NA,NA,NA,NA,NA,20211117,20211117,"QualityFlag__.DepthInfo: Water table depth (WTD) note: The WTD sign convention for this field campaign was ambiguous, and/or the WTD signs for some of the sites were questionable. The originally-recorded WTDs are in the column ""Water_Table_Depth_WTD.cm"", and the sign-resolved WTDs (based on emails between Virginia Rich and Suzanne Hodgkins) are in the column ""WTD.cm_neg_is_below_sfc__"".",NA,"MainAutochamber.201407_P_3_40to44","714_P3_40-44",10.5,21.9,16.9,8,15,22,29,49,122,17.5,18.6,16.45,13.4,11.4,9.95,17.325,18.0866666666667,15.8954545454545,13.7103448275862,11.6591836734694,10.6754098360656,2.42472384289133,2.60133665275227,3.99433852593145,5.30547862574866,5.59977374421454,5.01187534349623,0,0,0,0,NA,NA,0.0335259031155321,0.0147225796715756,NA,NA,0.0592212799355769,0.0345320496868681,NA,NA,0.0476902194105467,0.0226928306677392,NA,NA,0.0385673498229823,0.0177461052157545,NA,NA,NA,"40-49",NA,40,40,NA,-2,-42,NA
"714_P3_50-54","26a604b2-f2f6-41e6-b5c3-ddee828096e7","MainAutochamber.201407_P_3_50to54","201407_P3_50-54","MainAutochamber",7,2014,2014-07-19,"2014-07","Palsa","Palsa Autochamber Site",3,"N 68 21.1959, E 19 02.7974","['https://isogenie-db.asc.ohio-state.edu/images/raw/Moira_Hough/2014/Coring/Organised_Coring_Photos/Palsa/P3/DSC01832.JPG, https://isogenie-db.asc.ohio-state.edu/images/raw/Moira_Hough/2014/Coring/Organised_Coring_Photos/Palsa/P3/DSC01833.JPG, https://isogenie-db.asc.ohio-state.edu/images/raw/Moira_Hough/2014/Coring/Organised_Coring_Photos/Palsa/P3/DSC01834.JPG, https://isogenie-db.asc.ohio-state.edu/images/raw/Moira_Hough/2014/Coring/Organised_Coring_Photos/Palsa/P3/DSC01835.JPG, https://isogenie-db.asc.ohio-state.edu/images/raw/Moira_Hough/2014/Coring/Organised_Coring_Photos/Palsa/P3/DSC01836.JPG, https://isogenie-db.asc.ohio-state.edu/images/raw/Moira_Hough/2014/Coring/Organised_Coring_Photos/Palsa/P3/DSC01837.JPG']",NA,50,54,52,NA,NA,"714 P3 50-54",NA,NA,"40.0","Not Detected",29,0,"partly cloudy",NA,NA,NA,NA,NA,NA,NA,NA,NA,NA,NA,NA,NA,NA,NA,NA,NA,NA,NA,NA,NA,NA,NA,NA,NA,NA,NA,NA,NA,20211117,20211117,"QualityFlag__.DepthInfo: Water table depth (WTD) note: The WTD sign convention for this field campaign was ambiguous, and/or the WTD signs for some of the sites were questionable. The originally-recorded WTDs are in the column ""Water_Table_Depth_WTD.cm"", and the sign-resolved WTDs (based on emails between Virginia Rich and Suzanne Hodgkins) are in the column ""WTD.cm_neg_is_below_sfc__"".",NA,"MainAutochamber.201407_P_3_50to54","714_P3_50-54",10.5,21.9,16.9,8,15,22,29,49,122,17.5,18.6,16.45,13.4,11.4,9.95,17.325,18.0866666666667,15.8954545454545,13.7103448275862,11.6591836734694,10.6754098360656,2.42472384289133,2.60133665275227,3.99433852593145,5.30547862574866,5.59977374421454,5.01187534349623,0,0,0,0,NA,NA,0.0335259031155321,0.0147225796715756,NA,NA,0.0592212799355769,0.0345320496868681,NA,NA,0.0476902194105467,0.0226928306677392,NA,NA,0.0385673498229823,0.0177461052157545,NA,NA,NA,"50-59",NA,40,40,NA,-12,-52,NA
"714_P3_60-64","de313b34-6d7a-4823-a9e5-b8d6e8c816f2","MainAutochamber.201407_P_3_60to64","201407_P3_60-64","MainAutochamber",7,2014,2014-07-19,"2014-07","Palsa","Palsa Autochamber Site",3,"N 68 21.1959, E 19 02.7974","['https://isogenie-db.asc.ohio-state.edu/images/raw/Moira_Hough/2014/Coring/Organised_Coring_Photos/Palsa/P3/DSC01832.JPG, https://isogenie-db.asc.ohio-state.edu/images/raw/Moira_Hough/2014/Coring/Organised_Coring_Photos/Palsa/P3/DSC01833.JPG, https://isogenie-db.asc.ohio-state.edu/images/raw/Moira_Hough/2014/Coring/Organised_Coring_Photos/Palsa/P3/DSC01834.JPG, https://isogenie-db.asc.ohio-state.edu/images/raw/Moira_Hough/2014/Coring/Organised_Coring_Photos/Palsa/P3/DSC01835.JPG, https://isogenie-db.asc.ohio-state.edu/images/raw/Moira_Hough/2014/Coring/Organised_Coring_Photos/Palsa/P3/DSC01836.JPG, https://isogenie-db.asc.ohio-state.edu/images/raw/Moira_Hough/2014/Coring/Organised_Coring_Photos/Palsa/P3/DSC01837.JPG']",NA,60,64,62,NA,NA,"714 P3 60-64",NA,NA,"40.0","Not Detected",29,0,"partly cloudy",NA,NA,NA,NA,NA,NA,NA,NA,NA,NA,NA,NA,NA,NA,NA,NA,NA,NA,NA,NA,NA,NA,NA,NA,NA,NA,NA,NA,NA,20211117,20211117,"QualityFlag__.DepthInfo: Water table depth (WTD) note: The WTD sign convention for this field campaign was ambiguous, and/or the WTD signs for some of the sites were questionable. The originally-recorded WTDs are in the column ""Water_Table_Depth_WTD.cm"", and the sign-resolved WTDs (based on emails between Virginia Rich and Suzanne Hodgkins) are in the column ""WTD.cm_neg_is_below_sfc__"".",NA,"MainAutochamber.201407_P_3_60to64","714_P3_60-64",10.5,21.9,16.9,8,15,22,29,49,122,17.5,18.6,16.45,13.4,11.4,9.95,17.325,18.0866666666667,15.8954545454545,13.7103448275862,11.6591836734694,10.6754098360656,2.42472384289133,2.60133665275227,3.99433852593145,5.30547862574866,5.59977374421454,5.01187534349623,0,0,0,0,NA,NA,0.0335259031155321,0.0147225796715756,NA,NA,0.0592212799355769,0.0345320496868681,NA,NA,0.0476902194105467,0.0226928306677392,NA,NA,0.0385673498229823,0.0177461052157545,NA,NA,NA,"60-69",NA,40,40,NA,-22,-62,NA
"714_P3_70-74","f099f77c-1f25-454c-8ca2-5a241800d126","MainAutochamber.201407_P_3_70to74","201407_P3_70-74","MainAutochamber",7,2014,2014-07-19,"2014-07","Palsa","Palsa Autochamber Site",3,"N 68 21.1959, E 19 02.7974","['https://isogenie-db.asc.ohio-state.edu/images/raw/Moira_Hough/2014/Coring/Organised_Coring_Photos/Palsa/P3/DSC01832.JPG, https://isogenie-db.asc.ohio-state.edu/images/raw/Moira_Hough/2014/Coring/Organised_Coring_Photos/Palsa/P3/DSC01833.JPG, https://isogenie-db.asc.ohio-state.edu/images/raw/Moira_Hough/2014/Coring/Organised_Coring_Photos/Palsa/P3/DSC01834.JPG, https://isogenie-db.asc.ohio-state.edu/images/raw/Moira_Hough/2014/Coring/Organised_Coring_Photos/Palsa/P3/DSC01835.JPG, https://isogenie-db.asc.ohio-state.edu/images/raw/Moira_Hough/2014/Coring/Organised_Coring_Photos/Palsa/P3/DSC01836.JPG, https://isogenie-db.asc.ohio-state.edu/images/raw/Moira_Hough/2014/Coring/Organised_Coring_Photos/Palsa/P3/DSC01837.JPG']",NA,70,74,72,NA,NA,"714 P3 70-74",NA,NA,"40.0","Not Detected",29,0,"partly cloudy",NA,NA,NA,NA,NA,NA,NA,NA,NA,NA,NA,NA,NA,NA,NA,NA,NA,NA,NA,NA,NA,NA,NA,NA,NA,NA,NA,NA,NA,20211117,20211117,"QualityFlag__.DepthInfo: Water table depth (WTD) note: The WTD sign convention for this field campaign was ambiguous, and/or the WTD signs for some of the sites were questionable. The originally-recorded WTDs are in the column ""Water_Table_Depth_WTD.cm"", and the sign-resolved WTDs (based on emails between Virginia Rich and Suzanne Hodgkins) are in the column ""WTD.cm_neg_is_below_sfc__"".",NA,"MainAutochamber.201407_P_3_70to74","714_P3_70-74",10.5,21.9,16.9,8,15,22,29,49,122,17.5,18.6,16.45,13.4,11.4,9.95,17.325,18.0866666666667,15.8954545454545,13.7103448275862,11.6591836734694,10.6754098360656,2.42472384289133,2.60133665275227,3.99433852593145,5.30547862574866,5.59977374421454,5.01187534349623,0,0,0,0,NA,NA,0.0335259031155321,0.0147225796715756,NA,NA,0.0592212799355769,0.0345320496868681,NA,NA,0.0476902194105467,0.0226928306677392,NA,NA,0.0385673498229823,0.0177461052157545,NA,NA,NA,"70-79",NA,40,40,NA,-32,-72,NA
"714_S1_1-5","be22d7e4-bb50-4450-b9b2-449aa2ad1476","MainAutochamber.201407_S_1_1to5","201407_S1_01-05","MainAutochamber",7,2014,2014-07-16,"2014-07","Bog","Sphagnum Autochamber Site",1,"N 68 21.1973, E 19 02.8537","['https://isogenie-db.asc.ohio-state.edu/images/raw/Moira_Hough/2014/Coring/Organised_Coring_Photos/Sphagnum/S1/DSC01799.JPG']",NA,1,5,3,"20140700_S11",NA,"714 S1 1-5",NA,NA,"Below Detection (>100)","-10.0",18.1,16.2,"overcast morning clearing around noon. Slight precip & overcast returned in pm",NA,NA,NA,NA,NA,NA,NA,NA,NA,NA,NA,NA,NA,NA,NA,NA,NA,NA,NA,NA,NA,NA,NA,NA,NA,NA,NA,NA,NA,20211117,20211117,"QualityFlag__.DepthInfo: Water table depth (WTD) note: The WTD sign convention for this field campaign was ambiguous, and/or the WTD signs for some of the sites were questionable. The originally-recorded WTDs are in the column ""Water_Table_Depth_WTD.cm"", and the sign-resolved WTDs (based on emails between Virginia Rich and Suzanne Hodgkins) are in the column ""WTD.cm_neg_is_below_sfc__"". For this core, the WTD was assumed to be below the surface because the site is a bog. In addition, there was no porewater pH recorded at 3cm or 7cm.",NA,"MainAutochamber.201407_S_1_1to5","714_S1_1-5",12.9,19.1,16.1,8,15,22,29,46,122,19.2,18.6,15.15,11.9,10.65,9.95,19.1375,17.2,14.9363636363636,12.5827586206897,11.4326086956522,10.6754098360656,2.07566684637561,4.01212448176061,4.83612846480928,6.00571566839916,5.69541938160546,5.01187534349623,0.2,0.142857142857143,0.0666666666666667,0.0333333333333333,-73.001709892381,0.343883443993663,0.635625632833333,0.153560680145329,-73.4920645187088,0.98233846001207,0.580702411806452,0.145809260996163,-72.843008377369,0.353120654194591,0.500267759739344,0.122995168929344,-72.3232395929965,0.447484214997107,0.446365679392789,0.114889556088683,NA,NA,NA,"0-9",-10,101,100,"No",97,-3,-7
"714_S1_5-9","a91c61c9-7fe3-43e2-9357-1a7639af3b79","MainAutochamber.201407_S_1_5to9","201407_S1_05-09","MainAutochamber",7,2014,2014-07-16,"2014-07","Bog","Sphagnum Autochamber Site",1,"N 68 21.1973, E 19 02.8537","['https://isogenie-db.asc.ohio-state.edu/images/raw/Moira_Hough/2014/Coring/Organised_Coring_Photos/Sphagnum/S1/DSC01799.JPG']",NA,5,9,7,"20140700_S12",NA,"714 S1 5-9",NA,NA,"Below Detection (>100)","-10.0",18.1,15.1,"overcast morning clearing around noon. Slight precip & overcast returned in pm",NA,NA,NA,NA,NA,NA,NA,NA,NA,NA,NA,NA,NA,NA,NA,NA,NA,NA,NA,NA,NA,NA,NA,NA,NA,NA,NA,NA,NA,20211117,20211117,"QualityFlag__.DepthInfo: Water table depth (WTD) note: The WTD sign convention for this field campaign was ambiguous, and/or the WTD signs for some of the sites were questionable. The originally-recorded WTDs are in the column ""Water_Table_Depth_WTD.cm"", and the sign-resolved WTDs (based on emails between Virginia Rich and Suzanne Hodgkins) are in the column ""WTD.cm_neg_is_below_sfc__"". For this core, the WTD was assumed to be below the surface because the site is a bog. In addition, there was no porewater pH recorded at 3cm or 7cm.",NA,"MainAutochamber.201407_S_1_5to9","714_S1_5-9",12.9,19.1,16.1,8,15,22,29,46,122,19.2,18.6,15.15,11.9,10.65,9.95,19.1375,17.2,14.9363636363636,12.5827586206897,11.4326086956522,10.6754098360656,2.07566684637561,4.01212448176061,4.83612846480928,6.00571566839916,5.69541938160546,5.01187534349623,0.2,0.142857142857143,0.0666666666666667,0.0666666666666667,-73.001709892381,0.343883443993663,0.635625632833333,0.153560680145329,-73.4920645187088,0.98233846001207,0.580702411806452,0.145809260996163,-72.843008377369,0.353120654194591,0.500267759739344,0.122995168929344,-72.3232395929965,0.447484214997107,0.446365679392789,0.114889556088683,NA,NA,NA,"0-9",-10,101,100,"No",93,-7,-3
"714_S1_10-14","ce4ee0e4-7bad-4206-9497-5540e26093bd","MainAutochamber.201407_S_1_10to14","201407_S1_10-14","MainAutochamber",7,2014,2014-07-16,"2014-07","Bog","Sphagnum Autochamber Site",1,"N 68 21.1973, E 19 02.8537","['https://isogenie-db.asc.ohio-state.edu/images/raw/Moira_Hough/2014/Coring/Organised_Coring_Photos/Sphagnum/S1/DSC01799.JPG']",NA,10,14,12,"20140700_S13",NA,"714 S1 10-14",NA,NA,"Below Detection (>100)","-10.0",18.1,14.1,"overcast morning clearing around noon. Slight precip & overcast returned in pm",NA,5.1,NA,NA,NA,0.103582124397645,2.0828351247327,NA,NA,-61.5195,-8.6275,NA,NA,NA,4.73898524622695,0.0563902827884325,NA,NA,NA,NA,NA,NA,NA,NA,NA,NA,NA,NA,NA,20211117,20211117,"QualityFlag__.DepthInfo: Water table depth (WTD) note: The WTD sign convention for this field campaign was ambiguous, and/or the WTD signs for some of the sites were questionable. The originally-recorded WTDs are in the column ""Water_Table_Depth_WTD.cm"", and the sign-resolved WTDs (based on emails between Virginia Rich and Suzanne Hodgkins) are in the column ""WTD.cm_neg_is_below_sfc__"". For this core, the WTD was assumed to be below the surface because the site is a bog. In addition, there was no porewater pH recorded at 3cm or 7cm.",NA,"MainAutochamber.201407_S_1_10to14","714_S1_10-14",12.9,19.1,16.1,8,15,22,29,46,122,19.2,18.6,15.15,11.9,10.65,9.95,19.1375,17.2,14.9363636363636,12.5827586206897,11.4326086956522,10.6754098360656,2.07566684637561,4.01212448176061,4.83612846480928,6.00571566839916,5.69541938160546,5.01187534349623,0.6,0.714285714285714,0.866666666666667,0.566666666666667,-73.001709892381,0.343883443993663,0.635625632833333,0.153560680145329,-73.4920645187088,0.98233846001207,0.580702411806452,0.145809260996163,-72.843008377369,0.353120654194591,0.500267759739344,0.122995168929344,-72.3232395929965,0.447484214997107,0.446365679392789,0.114889556088683,1.05635918913606,0.0473752777237946,20.108055678959,"10-19",-10,101,100,"No",88,-12,2
"714_S1_20-24","a98b6b78-cca1-4614-85ea-461746112c45","MainAutochamber.201407_S_1_20to24","201407_S1_20-24","MainAutochamber",7,2014,2014-07-16,"2014-07","Bog","Sphagnum Autochamber Site",1,"N 68 21.1973, E 19 02.8537","['https://isogenie-db.asc.ohio-state.edu/images/raw/Moira_Hough/2014/Coring/Organised_Coring_Photos/Sphagnum/S1/DSC01799.JPG']",NA,20,24,22,"20140700_S14",NA,"714 S1 20-24",NA,NA,"Below Detection (>100)","-10.0",18.1,12.1,"overcast morning clearing around noon. Slight precip & overcast returned in pm",NA,4.3,NA,NA,NA,0.235284620638079,4.11335316723369,NA,NA,-64.9995,-6.8765,NA,NA,NA,6.86574565022395,0.0631621843432567,NA,NA,NA,NA,NA,NA,NA,NA,NA,NA,NA,NA,NA,20211117,20211117,"QualityFlag__.DepthInfo: Water table depth (WTD) note: The WTD sign convention for this field campaign was ambiguous, and/or the WTD signs for some of the sites were questionable. The originally-recorded WTDs are in the column ""Water_Table_Depth_WTD.cm"", and the sign-resolved WTDs (based on emails between Virginia Rich and Suzanne Hodgkins) are in the column ""WTD.cm_neg_is_below_sfc__"". For this core, the WTD was assumed to be below the surface because the site is a bog. In addition, there was no porewater pH recorded at 3cm or 7cm.",NA,"MainAutochamber.201407_S_1_20to24","714_S1_20-24",12.9,19.1,16.1,8,15,22,29,46,122,19.2,18.6,15.15,11.9,10.65,9.95,19.1375,17.2,14.9363636363636,12.5827586206897,11.4326086956522,10.6754098360656,2.07566684637561,4.01212448176061,4.83612846480928,6.00571566839916,5.69541938160546,5.01187534349623,1,1,1,1,-73.001709892381,0.343883443993663,0.635625632833333,0.153560680145329,-73.4920645187088,0.98233846001207,0.580702411806452,0.145809260996163,-72.843008377369,0.353120654194591,0.500267759739344,0.122995168929344,-72.3232395929965,0.447484214997107,0.446365679392789,0.114889556088683,1.06216360312107,0.0541053617512779,17.482456592694,"20-29",-10,101,100,"No",78,-22,12
"714_S1_30-34","bb0ecf70-7d46-4d55-bc65-c284e760d3ed","MainAutochamber.201407_S_1_30to34","201407_S1_30-34","MainAutochamber",7,2014,2014-07-16,"2014-07","Bog","Sphagnum Autochamber Site",1,"N 68 21.1973, E 19 02.8537","['https://isogenie-db.asc.ohio-state.edu/images/raw/Moira_Hough/2014/Coring/Organised_Coring_Photos/Sphagnum/S1/DSC01799.JPG']",NA,30,34,32,"20140700_S15",NA,"714 S1 30-34",NA,NA,"Below Detection (>100)","-10.0",18.1,10.4,"overcast morning clearing around noon. Slight precip & overcast returned in pm",NA,4.1,NA,NA,NA,0.417742700535199,5.67191534718357,NA,NA,-73.2295,-3.034,NA,NA,NA,6.27784147799904,0.10077973412161,NA,NA,NA,NA,NA,NA,NA,NA,NA,NA,NA,NA,NA,20211117,20211117,"QualityFlag__.DepthInfo: Water table depth (WTD) note: The WTD sign convention for this field campaign was ambiguous, and/or the WTD signs for some of the sites were questionable. The originally-recorded WTDs are in the column ""Water_Table_Depth_WTD.cm"", and the sign-resolved WTDs (based on emails between Virginia Rich and Suzanne Hodgkins) are in the column ""WTD.cm_neg_is_below_sfc__"". For this core, the WTD was assumed to be below the surface because the site is a bog. In addition, there was no porewater pH recorded at 3cm or 7cm.",NA,"MainAutochamber.201407_S_1_30to34","714_S1_30-34",12.9,19.1,16.1,8,15,22,29,46,122,19.2,18.6,15.15,11.9,10.65,9.95,19.1375,17.2,14.9363636363636,12.5827586206897,11.4326086956522,10.6754098360656,2.07566684637561,4.01212448176061,4.83612846480928,6.00571566839916,5.69541938160546,5.01187534349623,1,1,1,1,-73.001709892381,0.343883443993663,0.635625632833333,0.153560680145329,-73.4920645187088,0.98233846001207,0.580702411806452,0.145809260996163,-72.843008377369,0.353120654194591,0.500267759739344,0.122995168929344,-72.3232395929965,0.447484214997107,0.446365679392789,0.114889556088683,1.0757420526441,0.0685987123187793,13.5775331080995,"30-39",-10,101,100,"No",68,-32,22
"714_S1_40-44","011ca41b-3fe8-45a8-9314-2786e9186898","MainAutochamber.201407_S_1_40to44","201407_S1_40-44","MainAutochamber",7,2014,2014-07-16,"2014-07","Bog","Sphagnum Autochamber Site",1,"N 68 21.1973, E 19 02.8537","['https://isogenie-db.asc.ohio-state.edu/images/raw/Moira_Hough/2014/Coring/Organised_Coring_Photos/Sphagnum/S1/DSC01799.JPG']",NA,40,44,42,"20140700_S16",NA,"714 S1 40-44",NA,NA,"Below Detection (>100)","-10.0",18.1,8.8,"overcast morning clearing around noon. Slight precip & overcast returned in pm",NA,4.2,NA,NA,NA,0.429418995027615,5.54849692648079,NA,NA,-73.458,-2.0395,NA,NA,NA,6.52444819165471,0.1202583523341,NA,NA,NA,NA,NA,NA,NA,NA,NA,NA,NA,NA,NA,20211117,20211117,"QualityFlag__.DepthInfo: Water table depth (WTD) note: The WTD sign convention for this field campaign was ambiguous, and/or the WTD signs for some of the sites were questionable. The originally-recorded WTDs are in the column ""Water_Table_Depth_WTD.cm"", and the sign-resolved WTDs (based on emails between Virginia Rich and Suzanne Hodgkins) are in the column ""WTD.cm_neg_is_below_sfc__"". For this core, the WTD was assumed to be below the surface because the site is a bog. In addition, there was no porewater pH recorded at 3cm or 7cm.",NA,"MainAutochamber.201407_S_1_40to44","714_S1_40-44",12.9,19.1,16.1,8,15,22,29,46,122,19.2,18.6,15.15,11.9,10.65,9.95,19.1375,17.2,14.9363636363636,12.5827586206897,11.4326086956522,10.6754098360656,2.07566684637561,4.01212448176061,4.83612846480928,6.00571566839916,5.69541938160546,5.01187534349623,1,1,1,1,-73.001709892381,0.343883443993663,0.635625632833333,0.153560680145329,-73.4920645187088,0.98233846001207,0.580702411806452,0.145809260996163,-72.843008377369,0.353120654194591,0.500267759739344,0.122995168929344,-72.3232395929965,0.447484214997107,0.446365679392789,0.114889556088683,1.07708069358971,0.0718342313050231,12.9209396666861,"40-49",-10,101,100,"No",58,-42,32
"714_S2_1-5","f8ef0c41-76fc-4065-82e1-15a99f2c7fd9","MainAutochamber.201407_S_2_1to5","201407_S2_01-05","MainAutochamber",7,2014,2014-07-16,"2014-07","Bog","Sphagnum Autochamber Site",2,"N 68 21.1968, E 19 02.8319","['https://isogenie-db.asc.ohio-state.edu/images/raw/Moira_Hough/2014/Coring/Organised_Coring_Photos/Sphagnum/S2/DSC01800.JPG']",NA,1,5,3,"20140700_S21",NA,"714 S2 1-5","X",NA,"Below Detection (>100)","Not Measured",18.1,18.4,"overcast morning clearing around noon. Slight precip & overcast returned in pm",NA,NA,NA,NA,NA,NA,NA,NA,NA,NA,NA,NA,NA,NA,NA,NA,NA,NA,NA,NA,NA,NA,NA,NA,NA,NA,NA,NA,NA,20211117,20211117,"QualityFlag__.DepthInfo: Water table depth (WTD) note: The WTD sign convention for this field campaign was ambiguous, and/or the WTD signs for some of the sites were questionable. The originally-recorded WTDs are in the column ""Water_Table_Depth_WTD.cm"", and the sign-resolved WTDs (based on emails between Virginia Rich and Suzanne Hodgkins) are in the column ""WTD.cm_neg_is_below_sfc__"".",NA,"MainAutochamber.201407_S_2_1to5","714_S2_1-5",12.9,19.1,16.1,8,15,22,29,46,122,19.2,18.6,15.15,11.9,10.65,9.95,19.1375,17.2,14.9363636363636,12.5827586206897,11.4326086956522,10.6754098360656,2.07566684637561,4.01212448176061,4.83612846480928,6.00571566839916,5.69541938160546,5.01187534349623,0.2,0.142857142857143,0.0666666666666667,0.0333333333333333,-73.001709892381,0.343883443993663,0.635625632833333,0.153560680145329,-73.4920645187088,0.98233846001207,0.580702411806452,0.145809260996163,-72.843008377369,0.353120654194591,0.500267759739344,0.122995168929344,-72.3232395929965,0.447484214997107,0.446365679392789,0.114889556088683,NA,NA,NA,"0-9",NA,101,100,"No",97,-3,NA
"714_S2_5-9","13048560-8ce8-4ee8-8b66-19c7e924c51e","MainAutochamber.201407_S_2_5to9","201407_S2_05-09","MainAutochamber",7,2014,2014-07-16,"2014-07","Bog","Sphagnum Autochamber Site",2,"N 68 21.1968, E 19 02.8319","['https://isogenie-db.asc.ohio-state.edu/images/raw/Moira_Hough/2014/Coring/Organised_Coring_Photos/Sphagnum/S2/DSC01800.JPG']",NA,5,9,7,"20140700_S22",NA,"714 S2 5-9","X",NA,"Below Detection (>100)","Not Measured",18.1,17,"overcast morning clearing around noon. Slight precip & overcast returned in pm",NA,NA,NA,NA,NA,NA,NA,NA,NA,NA,NA,NA,NA,NA,NA,NA,NA,NA,NA,NA,NA,NA,NA,NA,NA,NA,NA,NA,NA,20211117,20211117,"QualityFlag__.DepthInfo: Water table depth (WTD) note: The WTD sign convention for this field campaign was ambiguous, and/or the WTD signs for some of the sites were questionable. The originally-recorded WTDs are in the column ""Water_Table_Depth_WTD.cm"", and the sign-resolved WTDs (based on emails between Virginia Rich and Suzanne Hodgkins) are in the column ""WTD.cm_neg_is_below_sfc__"".",NA,"MainAutochamber.201407_S_2_5to9","714_S2_5-9",12.9,19.1,16.1,8,15,22,29,46,122,19.2,18.6,15.15,11.9,10.65,9.95,19.1375,17.2,14.9363636363636,12.5827586206897,11.4326086956522,10.6754098360656,2.07566684637561,4.01212448176061,4.83612846480928,6.00571566839916,5.69541938160546,5.01187534349623,0.2,0.142857142857143,0.0666666666666667,0.0666666666666667,-73.001709892381,0.343883443993663,0.635625632833333,0.153560680145329,-73.4920645187088,0.98233846001207,0.580702411806452,0.145809260996163,-72.843008377369,0.353120654194591,0.500267759739344,0.122995168929344,-72.3232395929965,0.447484214997107,0.446365679392789,0.114889556088683,NA,NA,NA,"0-9",NA,101,100,"No",93,-7,NA
"714_S2_20-24","c688a2bd-2c37-49fc-8dd6-4ceabc07485c","MainAutochamber.201407_S_2_20to24","201407_S2_20-24","MainAutochamber",7,2014,2014-07-16,"2014-07","Bog","Sphagnum Autochamber Site",2,"N 68 21.1968, E 19 02.8319","['https://isogenie-db.asc.ohio-state.edu/images/raw/Moira_Hough/2014/Coring/Organised_Coring_Photos/Sphagnum/S2/DSC01800.JPG']",NA,20,24,22,"20140700_S24",NA,"714 S2 20-24","X",NA,"Below Detection (>100)","Not Measured",18.1,11.9,"overcast morning clearing around noon. Slight precip & overcast returned in pm",NA,NA,NA,NA,NA,NA,NA,NA,NA,NA,NA,NA,NA,NA,NA,NA,NA,NA,NA,NA,NA,NA,NA,NA,NA,NA,NA,NA,NA,20211117,20211117,"QualityFlag__.DepthInfo: Water table depth (WTD) note: The WTD sign convention for this field campaign was ambiguous, and/or the WTD signs for some of the sites were questionable. The originally-recorded WTDs are in the column ""Water_Table_Depth_WTD.cm"", and the sign-resolved WTDs (based on emails between Virginia Rich and Suzanne Hodgkins) are in the column ""WTD.cm_neg_is_below_sfc__"".",NA,"MainAutochamber.201407_S_2_20to24","714_S2_20-24",12.9,19.1,16.1,8,15,22,29,46,122,19.2,18.6,15.15,11.9,10.65,9.95,19.1375,17.2,14.9363636363636,12.5827586206897,11.4326086956522,10.6754098360656,2.07566684637561,4.01212448176061,4.83612846480928,6.00571566839916,5.69541938160546,5.01187534349623,1,1,1,1,-73.001709892381,0.343883443993663,0.635625632833333,0.153560680145329,-73.4920645187088,0.98233846001207,0.580702411806452,0.145809260996163,-72.843008377369,0.353120654194591,0.500267759739344,0.122995168929344,-72.3232395929965,0.447484214997107,0.446365679392789,0.114889556088683,NA,NA,NA,"20-29",NA,101,100,"No",78,-22,NA
"714_S2_40-44","0b431d83-d1c8-494a-885f-aa2973fa5d60","MainAutochamber.201407_S_2_40to44","201407_S2_40-44","MainAutochamber",7,2014,2014-07-16,"2014-07","Bog","Sphagnum Autochamber Site",2,"N 68 21.1968, E 19 02.8319","['https://isogenie-db.asc.ohio-state.edu/images/raw/Moira_Hough/2014/Coring/Organised_Coring_Photos/Sphagnum/S2/DSC01800.JPG']",NA,40,44,42,"20140700_S26",NA,"714 S2 40-44","X",NA,"Below Detection (>100)","Not Measured",18.1,8.8,"overcast morning clearing around noon. Slight precip & overcast returned in pm",NA,NA,NA,NA,NA,NA,NA,NA,NA,NA,NA,NA,NA,NA,NA,NA,NA,NA,NA,NA,NA,NA,NA,NA,NA,NA,NA,NA,NA,20211117,20211117,"QualityFlag__.DepthInfo: Water table depth (WTD) note: The WTD sign convention for this field campaign was ambiguous, and/or the WTD signs for some of the sites were questionable. The originally-recorded WTDs are in the column ""Water_Table_Depth_WTD.cm"", and the sign-resolved WTDs (based on emails between Virginia Rich and Suzanne Hodgkins) are in the column ""WTD.cm_neg_is_below_sfc__"".",NA,"MainAutochamber.201407_S_2_40to44","714_S2_40-44",12.9,19.1,16.1,8,15,22,29,46,122,19.2,18.6,15.15,11.9,10.65,9.95,19.1375,17.2,14.9363636363636,12.5827586206897,11.4326086956522,10.6754098360656,2.07566684637561,4.01212448176061,4.83612846480928,6.00571566839916,5.69541938160546,5.01187534349623,1,1,1,1,-73.001709892381,0.343883443993663,0.635625632833333,0.153560680145329,-73.4920645187088,0.98233846001207,0.580702411806452,0.145809260996163,-72.843008377369,0.353120654194591,0.500267759739344,0.122995168929344,-72.3232395929965,0.447484214997107,0.446365679392789,0.114889556088683,NA,NA,NA,"40-49",NA,101,100,"No",58,-42,NA
"714_S3_1-5","45bd78de-5305-4c96-9fcc-4159ba06fe81","MainAutochamber.201407_S_3_1to5","201407_S3_01-05","MainAutochamber",7,2014,2014-07-16,"2014-07","Bog","Sphagnum Autochamber Site",3,"N 68 21.19189, E 19 02.8572","['https://isogenie-db.asc.ohio-state.edu/images/raw/Moira_Hough/2014/Coring/Organised_Coring_Photos/Sphagnum/S3/DSC01801.JPG']",NA,1,5,3,"20140700_S31",NA,"714 S3 1-5",NA,NA,"Below Detection (>100)","Not Measured",18.1,18.2,"overcast morning clearing around noon. Slight precip & overcast returned in pm",NA,NA,NA,NA,NA,NA,NA,NA,NA,NA,NA,NA,NA,NA,NA,NA,NA,NA,NA,NA,NA,NA,NA,NA,NA,NA,NA,NA,NA,20211117,20211117,"QualityFlag__.DepthInfo: Water table depth (WTD) note: The WTD sign convention for this field campaign was ambiguous, and/or the WTD signs for some of the sites were questionable. The originally-recorded WTDs are in the column ""Water_Table_Depth_WTD.cm"", and the sign-resolved WTDs (based on emails between Virginia Rich and Suzanne Hodgkins) are in the column ""WTD.cm_neg_is_below_sfc__"".",NA,"MainAutochamber.201407_S_3_1to5","714_S3_1-5",12.9,19.1,16.1,8,15,22,29,46,122,19.2,18.6,15.15,11.9,10.65,9.95,19.1375,17.2,14.9363636363636,12.5827586206897,11.4326086956522,10.6754098360656,2.07566684637561,4.01212448176061,4.83612846480928,6.00571566839916,5.69541938160546,5.01187534349623,0.2,0.142857142857143,0.0666666666666667,0.0333333333333333,-73.001709892381,0.343883443993663,0.635625632833333,0.153560680145329,-73.4920645187088,0.98233846001207,0.580702411806452,0.145809260996163,-72.843008377369,0.353120654194591,0.500267759739344,0.122995168929344,-72.3232395929965,0.447484214997107,0.446365679392789,0.114889556088683,NA,NA,NA,"0-9",NA,101,100,"No",97,-3,NA
"714_S3_5-9","34536c69-7c46-4246-994d-a184344e9081","MainAutochamber.201407_S_3_5to9","201407_S3_05-09","MainAutochamber",7,2014,2014-07-16,"2014-07","Bog","Sphagnum Autochamber Site",3,"N 68 21.19189, E 19 02.8572","['https://isogenie-db.asc.ohio-state.edu/images/raw/Moira_Hough/2014/Coring/Organised_Coring_Photos/Sphagnum/S3/DSC01801.JPG']",NA,5,9,7,"20140700_S32",NA,"714 S3 5-9",NA,NA,"Below Detection (>100)","Not Measured",18.1,17.2,"overcast morning clearing around noon. Slight precip & overcast returned in pm",NA,NA,NA,NA,NA,NA,NA,NA,NA,NA,NA,NA,NA,NA,NA,NA,NA,NA,NA,NA,NA,NA,NA,NA,NA,NA,NA,NA,NA,20211117,20211117,"QualityFlag__.DepthInfo: Water table depth (WTD) note: The WTD sign convention for this field campaign was ambiguous, and/or the WTD signs for some of the sites were questionable. The originally-recorded WTDs are in the column ""Water_Table_Depth_WTD.cm"", and the sign-resolved WTDs (based on emails between Virginia Rich and Suzanne Hodgkins) are in the column ""WTD.cm_neg_is_below_sfc__"".",NA,"MainAutochamber.201407_S_3_5to9","714_S3_5-9",12.9,19.1,16.1,8,15,22,29,46,122,19.2,18.6,15.15,11.9,10.65,9.95,19.1375,17.2,14.9363636363636,12.5827586206897,11.4326086956522,10.6754098360656,2.07566684637561,4.01212448176061,4.83612846480928,6.00571566839916,5.69541938160546,5.01187534349623,0.2,0.142857142857143,0.0666666666666667,0.0666666666666667,-73.001709892381,0.343883443993663,0.635625632833333,0.153560680145329,-73.4920645187088,0.98233846001207,0.580702411806452,0.145809260996163,-72.843008377369,0.353120654194591,0.500267759739344,0.122995168929344,-72.3232395929965,0.447484214997107,0.446365679392789,0.114889556088683,NA,NA,NA,"0-9",NA,101,100,"No",93,-7,NA
"714_S3_10-14","2da67526-82d5-486a-8166-daf665f15b13","MainAutochamber.201407_S_3_10to14","201407_S3_10-14","MainAutochamber",7,2014,2014-07-16,"2014-07","Bog","Sphagnum Autochamber Site",3,"N 68 21.19189, E 19 02.8572","['https://isogenie-db.asc.ohio-state.edu/images/raw/Moira_Hough/2014/Coring/Organised_Coring_Photos/Sphagnum/S3/DSC01801.JPG']",NA,10,14,12,"20140700_S33",NA,"714 S3 10-14",NA,NA,"Below Detection (>100)","Not Measured",18.1,15.7,"overcast morning clearing around noon. Slight precip & overcast returned in pm",NA,NA,NA,NA,NA,NA,NA,NA,NA,NA,NA,NA,NA,NA,NA,NA,NA,NA,NA,NA,NA,NA,NA,NA,NA,NA,NA,NA,NA,20211117,20211117,"QualityFlag__.DepthInfo: Water table depth (WTD) note: The WTD sign convention for this field campaign was ambiguous, and/or the WTD signs for some of the sites were questionable. The originally-recorded WTDs are in the column ""Water_Table_Depth_WTD.cm"", and the sign-resolved WTDs (based on emails between Virginia Rich and Suzanne Hodgkins) are in the column ""WTD.cm_neg_is_below_sfc__"".",NA,"MainAutochamber.201407_S_3_10to14","714_S3_10-14",12.9,19.1,16.1,8,15,22,29,46,122,19.2,18.6,15.15,11.9,10.65,9.95,19.1375,17.2,14.9363636363636,12.5827586206897,11.4326086956522,10.6754098360656,2.07566684637561,4.01212448176061,4.83612846480928,6.00571566839916,5.69541938160546,5.01187534349623,0.6,0.714285714285714,0.866666666666667,0.566666666666667,-73.001709892381,0.343883443993663,0.635625632833333,0.153560680145329,-73.4920645187088,0.98233846001207,0.580702411806452,0.145809260996163,-72.843008377369,0.353120654194591,0.500267759739344,0.122995168929344,-72.3232395929965,0.447484214997107,0.446365679392789,0.114889556088683,NA,NA,NA,"10-19",NA,101,100,"No",88,-12,NA
"714_S3_20-24","1ff0cfc6-eeda-46c6-b5c5-cf2aafbbe108","MainAutochamber.201407_S_3_20to24","201407_S3_20-24","MainAutochamber",7,2014,2014-07-16,"2014-07","Bog","Sphagnum Autochamber Site",3,"N 68 21.19189, E 19 02.8572","['https://isogenie-db.asc.ohio-state.edu/images/raw/Moira_Hough/2014/Coring/Organised_Coring_Photos/Sphagnum/S3/DSC01801.JPG']",NA,20,24,22,"20140700_S34",NA,"714 S3 20-24",NA,NA,"Below Detection (>100)","Not Measured",18.1,14.3,"overcast morning clearing around noon. Slight precip & overcast returned in pm",NA,NA,NA,NA,NA,NA,NA,NA,NA,NA,NA,NA,NA,NA,NA,NA,NA,NA,NA,NA,NA,NA,NA,NA,NA,NA,NA,NA,NA,20211117,20211117,"QualityFlag__.DepthInfo: Water table depth (WTD) note: The WTD sign convention for this field campaign was ambiguous, and/or the WTD signs for some of the sites were questionable. The originally-recorded WTDs are in the column ""Water_Table_Depth_WTD.cm"", and the sign-resolved WTDs (based on emails between Virginia Rich and Suzanne Hodgkins) are in the column ""WTD.cm_neg_is_below_sfc__"".",NA,"MainAutochamber.201407_S_3_20to24","714_S3_20-24",12.9,19.1,16.1,8,15,22,29,46,122,19.2,18.6,15.15,11.9,10.65,9.95,19.1375,17.2,14.9363636363636,12.5827586206897,11.4326086956522,10.6754098360656,2.07566684637561,4.01212448176061,4.83612846480928,6.00571566839916,5.69541938160546,5.01187534349623,1,1,1,1,-73.001709892381,0.343883443993663,0.635625632833333,0.153560680145329,-73.4920645187088,0.98233846001207,0.580702411806452,0.145809260996163,-72.843008377369,0.353120654194591,0.500267759739344,0.122995168929344,-72.3232395929965,0.447484214997107,0.446365679392789,0.114889556088683,NA,NA,NA,"20-29",NA,101,100,"No",78,-22,NA
"714_S3_30-34","a07bf64f-f291-4eb3-b5c0-8258e03a1331","MainAutochamber.201407_S_3_30to34","201407_S3_30-34","MainAutochamber",7,2014,2014-07-16,"2014-07","Bog","Sphagnum Autochamber Site",3,"N 68 21.19189, E 19 02.8572","['https://isogenie-db.asc.ohio-state.edu/images/raw/Moira_Hough/2014/Coring/Organised_Coring_Photos/Sphagnum/S3/DSC01801.JPG']",NA,30,34,32,"20140700_S35",NA,"714 S3 30-34",NA,NA,"Below Detection (>100)","Not Measured",18.1,12.4,"overcast morning clearing around noon. Slight precip & overcast returned in pm",NA,NA,NA,NA,NA,NA,NA,NA,NA,NA,NA,NA,NA,NA,NA,NA,NA,NA,NA,NA,NA,NA,NA,NA,NA,NA,NA,NA,NA,20211117,20211117,"QualityFlag__.DepthInfo: Water table depth (WTD) note: The WTD sign convention for this field campaign was ambiguous, and/or the WTD signs for some of the sites were questionable. The originally-recorded WTDs are in the column ""Water_Table_Depth_WTD.cm"", and the sign-resolved WTDs (based on emails between Virginia Rich and Suzanne Hodgkins) are in the column ""WTD.cm_neg_is_below_sfc__"".",NA,"MainAutochamber.201407_S_3_30to34","714_S3_30-34",12.9,19.1,16.1,8,15,22,29,46,122,19.2,18.6,15.15,11.9,10.65,9.95,19.1375,17.2,14.9363636363636,12.5827586206897,11.4326086956522,10.6754098360656,2.07566684637561,4.01212448176061,4.83612846480928,6.00571566839916,5.69541938160546,5.01187534349623,1,1,1,1,-73.001709892381,0.343883443993663,0.635625632833333,0.153560680145329,-73.4920645187088,0.98233846001207,0.580702411806452,0.145809260996163,-72.843008377369,0.353120654194591,0.500267759739344,0.122995168929344,-72.3232395929965,0.447484214997107,0.446365679392789,0.114889556088683,NA,NA,NA,"30-39",NA,101,100,"No",68,-32,NA
"714_S3_40-44","51246350-9379-49cb-956f-e53c56822619","MainAutochamber.201407_S_3_40to44","201407_S3_40-44","MainAutochamber",7,2014,2014-07-16,"2014-07","Bog","Sphagnum Autochamber Site",3,"N 68 21.19189, E 19 02.8572","['https://isogenie-db.asc.ohio-state.edu/images/raw/Moira_Hough/2014/Coring/Organised_Coring_Photos/Sphagnum/S3/DSC01801.JPG']",NA,40,44,42,"20140700_S36",NA,"714 S3 40-44",NA,NA,"Below Detection (>100)","Not Measured",18.1,10.6,"overcast morning clearing around noon. Slight precip & overcast returned in pm",NA,NA,NA,NA,NA,NA,NA,NA,NA,NA,NA,NA,NA,NA,NA,NA,NA,NA,NA,NA,NA,NA,NA,NA,NA,NA,NA,NA,NA,20211117,20211117,"QualityFlag__.DepthInfo: Water table depth (WTD) note: The WTD sign convention for this field campaign was ambiguous, and/or the WTD signs for some of the sites were questionable. The originally-recorded WTDs are in the column ""Water_Table_Depth_WTD.cm"", and the sign-resolved WTDs (based on emails between Virginia Rich and Suzanne Hodgkins) are in the column ""WTD.cm_neg_is_below_sfc__"".",NA,"MainAutochamber.201407_S_3_40to44","714_S3_40-44",12.9,19.1,16.1,8,15,22,29,46,122,19.2,18.6,15.15,11.9,10.65,9.95,19.1375,17.2,14.9363636363636,12.5827586206897,11.4326086956522,10.6754098360656,2.07566684637561,4.01212448176061,4.83612846480928,6.00571566839916,5.69541938160546,5.01187534349623,1,1,1,1,-73.001709892381,0.343883443993663,0.635625632833333,0.153560680145329,-73.4920645187088,0.98233846001207,0.580702411806452,0.145809260996163,-72.843008377369,0.353120654194591,0.500267759739344,0.122995168929344,-72.3232395929965,0.447484214997107,0.446365679392789,0.114889556088683,NA,NA,NA,"40-49",NA,101,100,"No",58,-42,NA
"715_E1_1-5","7f58d9d8-cf5e-46fe-94c6-9b9b739202f5","MainAutochamber.201507_E_1_1to5","201507_E1_01-05","MainAutochamber",7,2015,2015-07-15,"2015-07","Fen","Eriophorum Autochamber Site",1,"N 68 21.198, E 19 02.822",NA,NA,1,5,3,"20150700_E11",NA,"715 E1 1-5","X","X","Below Detection (>100)","0.0",17.6,12.9,"sunny",NA,5.3,NA,NA,NA,0.2137867923526,1.76516429306116,NA,NA,-53.735,-15.264,NA,NA,NA,NA,NA,5.8696,1.3866,NA,NA,NA,NA,NA,NA,NA,NA,NA,NA,NA,20211117,20211117,"QualityFlag__.DepthInfo: Changed GPS on summarized core sheet (originally N 68 21.198 E 19 02.8216) to match this one (N 68 21.198 E 19 02.822) based on Sky's scanned field notes. Note from Sky on WTD: I guess these should have been listed as 0. Although for other Fen sites we have + numbers.  I think moira mentioned that the Erio sites were historically listed as 0. So I think that is why there isn't a number listed on the printed sheets.","QualityFlag__.Biogeochemistry: Assigned to Core 1 based on coring sheet.","MainAutochamber.201507_E_1_1to5","715_E1_1-5",6.22,19.13,13.09,8,14,21,28,44,121,12.61,9.885,8.75,8.73,7.275,9.4,11.26375,10.3064285714286,9.57,9.285,7.98431818181818,9.51950413223141,2.81200963979246,2.46856734266552,2.47990927253398,2.42582173935166,2.68136584227644,2.77891401187576,1,1,1,0.978723404255319,-62.8965266675561,1.53126095052904,5.24258149510978,0.737256981927955,-62.9864258834872,2.26678425833098,5.03222803225086,0.755294425078812,-63.0492124076989,1.79024302798738,4.86424734397037,1.05783295620325,-63.8335490739761,1.58337213563022,4.45268418298619,0.999641547223811,1.04065563029384,0.108030357055491,8.25665736239619,"0-9",0,101,100,"No",97,-3,3
"715_E2_1-5","109df39e-42e9-4615-9c09-03fb53ee55fe","MainAutochamber.201507_E_2_1to5","201507_E2_01-05","MainAutochamber",7,2015,2015-07-15,"2015-07","Fen","Eriophorum Autochamber Site",2,"N 68 21.1982, E 19 02.8091",NA,NA,1,5,3,"20150700_E21",NA,"715 E2 1-5",NA,NA,"Below Detection (>100)","0.0",17.6,12.1,"sunny",NA,NA,NA,NA,NA,NA,NA,NA,NA,NA,NA,NA,NA,NA,NA,NA,NA,NA,NA,NA,NA,NA,NA,NA,NA,NA,NA,NA,NA,20211117,NA,"QualityFlag__.DepthInfo: Note from Sky on WTD: I guess these should have been listed as 0. Although for other Fen sites we have + numbers.  I think moira mentioned that the Erio sites were historically listed as 0. So I think that is why there isn't a number listed on the printed sheets.",NA,"MainAutochamber.201507_E_2_1to5","715_E2_1-5",6.22,19.13,13.09,8,14,21,28,44,121,12.61,9.885,8.75,8.73,7.275,9.4,11.26375,10.3064285714286,9.57,9.285,7.98431818181818,9.51950413223141,2.81200963979246,2.46856734266552,2.47990927253398,2.42582173935166,2.68136584227644,2.77891401187576,1,1,1,0.978723404255319,-62.8965266675561,1.53126095052904,5.24258149510978,0.737256981927955,-62.9864258834872,2.26678425833098,5.03222803225086,0.755294425078812,-63.0492124076989,1.79024302798738,4.86424734397037,1.05783295620325,-63.8335490739761,1.58337213563022,4.45268418298619,0.999641547223811,NA,NA,NA,"0-9",0,101,100,"No",97,-3,3
"715_E2_20-24","97527f2a-62bc-4ad3-9b72-95442d23856d","MainAutochamber.201507_E_2_20to24","201507_E2_20-24","MainAutochamber",7,2015,2015-07-15,"2015-07","Fen","Eriophorum Autochamber Site",2,"N 68 21.1982, E 19 02.8091",NA,NA,20,24,22,"20150700_E24",NA,"715 E2 20-24",NA,NA,"Below Detection (>100)","0.0",17.6,10.3,"sunny",NA,NA,NA,NA,NA,NA,NA,NA,NA,NA,NA,NA,NA,NA,NA,NA,NA,NA,NA,NA,NA,NA,NA,NA,NA,NA,NA,NA,NA,20211117,NA,"QualityFlag__.DepthInfo: Note from Sky on WTD: I guess these should have been listed as 0. Although for other Fen sites we have + numbers.  I think moira mentioned that the Erio sites were historically listed as 0. So I think that is why there isn't a number listed on the printed sheets.",NA,"MainAutochamber.201507_E_2_20to24","715_E2_20-24",6.22,19.13,13.09,8,14,21,28,44,121,12.61,9.885,8.75,8.73,7.275,9.4,11.26375,10.3064285714286,9.57,9.285,7.98431818181818,9.51950413223141,2.81200963979246,2.46856734266552,2.47990927253398,2.42582173935166,2.68136584227644,2.77891401187576,1,1,1,1,-62.8965266675561,1.53126095052904,5.24258149510978,0.737256981927955,-62.9864258834872,2.26678425833098,5.03222803225086,0.755294425078812,-63.0492124076989,1.79024302798738,4.86424734397037,1.05783295620325,-63.8335490739761,1.58337213563022,4.45268418298619,0.999641547223811,NA,NA,NA,"20-29",0,101,100,"No",78,-22,22
"715_E2_30-34","c833ce65-9353-4976-8098-20318858bb88","MainAutochamber.201507_E_2_30to34","201507_E2_30-34","MainAutochamber",7,2015,2015-07-15,"2015-07","Fen","Eriophorum Autochamber Site",2,"N 68 21.1982, E 19 02.8091",NA,NA,30,34,32,"20150700_E25",NA,"715 E2 30-34",NA,NA,"Below Detection (>100)","0.0",17.6,9.6,"sunny",NA,NA,NA,NA,NA,NA,NA,NA,NA,NA,NA,NA,NA,NA,NA,NA,NA,NA,NA,NA,NA,NA,NA,NA,NA,NA,NA,NA,NA,20211117,NA,"QualityFlag__.DepthInfo: Note from Sky on WTD: I guess these should have been listed as 0. Although for other Fen sites we have + numbers.  I think moira mentioned that the Erio sites were historically listed as 0. So I think that is why there isn't a number listed on the printed sheets.",NA,"MainAutochamber.201507_E_2_30to34","715_E2_30-34",6.22,19.13,13.09,8,14,21,28,44,121,12.61,9.885,8.75,8.73,7.275,9.4,11.26375,10.3064285714286,9.57,9.285,7.98431818181818,9.51950413223141,2.81200963979246,2.46856734266552,2.47990927253398,2.42582173935166,2.68136584227644,2.77891401187576,1,1,1,1,-62.8965266675561,1.53126095052904,5.24258149510978,0.737256981927955,-62.9864258834872,2.26678425833098,5.03222803225086,0.755294425078812,-63.0492124076989,1.79024302798738,4.86424734397037,1.05783295620325,-63.8335490739761,1.58337213563022,4.45268418298619,0.999641547223811,NA,NA,NA,"30-39",0,101,100,"No",68,-32,32
"715_E3_1-5","cc3efd86-03d5-4dc7-a3c8-53864e33c2d8","MainAutochamber.201507_E_3_1to5","201507_E3_01-05","MainAutochamber",7,2015,2015-07-15,"2015-07","Fen","Eriophorum Autochamber Site",3,"N 68 21.203, E 19 02.812",NA,NA,1,5,3,"20150700_E31",NA,"715 E3 1-5",NA,NA,"Below Detection (>100)","0.0",17.6,14.5,"sunny",NA,NA,NA,NA,NA,NA,NA,NA,NA,NA,NA,NA,NA,NA,NA,NA,NA,NA,NA,NA,NA,NA,NA,NA,NA,NA,NA,NA,NA,20211117,NA,"QualityFlag__.DepthInfo: Changed GPS on summarized core sheet (originally N 68 21.2025 E 19 02.8088) to match this one (N 68 21.203 E 19 02.812) based on Sky's scanned field notes. Note from Sky on WTD: I guess these should have been listed as 0. Although for other Fen sites we have + numbers.  I think moira mentioned that the Erio sites were historically listed as 0. So I think that is why there isn't a number listed on the printed sheets.",NA,"MainAutochamber.201507_E_3_1to5","715_E3_1-5",6.22,19.13,13.09,8,14,21,28,44,121,12.61,9.885,8.75,8.73,7.275,9.4,11.26375,10.3064285714286,9.57,9.285,7.98431818181818,9.51950413223141,2.81200963979246,2.46856734266552,2.47990927253398,2.42582173935166,2.68136584227644,2.77891401187576,1,1,1,0.978723404255319,-62.8965266675561,1.53126095052904,5.24258149510978,0.737256981927955,-62.9864258834872,2.26678425833098,5.03222803225086,0.755294425078812,-63.0492124076989,1.79024302798738,4.86424734397037,1.05783295620325,-63.8335490739761,1.58337213563022,4.45268418298619,0.999641547223811,NA,NA,NA,"0-9",0,101,100,"No",97,-3,3
"715_E3_10-14","c0c8800d-ea1a-49b2-a47d-09a7e30f9359","MainAutochamber.201507_E_3_10to14","201507_E3_10-14","MainAutochamber",7,2015,2015-07-15,"2015-07","Fen","Eriophorum Autochamber Site",3,"N 68 21.203, E 19 02.812",NA,NA,10,14,12,"20150700_E33",NA,"715 E3 10-14",NA,NA,"Below Detection (>100)","0.0",17.6,13.9,"sunny",NA,NA,NA,NA,NA,NA,NA,NA,NA,NA,NA,NA,NA,NA,NA,NA,NA,NA,NA,NA,NA,NA,NA,NA,NA,NA,NA,NA,NA,20211117,NA,"QualityFlag__.DepthInfo: Changed GPS on summarized core sheet (originally N 68 21.2025 E 19 02.8088) to match this one (N 68 21.203 E 19 02.812) based on Sky's scanned field notes. Note from Sky on WTD: I guess these should have been listed as 0. Although for other Fen sites we have + numbers.  I think moira mentioned that the Erio sites were historically listed as 0. So I think that is why there isn't a number listed on the printed sheets.",NA,"MainAutochamber.201507_E_3_10to14","715_E3_10-14",6.22,19.13,13.09,8,14,21,28,44,121,12.61,9.885,8.75,8.73,7.275,9.4,11.26375,10.3064285714286,9.57,9.285,7.98431818181818,9.51950413223141,2.81200963979246,2.46856734266552,2.47990927253398,2.42582173935166,2.68136584227644,2.77891401187576,1,1,1,1,-62.8965266675561,1.53126095052904,5.24258149510978,0.737256981927955,-62.9864258834872,2.26678425833098,5.03222803225086,0.755294425078812,-63.0492124076989,1.79024302798738,4.86424734397037,1.05783295620325,-63.8335490739761,1.58337213563022,4.45268418298619,0.999641547223811,NA,NA,NA,"10-19",0,101,100,"No",88,-12,12
"715_E3_20-24","2b435b14-4610-4f12-8b43-4eed403803ea","MainAutochamber.201507_E_3_20to24","201507_E3_20-24","MainAutochamber",7,2015,2015-07-15,"2015-07","Fen","Eriophorum Autochamber Site",3,"N 68 21.203, E 19 02.812",NA,NA,20,24,22,"20150700_E34",NA,"715 E3 20-24",NA,NA,"Below Detection (>100)","0.0",17.6,13.3,"sunny",NA,NA,NA,NA,NA,NA,NA,NA,NA,NA,NA,NA,NA,NA,NA,NA,NA,NA,NA,NA,NA,NA,NA,NA,NA,NA,NA,NA,NA,20211117,NA,"QualityFlag__.DepthInfo: Changed GPS on summarized core sheet (originally N 68 21.2025 E 19 02.8088) to match this one (N 68 21.203 E 19 02.812) based on Sky's scanned field notes. Note from Sky on WTD: I guess these should have been listed as 0. Although for other Fen sites we have + numbers.  I think moira mentioned that the Erio sites were historically listed as 0. So I think that is why there isn't a number listed on the printed sheets.",NA,"MainAutochamber.201507_E_3_20to24","715_E3_20-24",6.22,19.13,13.09,8,14,21,28,44,121,12.61,9.885,8.75,8.73,7.275,9.4,11.26375,10.3064285714286,9.57,9.285,7.98431818181818,9.51950413223141,2.81200963979246,2.46856734266552,2.47990927253398,2.42582173935166,2.68136584227644,2.77891401187576,1,1,1,1,-62.8965266675561,1.53126095052904,5.24258149510978,0.737256981927955,-62.9864258834872,2.26678425833098,5.03222803225086,0.755294425078812,-63.0492124076989,1.79024302798738,4.86424734397037,1.05783295620325,-63.8335490739761,1.58337213563022,4.45268418298619,0.999641547223811,NA,NA,NA,"20-29",0,101,100,"No",78,-22,22
"715_E3_30-34","d88dde5f-7a46-4632-8a68-71bc8923a629","MainAutochamber.201507_E_3_30to34","201507_E3_30-34","MainAutochamber",7,2015,2015-07-15,"2015-07","Fen","Eriophorum Autochamber Site",3,"N 68 21.203, E 19 02.812",NA,NA,30,34,32,"20150700_E35",NA,"715 E3 30-34",NA,NA,"Below Detection (>100)","0.0",17.6,12.3,"sunny",NA,NA,NA,NA,NA,NA,NA,NA,NA,NA,NA,NA,NA,NA,NA,NA,NA,NA,NA,NA,NA,NA,NA,NA,NA,NA,NA,NA,NA,20211117,NA,"QualityFlag__.DepthInfo: Changed GPS on summarized core sheet (originally N 68 21.2025 E 19 02.8088) to match this one (N 68 21.203 E 19 02.812) based on Sky's scanned field notes. Note from Sky on WTD: I guess these should have been listed as 0. Although for other Fen sites we have + numbers.  I think moira mentioned that the Erio sites were historically listed as 0. So I think that is why there isn't a number listed on the printed sheets.",NA,"MainAutochamber.201507_E_3_30to34","715_E3_30-34",6.22,19.13,13.09,8,14,21,28,44,121,12.61,9.885,8.75,8.73,7.275,9.4,11.26375,10.3064285714286,9.57,9.285,7.98431818181818,9.51950413223141,2.81200963979246,2.46856734266552,2.47990927253398,2.42582173935166,2.68136584227644,2.77891401187576,1,1,1,1,-62.8965266675561,1.53126095052904,5.24258149510978,0.737256981927955,-62.9864258834872,2.26678425833098,5.03222803225086,0.755294425078812,-63.0492124076989,1.79024302798738,4.86424734397037,1.05783295620325,-63.8335490739761,1.58337213563022,4.45268418298619,0.999641547223811,NA,NA,NA,"30-39",0,101,100,"No",68,-32,32
"715_P1_1-5","1b673f9b-5229-4810-bb5a-290ec7b9e51e","MainAutochamber.201507_P_1_1to5","201507_P1_01-05","MainAutochamber",7,2015,2015-07-15,"2015-07","Palsa","Palsa Autochamber Site",1,"N 68 21.206, E 19 02.831",NA,NA,1,5,3,"20150700_P11",NA,"715 P1 1-5",NA,NA,"40.0","Not Detected",14,11.7,"cloudy and overcast",NA,NA,NA,NA,NA,NA,NA,NA,NA,NA,NA,NA,NA,NA,NA,NA,NA,NA,NA,NA,NA,NA,NA,NA,NA,NA,NA,NA,NA,20211117,NA,"Notes: NOTED: viral sample location taken. If sample taken from main center of core then it is noted with a C (for center) if taken from the portion cut off edge of core it is labelled with a S  (for side) | Notes_coring_additional: no pore water available",NA,"MainAutochamber.201507_P_1_1to5","715_P1_1-5",6.22,19.13,13.09,8,14,21,28,44,121,12.61,9.885,8.75,8.73,7.275,9.4,11.26375,10.3064285714286,9.57,9.285,7.98431818181818,9.51950413223141,2.81200963979246,2.46856734266552,2.47990927253398,2.42582173935166,2.68136584227644,2.77891401187576,0,0,0,0,NA,NA,0.0196720154469697,0.00586054622341204,NA,NA,0.0139669275120166,0.00427264056785751,NA,NA,0.0116272869728496,0.00319434668274828,NA,NA,0.0126842799038051,0.00158906616487997,NA,NA,NA,"0-9",NA,40,40,NA,37,-3,NA
"715_P1_10-14","161998f3-3f28-4252-8e98-58bdd66e70ee","MainAutochamber.201507_P_1_10to14","201507_P1_10-14","MainAutochamber",7,2015,2015-07-15,"2015-07","Palsa","Palsa Autochamber Site",1,"N 68 21.206, E 19 02.831",NA,NA,10,14,12,"20150700_P13",NA,"715 P1 10-14",NA,NA,"40.0","Not Detected",14,10.2,"cloudy and overcast",NA,NA,NA,NA,NA,NA,NA,NA,NA,NA,NA,NA,NA,NA,NA,NA,NA,NA,NA,NA,NA,NA,NA,NA,NA,NA,NA,NA,NA,20211117,NA,"Notes: NOTED: viral sample location taken. If sample taken from main center of core then it is noted with a C (for center) if taken from the portion cut off edge of core it is labelled with a S  (for side) | Notes_coring_additional: no pore water available",NA,"MainAutochamber.201507_P_1_10to14","715_P1_10-14",6.22,19.13,13.09,8,14,21,28,44,121,12.61,9.885,8.75,8.73,7.275,9.4,11.26375,10.3064285714286,9.57,9.285,7.98431818181818,9.51950413223141,2.81200963979246,2.46856734266552,2.47990927253398,2.42582173935166,2.68136584227644,2.77891401187576,0,0,0,0,NA,NA,0.0196720154469697,0.00586054622341204,NA,NA,0.0139669275120166,0.00427264056785751,NA,NA,0.0116272869728496,0.00319434668274828,NA,NA,0.0126842799038051,0.00158906616487997,NA,NA,NA,"10-19",NA,40,40,NA,28,-12,NA
"715_P1_20-24","1f370c00-4070-4198-829c-f72308ac38d0","MainAutochamber.201507_P_1_20to24","201507_P1_20-24","MainAutochamber",7,2015,2015-07-15,"2015-07","Palsa","Palsa Autochamber Site",1,"N 68 21.206, E 19 02.831",NA,NA,20,24,22,"20150700_P14",NA,"715 P1 20-24",NA,NA,"40.0","Not Detected",14,6.4,"cloudy and overcast",NA,NA,NA,NA,NA,NA,NA,NA,NA,NA,NA,NA,NA,NA,NA,NA,NA,NA,NA,NA,NA,NA,NA,NA,NA,NA,NA,NA,NA,20211117,NA,"Notes: NOTED: viral sample location taken. If sample taken from main center of core then it is noted with a C (for center) if taken from the portion cut off edge of core it is labelled with a S  (for side) | Notes_coring_additional: no pore water available",NA,"MainAutochamber.201507_P_1_20to24","715_P1_20-24",6.22,19.13,13.09,8,14,21,28,44,121,12.61,9.885,8.75,8.73,7.275,9.4,11.26375,10.3064285714286,9.57,9.285,7.98431818181818,9.51950413223141,2.81200963979246,2.46856734266552,2.47990927253398,2.42582173935166,2.68136584227644,2.77891401187576,0,0,0,0,NA,NA,0.0196720154469697,0.00586054622341204,NA,NA,0.0139669275120166,0.00427264056785751,NA,NA,0.0116272869728496,0.00319434668274828,NA,NA,0.0126842799038051,0.00158906616487997,NA,NA,NA,"20-29",NA,40,40,NA,18,-22,NA
"715_P1_30-34","2cb37c8f-9ea2-423f-b55f-71268ea6feb4","MainAutochamber.201507_P_1_30to34","201507_P1_30-34","MainAutochamber",7,2015,2015-07-15,"2015-07","Palsa","Palsa Autochamber Site",1,"N 68 21.206, E 19 02.831",NA,NA,30,34,32,"20150700_P15",NA,"715 P1 30-34",NA,NA,"40.0","Not Detected",14,1.8,"cloudy and overcast",NA,NA,NA,NA,NA,NA,NA,NA,NA,NA,NA,NA,NA,NA,NA,NA,NA,NA,NA,NA,NA,NA,NA,NA,NA,NA,NA,NA,NA,20211117,NA,"Notes: NOTED: viral sample location taken. If sample taken from main center of core then it is noted with a C (for center) if taken from the portion cut off edge of core it is labelled with a S  (for side) | Notes_coring_additional: no pore water available",NA,"MainAutochamber.201507_P_1_30to34","715_P1_30-34",6.22,19.13,13.09,8,14,21,28,44,121,12.61,9.885,8.75,8.73,7.275,9.4,11.26375,10.3064285714286,9.57,9.285,7.98431818181818,9.51950413223141,2.81200963979246,2.46856734266552,2.47990927253398,2.42582173935166,2.68136584227644,2.77891401187576,0,0,0,0,NA,NA,0.0196720154469697,0.00586054622341204,NA,NA,0.0139669275120166,0.00427264056785751,NA,NA,0.0116272869728496,0.00319434668274828,NA,NA,0.0126842799038051,0.00158906616487997,NA,NA,NA,"30-39",NA,40,40,NA,8,-32,NA
"715_P2_1-5","c4e8012c-ee0b-43fa-b645-a24c5f6d0178","MainAutochamber.201507_P_2_1to5","201507_P2_01-05","MainAutochamber",7,2015,2015-07-15,"2015-07","Palsa","Palsa Autochamber Site",2,"N 68 21.2069, E 19 02.8361",NA,NA,1,5,3,"20150700_P21",NA,"715 P2 1-5",NA,NA,"38.0","Not Detected",14,12.6,"cloudy and overcast",NA,NA,NA,NA,NA,NA,NA,NA,NA,NA,NA,NA,NA,NA,NA,NA,NA,NA,NA,NA,NA,NA,NA,NA,NA,NA,NA,NA,NA,20211117,NA,"Notes_coring_additional: no pore water available,  2 soil textures at 20-24cm and 30-34 cm",NA,"MainAutochamber.201507_P_2_1to5","715_P2_1-5",6.22,19.13,13.09,8,14,21,28,44,121,12.61,9.885,8.75,8.73,7.275,9.4,11.26375,10.3064285714286,9.57,9.285,7.98431818181818,9.51950413223141,2.81200963979246,2.46856734266552,2.47990927253398,2.42582173935166,2.68136584227644,2.77891401187576,0,0,0,0,NA,NA,0.0196720154469697,0.00586054622341204,NA,NA,0.0139669275120166,0.00427264056785751,NA,NA,0.0116272869728496,0.00319434668274828,NA,NA,0.0126842799038051,0.00158906616487997,NA,NA,NA,"0-9",NA,38,38,NA,35,-3,NA
"715_P2_10-14","99db4a13-52ea-4ff4-8d33-78372a25faf3","MainAutochamber.201507_P_2_10to14","201507_P2_10-14","MainAutochamber",7,2015,2015-07-15,"2015-07","Palsa","Palsa Autochamber Site",2,"N 68 21.2069, E 19 02.8361",NA,NA,10,14,12,"20150700_P23",NA,"715 P2 10-14",NA,NA,"38.0","Not Detected",14,9.4,"cloudy and overcast",NA,NA,NA,NA,NA,NA,NA,NA,NA,NA,NA,NA,NA,NA,NA,NA,NA,NA,NA,NA,NA,NA,NA,NA,NA,NA,NA,NA,NA,20211117,NA,"Notes_coring_additional: no pore water available,  2 soil textures at 20-24cm and 30-34 cm",NA,"MainAutochamber.201507_P_2_10to14","715_P2_10-14",6.22,19.13,13.09,8,14,21,28,44,121,12.61,9.885,8.75,8.73,7.275,9.4,11.26375,10.3064285714286,9.57,9.285,7.98431818181818,9.51950413223141,2.81200963979246,2.46856734266552,2.47990927253398,2.42582173935166,2.68136584227644,2.77891401187576,0,0,0,0,NA,NA,0.0196720154469697,0.00586054622341204,NA,NA,0.0139669275120166,0.00427264056785751,NA,NA,0.0116272869728496,0.00319434668274828,NA,NA,0.0126842799038051,0.00158906616487997,NA,NA,NA,"10-19",NA,38,38,NA,26,-12,NA
"715_P2_20-24","69846238-b56e-418a-94b9-5bd4a7a08f64","MainAutochamber.201507_P_2_20to24","201507_P2_20-24","MainAutochamber",7,2015,2015-07-15,"2015-07","Palsa","Palsa Autochamber Site",2,"N 68 21.2069, E 19 02.8361",NA,NA,20,24,22,"20150700_P24",NA,"715 P2 20-24",NA,NA,"38.0","Not Detected",14,5.6,"cloudy and overcast",NA,NA,NA,NA,NA,NA,NA,NA,NA,NA,NA,NA,NA,NA,NA,NA,NA,NA,NA,NA,NA,NA,NA,NA,NA,NA,NA,NA,NA,20211117,NA,"Notes_coring_additional: no pore water available,  2 soil textures at 20-24cm and 30-34 cm",NA,"MainAutochamber.201507_P_2_20to24","715_P2_20-24",6.22,19.13,13.09,8,14,21,28,44,121,12.61,9.885,8.75,8.73,7.275,9.4,11.26375,10.3064285714286,9.57,9.285,7.98431818181818,9.51950413223141,2.81200963979246,2.46856734266552,2.47990927253398,2.42582173935166,2.68136584227644,2.77891401187576,0,0,0,0,NA,NA,0.0196720154469697,0.00586054622341204,NA,NA,0.0139669275120166,0.00427264056785751,NA,NA,0.0116272869728496,0.00319434668274828,NA,NA,0.0126842799038051,0.00158906616487997,NA,NA,NA,"20-29",NA,38,38,NA,16,-22,NA
"715_P3_1-5","5d5300e3-58d7-4dab-bda5-ebda6fd59ab7","MainAutochamber.201507_P_3_1to5","201507_P3_01-05","MainAutochamber",7,2015,2015-07-15,"2015-07","Palsa","Palsa Autochamber Site",3,"N 68 21.2085, E 19 02.8370",NA,NA,1,5,3,"20150700_P31",NA,"715 P3 1-5",NA,NA,"38.5","Not Detected",14,13.2,"cloudy and overcast",NA,NA,NA,NA,NA,NA,NA,NA,NA,NA,NA,NA,NA,NA,NA,NA,NA,NA,NA,NA,NA,NA,NA,NA,NA,NA,NA,NA,NA,20211117,NA,"Notes_coring_additional: no pore water available, temp taken after coring, next to hole",NA,"MainAutochamber.201507_P_3_1to5","715_P3_1-5",6.22,19.13,13.09,8,14,21,28,44,121,12.61,9.885,8.75,8.73,7.275,9.4,11.26375,10.3064285714286,9.57,9.285,7.98431818181818,9.51950413223141,2.81200963979246,2.46856734266552,2.47990927253398,2.42582173935166,2.68136584227644,2.77891401187576,0,0,0,0,NA,NA,0.0196720154469697,0.00586054622341204,NA,NA,0.0139669275120166,0.00427264056785751,NA,NA,0.0116272869728496,0.00319434668274828,NA,NA,0.0126842799038051,0.00158906616487997,NA,NA,NA,"0-9",NA,38.5,38.5,NA,35.5,-3,NA
"715_P3_10-14","5ebc6492-04f2-4937-ac51-13de9f2a2622","MainAutochamber.201507_P_3_10to14","201507_P3_10-14","MainAutochamber",7,2015,2015-07-15,"2015-07","Palsa","Palsa Autochamber Site",3,"N 68 21.2085, E 19 02.8370",NA,NA,10,14,12,"20150700_P33",NA,"715 P3 10-14",NA,NA,"38.5","Not Detected",14,10.9,"cloudy and overcast",NA,NA,NA,NA,NA,NA,NA,NA,NA,NA,NA,NA,NA,NA,NA,NA,NA,NA,NA,NA,NA,NA,NA,NA,NA,NA,NA,NA,NA,20211117,NA,"Notes_coring_additional: no pore water available, temp taken after coring, next to hole",NA,"MainAutochamber.201507_P_3_10to14","715_P3_10-14",6.22,19.13,13.09,8,14,21,28,44,121,12.61,9.885,8.75,8.73,7.275,9.4,11.26375,10.3064285714286,9.57,9.285,7.98431818181818,9.51950413223141,2.81200963979246,2.46856734266552,2.47990927253398,2.42582173935166,2.68136584227644,2.77891401187576,0,0,0,0,NA,NA,0.0196720154469697,0.00586054622341204,NA,NA,0.0139669275120166,0.00427264056785751,NA,NA,0.0116272869728496,0.00319434668274828,NA,NA,0.0126842799038051,0.00158906616487997,NA,NA,NA,"10-19",NA,38.5,38.5,NA,26.5,-12,NA
"715_P3_20-24","57f18fd8-99f4-4e7a-ac3c-1fb60850d60d","MainAutochamber.201507_P_3_20to24","201507_P3_20-24","MainAutochamber",7,2015,2015-07-15,"2015-07","Palsa","Palsa Autochamber Site",3,"N 68 21.2085, E 19 02.8370",NA,NA,20,24,22,"20150700_P34",NA,"715 P3 20-24",NA,NA,"38.5","Not Detected",14,6.5,"cloudy and overcast",NA,NA,NA,NA,NA,NA,NA,NA,NA,NA,NA,NA,NA,NA,NA,NA,NA,NA,NA,NA,NA,NA,NA,NA,NA,NA,NA,NA,NA,20211117,NA,"Notes_coring_additional: no pore water available, temp taken after coring, next to hole",NA,"MainAutochamber.201507_P_3_20to24","715_P3_20-24",6.22,19.13,13.09,8,14,21,28,44,121,12.61,9.885,8.75,8.73,7.275,9.4,11.26375,10.3064285714286,9.57,9.285,7.98431818181818,9.51950413223141,2.81200963979246,2.46856734266552,2.47990927253398,2.42582173935166,2.68136584227644,2.77891401187576,0,0,0,0,NA,NA,0.0196720154469697,0.00586054622341204,NA,NA,0.0139669275120166,0.00427264056785751,NA,NA,0.0116272869728496,0.00319434668274828,NA,NA,0.0126842799038051,0.00158906616487997,NA,NA,NA,"20-29",NA,38.5,38.5,NA,16.5,-22,NA
"715_P3_30-34","a645954b-084c-4c16-a64e-73ef7e7d674f","MainAutochamber.201507_P_3_30to34","201507_P3_30-34","MainAutochamber",7,2015,2015-07-15,"2015-07","Palsa","Palsa Autochamber Site",3,"N 68 21.2085, E 19 02.8370",NA,NA,30,34,32,"20150700_P35",NA,"715 P3 30-34",NA,NA,"38.5","Not Detected",14,2.7,"cloudy and overcast",NA,NA,NA,NA,NA,NA,NA,NA,NA,NA,NA,NA,NA,NA,NA,NA,NA,NA,NA,NA,NA,NA,NA,NA,NA,NA,NA,NA,NA,20211117,NA,"Notes_coring_additional: no pore water available, temp taken after coring, next to hole",NA,"MainAutochamber.201507_P_3_30to34","715_P3_30-34",6.22,19.13,13.09,8,14,21,28,44,121,12.61,9.885,8.75,8.73,7.275,9.4,11.26375,10.3064285714286,9.57,9.285,7.98431818181818,9.51950413223141,2.81200963979246,2.46856734266552,2.47990927253398,2.42582173935166,2.68136584227644,2.77891401187576,0,0,0,0,NA,NA,0.0196720154469697,0.00586054622341204,NA,NA,0.0139669275120166,0.00427264056785751,NA,NA,0.0116272869728496,0.00319434668274828,NA,NA,0.0126842799038051,0.00158906616487997,NA,NA,NA,"30-39",NA,38.5,38.5,NA,6.5,-32,NA
"715_S1_1-5","c1cb7fc4-30ec-4918-9290-aca7d0806111","MainAutochamber.201507_S_1_1to5","201507_S1_01-05","MainAutochamber",7,2015,2015-07-14,"2015-07","Bog","Sphagnum Autochamber Site",1,"N 68 21.1995, E 19 02.8522",NA,NA,1,5,3,"20150700_S11",NA,"715 S1 1-5","X",NA,"Below Detection (>100)","-13.0",22,16.3,"sunny",NA,NA,NA,NA,NA,NA,NA,NA,NA,NA,NA,NA,NA,NA,NA,NA,NA,NA,NA,NA,NA,NA,NA,NA,NA,NA,NA,NA,NA,20211117,20211117,"Notes: sphag cores takes so that veg corresponds to same numbered chamber. core1 had some seasonal ice that the active layer probe can do through but temp probe could not.  So, measured final temp at hole made by core. core1: did not shake lifeguard in sample. | Notes_coring_additional: sphag cores takes so that veg corresponds to same numbered chamber",NA,"MainAutochamber.201507_S_1_1to5","715_S1_1-5",6.26,19.07,13.69,8,14,21,28,43,121,10.97,9.11,8.75,8.625,7.26,9.4,10.695,9.84214285714286,9.49857142857143,9.06607142857143,7.86558139534884,9.51950413223141,2.84975186889766,2.51557358062936,2.39355235103452,2.34497151413752,2.59341593300234,2.77891401187576,0.214285714285714,0.15,0.111111111111111,0.196428571428571,-64.8340942493699,2.16174457387401,0.421321259924528,0.216933118035446,-65.1534888148646,2.02114054247309,0.391066213620239,0.204798473180376,-63.3629214340541,2.29662324188525,0.378357675889588,0.180336616463901,-64.6283821815764,1.35396508481898,0.378444918781699,0.171650011066525,NA,NA,NA,"0-9",-13,101,100,"No",97,-3,-10
"715_S1_10-14","927ef541-de9c-4f5c-91eb-c5218e6bf142","MainAutochamber.201507_S_1_10to14","201507_S1_10-14","MainAutochamber",7,2015,2015-07-14,"2015-07","Bog","Sphagnum Autochamber Site",1,"N 68 21.1995, E 19 02.8522",NA,NA,10,14,12,"20150700_S13",NA,"715 S1 10-14","X","X","Below Detection (>100)","-13.0",22,8.9,"sunny",NA,4.2,NA,NA,NA,0.0674337584922166,1.30948646326124,NA,NA,-62.4355,-17.157,NA,NA,NA,NA,NA,3.98,0,NA,NA,NA,NA,NA,NA,NA,NA,NA,NA,NA,20211117,20211117,"Notes: sphag cores takes so that veg corresponds to same numbered chamber. core1 had some seasonal ice that the active layer probe can do through but temp probe could not.  So, measured final temp at hole made by core. core1: did not shake lifeguard in sample. | Notes_coring_additional: sphag cores takes so that veg corresponds to same numbered chamber",NA,"MainAutochamber.201507_S_1_10to14","715_S1_10-14",6.26,19.07,13.69,8,14,21,28,43,121,10.97,9.11,8.75,8.625,7.26,9.4,10.695,9.84214285714286,9.49857142857143,9.06607142857143,7.86558139534884,9.51950413223141,2.84975186889766,2.51557358062936,2.39355235103452,2.34497151413752,2.59341593300234,2.77891401187576,1,0.9,0.925925925925926,0.964285714285714,-64.8340942493699,2.16174457387401,0.421321259924528,0.216933118035446,-65.1534888148646,2.02114054247309,0.391066213620239,0.204798473180376,-63.3629214340541,2.29662324188525,0.378357675889588,0.180336616463901,-64.6283821815764,1.35396508481898,0.378444918781699,0.171650011066525,1.04829374405708,0.0489743395636548,19.418856260435,"10-19",-13,101,100,"No",88,-12,-1
"715_S1_20-24","c2a3b791-b74a-4616-b4a6-7a8c3ff325d5","MainAutochamber.201507_S_1_20to24","201507_S1_20-24","MainAutochamber",7,2015,2015-07-14,"2015-07","Bog","Sphagnum Autochamber Site",1,"N 68 21.1995, E 19 02.8522",NA,NA,20,24,22,"20150700_S14",NA,"715 S1 20-24","X","X","Below Detection (>100)","-13.0",22,6,"sunny",NA,4.2,NA,NA,NA,0.204376307038132,2.39017298333545,NA,NA,-70.718,-9.275,NA,NA,NA,NA,NA,1.4706,0,NA,NA,NA,NA,NA,NA,NA,NA,NA,NA,NA,20211117,20211117,"Notes: sphag cores takes so that veg corresponds to same numbered chamber. core1 had some seasonal ice that the active layer probe can do through but temp probe could not.  So, measured final temp at hole made by core. core1: did not shake lifeguard in sample. | Notes_coring_additional: sphag cores takes so that veg corresponds to same numbered chamber",NA,"MainAutochamber.201507_S_1_20to24","715_S1_20-24",6.26,19.07,13.69,8,14,21,28,43,121,10.97,9.11,8.75,8.625,7.26,9.4,10.695,9.84214285714286,9.49857142857143,9.06607142857143,7.86558139534884,9.51950413223141,2.84975186889766,2.51557358062936,2.39355235103452,2.34497151413752,2.59341593300234,2.77891401187576,1,1,1,1,-64.8340942493699,2.16174457387401,0.421321259924528,0.216933118035446,-65.1534888148646,2.02114054247309,0.391066213620239,0.204798473180376,-63.3629214340541,2.29662324188525,0.378357675889588,0.180336616463901,-64.6283821815764,1.35396508481898,0.378444918781699,0.171650011066525,1.06611878848401,0.0787714104320232,11.6949612113771,"20-29",-13,101,100,"No",78,-22,9
"715_S1_30-34","a78f19f1-7244-47c9-ad8d-6ee5b406dee6","MainAutochamber.201507_S_1_30to34","201507_S1_30-34","MainAutochamber",7,2015,2015-07-14,"2015-07","Bog","Sphagnum Autochamber Site",1,"N 68 21.1995, E 19 02.8522",NA,NA,30,34,32,"20150700_S15",NA,"715 S1 30-34","X","X","Below Detection (>100)","-13.0",22,2.7,"sunny",NA,4.4,NA,NA,NA,0.328867316392867,2.74431095097657,NA,NA,-74.998,-4.176,NA,NA,NA,NA,NA,0.7956,0,NA,NA,NA,NA,NA,NA,NA,NA,NA,NA,NA,20211117,20211117,"Notes: sphag cores takes so that veg corresponds to same numbered chamber. core1 had some seasonal ice that the active layer probe can do through but temp probe could not.  So, measured final temp at hole made by core. core1: did not shake lifeguard in sample. | Notes_coring_additional: sphag cores takes so that veg corresponds to same numbered chamber",NA,"MainAutochamber.201507_S_1_30to34","715_S1_30-34",6.26,19.07,13.69,8,14,21,28,43,121,10.97,9.11,8.75,8.625,7.26,9.4,10.695,9.84214285714286,9.49857142857143,9.06607142857143,7.86558139534884,9.51950413223141,2.84975186889766,2.51557358062936,2.39355235103452,2.34497151413752,2.59341593300234,2.77891401187576,1,1,1,1,-64.8340942493699,2.16174457387401,0.421321259924528,0.216933118035446,-65.1534888148646,2.02114054247309,0.391066213620239,0.204798473180376,-63.3629214340541,2.29662324188525,0.378357675889588,0.180336616463901,-64.6283821815764,1.35396508481898,0.378444918781699,0.171650011066525,1.0765641587802,0.10701211832868,8.34473605062717,"30-39",-13,101,100,"No",68,-32,19
"715_S2_10-14","57a0c778-093f-485b-afaa-7bbde786ed1f","MainAutochamber.201507_S_2_10to14","201507_S2_10-14","MainAutochamber",7,2015,2015-07-14,"2015-07","Bog","Sphagnum Autochamber Site",2,"N 68 21.1990, E 19 02.8524",NA,NA,10,14,12,"20150700_S23",NA,"715 S2 10-14","X",NA,"Below Detection (>100)","-16.0",20,11.2,"sunny",NA,NA,NA,NA,NA,NA,NA,NA,NA,NA,NA,NA,NA,NA,NA,NA,NA,NA,NA,NA,NA,NA,NA,NA,NA,NA,NA,NA,NA,20211117,20211117,"Notes_coring_additional: core1 had some seasonal ice that the active layer probe can do through but temp probe could not.  So, measured final temp at hole made by core. : did not shake lifeguard in sample.",NA,"MainAutochamber.201507_S_2_10to14","715_S2_10-14",6.26,19.07,13.69,8,14,21,28,43,121,10.97,9.11,8.75,8.625,7.26,9.4,10.695,9.84214285714286,9.49857142857143,9.06607142857143,7.86558139534884,9.51950413223141,2.84975186889766,2.51557358062936,2.39355235103452,2.34497151413752,2.59341593300234,2.77891401187576,1,0.9,0.925925925925926,0.964285714285714,-64.8340942493699,2.16174457387401,0.421321259924528,0.216933118035446,-65.1534888148646,2.02114054247309,0.391066213620239,0.204798473180376,-63.3629214340541,2.29662324188525,0.378357675889588,0.180336616463901,-64.6283821815764,1.35396508481898,0.378444918781699,0.171650011066525,NA,NA,NA,"10-19",-16,101,100,"No",88,-12,-4
"715_S2_20-24","e4a0e330-c088-46e3-b38f-4984812508ad","MainAutochamber.201507_S_2_20to24","201507_S2_20-24","MainAutochamber",7,2015,2015-07-14,"2015-07","Bog","Sphagnum Autochamber Site",2,"N 68 21.1990, E 19 02.8524",NA,NA,20,24,22,"20150700_S24",NA,"715 S2 20-24","X",NA,"Below Detection (>100)","-16.0",20,9.2,"sunny",NA,NA,NA,NA,NA,NA,NA,NA,NA,NA,NA,NA,NA,NA,NA,NA,NA,NA,NA,NA,NA,NA,NA,NA,NA,NA,NA,NA,NA,20211117,20211117,"Notes_coring_additional: core1 had some seasonal ice that the active layer probe can do through but temp probe could not.  So, measured final temp at hole made by core. : did not shake lifeguard in sample.",NA,"MainAutochamber.201507_S_2_20to24","715_S2_20-24",6.26,19.07,13.69,8,14,21,28,43,121,10.97,9.11,8.75,8.625,7.26,9.4,10.695,9.84214285714286,9.49857142857143,9.06607142857143,7.86558139534884,9.51950413223141,2.84975186889766,2.51557358062936,2.39355235103452,2.34497151413752,2.59341593300234,2.77891401187576,1,1,1,1,-64.8340942493699,2.16174457387401,0.421321259924528,0.216933118035446,-65.1534888148646,2.02114054247309,0.391066213620239,0.204798473180376,-63.3629214340541,2.29662324188525,0.378357675889588,0.180336616463901,-64.6283821815764,1.35396508481898,0.378444918781699,0.171650011066525,NA,NA,NA,"20-29",-16,101,100,"No",78,-22,6
"715_S2_30-34","9e9461d0-66e7-4f87-9e16-c2c64ce0552e","MainAutochamber.201507_S_2_30to34","201507_S2_30-34","MainAutochamber",7,2015,2015-07-14,"2015-07","Bog","Sphagnum Autochamber Site",2,"N 68 21.1990, E 19 02.8524",NA,NA,30,34,32,"20150700_S25",NA,"715 S2 30-34","X",NA,"Below Detection (>100)","-16.0",20,7.7,"sunny",NA,NA,NA,NA,NA,NA,NA,NA,NA,NA,NA,NA,NA,NA,NA,NA,NA,NA,NA,NA,NA,NA,NA,NA,NA,NA,NA,NA,NA,20211117,20211117,"Notes_coring_additional: core1 had some seasonal ice that the active layer probe can do through but temp probe could not.  So, measured final temp at hole made by core. : did not shake lifeguard in sample.",NA,"MainAutochamber.201507_S_2_30to34","715_S2_30-34",6.26,19.07,13.69,8,14,21,28,43,121,10.97,9.11,8.75,8.625,7.26,9.4,10.695,9.84214285714286,9.49857142857143,9.06607142857143,7.86558139534884,9.51950413223141,2.84975186889766,2.51557358062936,2.39355235103452,2.34497151413752,2.59341593300234,2.77891401187576,1,1,1,1,-64.8340942493699,2.16174457387401,0.421321259924528,0.216933118035446,-65.1534888148646,2.02114054247309,0.391066213620239,0.204798473180376,-63.3629214340541,2.29662324188525,0.378357675889588,0.180336616463901,-64.6283821815764,1.35396508481898,0.378444918781699,0.171650011066525,NA,NA,NA,"30-39",-16,101,100,"No",68,-32,16
"715_S3_20-24","65ba8367-f3f1-45d9-9cec-31b4e98a5b06","MainAutochamber.201507_S_3_20to24","201507_S3_20-24","MainAutochamber",7,2015,2015-07-14,"2015-07","Bog","Sphagnum Autochamber Site",3,"N 68 21.1989, E 19 02.8504",NA,NA,20,24,22,"20150700_S34",NA,"715 S3 20-24","X",NA,"35.0","-15.0",19.3,6,"sunny",NA,NA,NA,NA,NA,NA,NA,NA,NA,NA,NA,NA,NA,NA,NA,NA,NA,NA,NA,NA,NA,NA,NA,NA,NA,NA,NA,NA,NA,20211117,20211117,"Notes: core looks compacted, hole is 40cm | Notes_coring_additional: core 3 looks compacted, hole is 40cm",NA,"MainAutochamber.201507_S_3_20to24","715_S3_20-24",6.26,19.07,13.69,8,14,21,28,43,121,10.97,9.11,8.75,8.625,7.26,9.4,10.695,9.84214285714286,9.49857142857143,9.06607142857143,7.86558139534884,9.51950413223141,2.84975186889766,2.51557358062936,2.39355235103452,2.34497151413752,2.59341593300234,2.77891401187576,1,1,1,1,-64.8340942493699,2.16174457387401,0.421321259924528,0.216933118035446,-65.1534888148646,2.02114054247309,0.391066213620239,0.204798473180376,-63.3629214340541,2.29662324188525,0.378357675889588,0.180336616463901,-64.6283821815764,1.35396508481898,0.378444918781699,0.171650011066525,NA,NA,NA,"20-29",-15,35,35,NA,13,-22,7
"715_S3_30-34","9abaef7e-cee7-4224-8a5d-339d5f0ec4c6","MainAutochamber.201507_S_3_30to34","201507_S3_30-34","MainAutochamber",7,2015,2015-07-14,"2015-07","Bog","Sphagnum Autochamber Site",3,"N 68 21.1989, E 19 02.8504",NA,NA,30,34,32,"20150700_S35",NA,"715 S3 30-34","X",NA,"35.0","-15.0",19.3,3.5,"sunny",NA,NA,NA,NA,NA,NA,NA,NA,NA,NA,NA,NA,NA,NA,NA,NA,NA,NA,NA,NA,NA,NA,NA,NA,NA,NA,NA,NA,NA,20211117,20211117,"Notes: core looks compacted, hole is 40cm | Notes_coring_additional: core 3 looks compacted, hole is 40cm",NA,"MainAutochamber.201507_S_3_30to34","715_S3_30-34",6.26,19.07,13.69,8,14,21,28,43,121,10.97,9.11,8.75,8.625,7.26,9.4,10.695,9.84214285714286,9.49857142857143,9.06607142857143,7.86558139534884,9.51950413223141,2.84975186889766,2.51557358062936,2.39355235103452,2.34497151413752,2.59341593300234,2.77891401187576,1,1,1,1,-64.8340942493699,2.16174457387401,0.421321259924528,0.216933118035446,-65.1534888148646,2.02114054247309,0.391066213620239,0.204798473180376,-63.3629214340541,2.29662324188525,0.378357675889588,0.180336616463901,-64.6283821815764,1.35396508481898,0.378444918781699,0.171650011066525,NA,NA,NA,"30-39",-15,35,35,NA,3,-32,17
"716_E1_1-5","160f4eea-84f6-4a86-ba12-49bde4bc17c4","MainAutochamber.201607_E_1_1to5","201607_E1_01-05","MainAutochamber",7,2016,2016-07-23,"2016-07","Fen","Eriophorum Autochamber Site",1,"N 68 21.1942, E 19 02.8208","['https://isogenie-db.asc.ohio-state.edu/images/raw/Nicole_Raab/2016/Erio_autochamber_sites/Erio_core_1/Erio_core1_core_pic1_July2016.jpg, https://isogenie-db.asc.ohio-state.edu/images/raw/Nicole_Raab/2016/Erio_autochamber_sites/Erio_core_1/Erio_core1_core_pic2_July2016.jpg']",NA,1,5,3,"20160700_E11",NA,"716 E1 1-5",NA,"X","Below Detection (>100)","-4.2",25.2,19.9,"sunny, still air (no breeze)",NA,5.6,NA,NA,NA,NA,0.640475317902754,NA,NA,NA,-16.6895,NA,NA,NA,NA,NA,0,NA,NA,NA,NA,NA,NA,NA,NA,NA,NA,NA,NA,20211117,20211117,"Notes: On this day, July 23, the oxygen probe began behaving erratically and we could not trust its measurements. From this day onward, we could not take O2 % measurements (hence no day-of-coring O2 measurements for palsa and sphagnum autochamber sites) | Notes_O2: Oxygen measured at same time as temperature | Notes_coring: Coring end = time when all samples had been taken from core and leftover core material was put back in core hole | Notes_porewater: All porewater was taken the day of coring, immediately before coring occurred. | Notes_soil_T: Soil temp measured before porewater, at same time as O26",NA,"MainAutochamber.201607_E_1_1to5","716_E1_1-5",12.7,25.84,18.52,8,15,22,29,53,122,10.695,10.69,10.52,10.82,9.21,9.05,12.62,12.1146666666667,11.7713636363636,12.3120689655172,9.72150943396226,9.52672131147541,4.23692610947404,3.52459291806802,3.31849692804918,3.32941047903845,4.1142530849505,3.38656227425295,1,1,1,1,-64.6303096454614,1.48052920301692,10.3946235192921,0.0656835118120851,-64.5523757748063,1.24132367730634,9.58066314520409,0.0447451579986113,-64.6613548207873,0.896741886355507,8.80156197645642,0.126396046649966,NA,NA,NA,NA,NA,NA,NA,"0-9",-4.2,101,100,"No",97,-3,-1.2
"716_E1_10-14","d0ec4bb0-806a-46e3-8e55-db1517346cd3","MainAutochamber.201607_E_1_10to14","201607_E1_10-14","MainAutochamber",7,2016,2016-07-23,"2016-07","Fen","Eriophorum Autochamber Site",1,"N 68 21.1942, E 19 02.8208","['https://isogenie-db.asc.ohio-state.edu/images/raw/Nicole_Raab/2016/Erio_autochamber_sites/Erio_core_1/Erio_core1_core_pic1_July2016.jpg, https://isogenie-db.asc.ohio-state.edu/images/raw/Nicole_Raab/2016/Erio_autochamber_sites/Erio_core_1/Erio_core1_core_pic2_July2016.jpg']",NA,10,14,12,"20160700_E13",NA,"716 E1 10-14",NA,"X","Below Detection (>100)","-4.2",25.2,13.7,"sunny, still air (no breeze)",NA,5,NA,NA,NA,0.125321326883588,1.30403591467779,NA,NA,-54.264,-17.1665,NA,NA,NA,NA,NA,27.8862,8.9147,NA,NA,NA,NA,NA,NA,NA,NA,NA,NA,NA,20211117,20211117,"Notes_O2: Oxygen measured at same time as temperature | Notes_coring: Coring end = time when all samples had been taken from core and leftover core material was put back in core hole | Notes_porewater: All porewater was taken the day of coring, immediately before coring occurred. | Notes_soil_T: Soil temp measured before porewater, at same time as O27",NA,"MainAutochamber.201607_E_1_10to14","716_E1_10-14",12.7,25.84,18.52,8,15,22,29,53,122,10.695,10.69,10.52,10.82,9.21,9.05,12.62,12.1146666666667,11.7713636363636,12.3120689655172,9.72150943396226,9.52672131147541,4.23692610947404,3.52459291806802,3.31849692804918,3.32941047903845,4.1142530849505,3.38656227425295,1,1,1,1,-64.6303096454614,1.48052920301692,10.3946235192921,0.0656835118120851,-64.5523757748063,1.24132367730634,9.58066314520409,0.0447451579986113,-64.6613548207873,0.896741886355507,8.80156197645642,0.126396046649966,NA,NA,NA,NA,1.03922606308737,0.087676700575352,10.4055386828861,"10-19",-4.2,101,100,"No",88,-12,7.8
"716_E1_20-24","336e1b32-0d18-403a-b804-4719519031f4","MainAutochamber.201607_E_1_20to24","201607_E1_20-24","MainAutochamber",7,2016,2016-07-23,"2016-07","Fen","Eriophorum Autochamber Site",1,"N 68 21.1942, E 19 02.8208","['https://isogenie-db.asc.ohio-state.edu/images/raw/Nicole_Raab/2016/Erio_autochamber_sites/Erio_core_1/Erio_core1_core_pic1_July2016.jpg, https://isogenie-db.asc.ohio-state.edu/images/raw/Nicole_Raab/2016/Erio_autochamber_sites/Erio_core_1/Erio_core1_core_pic2_July2016.jpg']",NA,20,24,22,"20160700_E14",NA,"716 E1 20-24",NA,"X","Below Detection (>100)","-4.2",25.2,12.8,"sunny, still air (no breeze)",NA,5.6,NA,NA,NA,0.163353462740986,1.58325244170162,NA,NA,-53.6725,-16.579,NA,NA,NA,NA,NA,0,NA,NA,NA,NA,NA,NA,NA,NA,NA,NA,NA,NA,20211117,20211117,"Notes_O2: Oxygen measured at same time as temperature | Notes_coring: Coring end = time when all samples had been taken from core and leftover core material was put back in core hole | Notes_porewater: All porewater was taken the day of coring, immediately before coring occurred. | Notes_soil_T: Soil temp measured before porewater, at same time as O28",NA,"MainAutochamber.201607_E_1_20to24","716_E1_20-24",12.7,25.84,18.52,8,15,22,29,53,122,10.695,10.69,10.52,10.82,9.21,9.05,12.62,12.1146666666667,11.7713636363636,12.3120689655172,9.72150943396226,9.52672131147541,4.23692610947404,3.52459291806802,3.31849692804918,3.32941047903845,4.1142530849505,3.38656227425295,1,1,1,1,-64.6303096454614,1.48052920301692,10.3946235192921,0.0656835118120851,-64.5523757748063,1.24132367730634,9.58066314520409,0.0447451579986113,-64.6613548207873,0.896741886355507,8.80156197645642,0.126396046649966,NA,NA,NA,NA,1.03919731805321,0.0935262283984531,9.69218781858351,"20-29",-4.2,101,100,"No",78,-22,17.8
"716_E1_30-34","63fe0ee5-20c1-43f1-b2ce-42bb163dd3ff","MainAutochamber.201607_E_1_30to34","201607_E1_30-34","MainAutochamber",7,2016,2016-07-23,"2016-07","Fen","Eriophorum Autochamber Site",1,"N 68 21.1942, E 19 02.8208","['https://isogenie-db.asc.ohio-state.edu/images/raw/Nicole_Raab/2016/Erio_autochamber_sites/Erio_core_1/Erio_core1_core_pic1_July2016.jpg, https://isogenie-db.asc.ohio-state.edu/images/raw/Nicole_Raab/2016/Erio_autochamber_sites/Erio_core_1/Erio_core1_core_pic2_July2016.jpg']",NA,30,34,32,"20160700_E15",NA,"716 E1 30-34",NA,"X","Below Detection (>100)","-4.2",25.2,12.2,"sunny, still air (no breeze)",NA,5.5,NA,NA,NA,0.203711832020355,2.42388322746832,NA,NA,-50.329,-15.489,NA,NA,NA,NA,NA,0.5506,1.2582,NA,NA,NA,NA,NA,NA,NA,NA,NA,NA,NA,20211117,20211117,"Notes_O2: Oxygen measured at same time as temperature | Notes_coring: Coring end = time when all samples had been taken from core and leftover core material was put back in core hole | Notes_porewater: All porewater was taken the day of coring, immediately before coring occurred. | Notes_soil_T: Soil temp measured before porewater, at same time as O29",NA,"MainAutochamber.201607_E_1_30to34","716_E1_30-34",12.7,25.84,18.52,8,15,22,29,53,122,10.695,10.69,10.52,10.82,9.21,9.05,12.62,12.1146666666667,11.7713636363636,12.3120689655172,9.72150943396226,9.52672131147541,4.23692610947404,3.52459291806802,3.31849692804918,3.32941047903845,4.1142530849505,3.38656227425295,1,1,1,1,-64.6303096454614,1.48052920301692,10.3946235192921,0.0656835118120851,-64.5523757748063,1.24132367730634,9.58066314520409,0.0447451579986113,-64.6613548207873,0.896741886355507,8.80156197645642,0.126396046649966,NA,NA,NA,NA,1.03668638928639,0.0775278638482434,11.898588331512,"30-39",-4.2,101,100,"No",68,-32,27.8
"716_E3_1-5","09f30f67-4b73-4529-95ea-cc9c1d16d6e4","MainAutochamber.201607_E_3_1to5","201607_E3_01-05","MainAutochamber",7,2016,2016-07-23,"2016-07","Fen","Eriophorum Autochamber Site",3,"N 68 21.2045, E 19 02.8036","['https://isogenie-db.asc.ohio-state.edu/images/raw/Nicole_Raab/2016/Erio_autochamber_sites/Erio_core_3/Erio_core3_core_pic1_July2016.jpg, https://isogenie-db.asc.ohio-state.edu/images/raw/Nicole_Raab/2016/Erio_autochamber_sites/Erio_core_3/Erio_core3_core_pic2_July2016.jpg']",NA,1,5,3,"20160700_E31",NA,"716 E3 1-5",NA,"X","Below Detection (>100)","0.0",28,19.8,"sunny, no breeze",NA,5.1,NA,NA,NA,0.120374479972606,1.20407101108675,NA,NA,-54.8735,-15.978,NA,NA,NA,NA,NA,1.0209,NA,NA,NA,NA,NA,NA,NA,NA,NA,NA,NA,NA,20211117,20211117,"Notes: When porewater pH was measured, we noticed strange readings. Tested pH meter with deionized water and it read pH=5.5. We saved some porewater syringes to bring back to the lab to measure with the pH meter once we re-calibrated it. | Notes_O2: Oxygen measured at same time as temperature | Notes_coring: Coring end = time when all samples had been taken from core and leftover core material was put back in core hole | Notes_coring_additional: since we took a lunch break between core 1 and core 2, I would suspect that we started this one around 13:35ish and finished around 14:20. | Notes_porewater: All porewater was taken the day of coring, immediately before coring occurred. | Notes_soil_T: Soil temp measured before porewater, at same time as O34",NA,"MainAutochamber.201607_E_3_1to5","716_E3_1-5",12.7,25.84,18.52,8,15,22,29,53,122,10.695,10.69,10.52,10.82,9.21,9.05,12.62,12.1146666666667,11.7713636363636,12.3120689655172,9.72150943396226,9.52672131147541,4.23692610947404,3.52459291806802,3.31849692804918,3.32941047903845,4.1142530849505,3.38656227425295,1,1,1,1,-64.6303096454614,1.48052920301692,10.3946235192921,0.0656835118120851,-64.5523757748063,1.24132367730634,9.58066314520409,0.0447451579986113,-64.6613548207873,0.896741886355507,8.80156197645642,0.126396046649966,NA,NA,NA,NA,1.04115375031808,0.0908866999700566,10.0027099710899,"0-9",0,101,100,"No",97,-3,3
"716_E3_10-14","284bbb3b-0fda-47cb-a012-8963be6947e5","MainAutochamber.201607_E_3_10to14","201607_E3_10-14","MainAutochamber",7,2016,2016-07-23,"2016-07","Fen","Eriophorum Autochamber Site",3,"N 68 21.2045, E 19 02.8036","['https://isogenie-db.asc.ohio-state.edu/images/raw/Nicole_Raab/2016/Erio_autochamber_sites/Erio_core_3/Erio_core3_core_pic1_July2016.jpg, https://isogenie-db.asc.ohio-state.edu/images/raw/Nicole_Raab/2016/Erio_autochamber_sites/Erio_core_3/Erio_core3_core_pic2_July2016.jpg']",NA,10,14,12,"20160700_E33",NA,"716 E3 10-14",NA,"X","Below Detection (>100)","0.0",28,15.2,"sunny, no breeze",NA,5,NA,NA,NA,0.180799685803278,2.3000111721056,NA,NA,-49.441,-15.351,NA,NA,NA,NA,NA,0.8367,NA,NA,NA,NA,NA,NA,NA,NA,NA,NA,NA,NA,20211117,20211117,"Notes: pH probe was recalibrated with pH4 and pH7 buffers at 7pm on July 23 2016; pH of 2nd porewater syringe samples (each syringe containing about 35mL porewater) were measured again in the lab. Readings for core 3 depths were measured as: 1-5cm pH 5.8/10-14cm pH 6.0/20-24cm pH 5.6/30-34cm pH 5.5.
After these measurements, measured the pH of 4.0 buffer, and the pH meter read pH as 4.0 (so it was calibrated correctly) | Notes_O2: Oxygen measured at same time as temperature | Notes_coring: Coring end = time when all samples had been taken from core and leftover core material was put back in core hole | Notes_coring_additional: since we took a lunch break between core 1 and core 2, I would suspect that we started this one around 13:35ish and finished around 14:20. | Notes_porewater: All porewater was taken the day of coring, immediately before coring occurred. | Notes_soil_T: Soil temp measured before porewater, at same time as O35",NA,"MainAutochamber.201607_E_3_10to14","716_E3_10-14",12.7,25.84,18.52,8,15,22,29,53,122,10.695,10.69,10.52,10.82,9.21,9.05,12.62,12.1146666666667,11.7713636363636,12.3120689655172,9.72150943396226,9.52672131147541,4.23692610947404,3.52459291806802,3.31849692804918,3.32941047903845,4.1142530849505,3.38656227425295,1,1,1,1,-64.6303096454614,1.48052920301692,10.3946235192921,0.0656835118120851,-64.5523757748063,1.24132367730634,9.58066314520409,0.0447451579986113,-64.6613548207873,0.896741886355507,8.80156197645642,0.126396046649966,NA,NA,NA,NA,1.0358631079186,0.0728792705928728,12.721322837962,"10-19",0,101,100,"No",88,-12,12
"716_E3_30-34","7344f3d5-37ad-4490-949d-770488b37d2c","MainAutochamber.201607_E_3_30to34","201607_E3_30-34","MainAutochamber",7,2016,2016-07-23,"2016-07","Fen","Eriophorum Autochamber Site",3,"N 68 21.2045, E 19 02.8036","['https://isogenie-db.asc.ohio-state.edu/images/raw/Nicole_Raab/2016/Erio_autochamber_sites/Erio_core_3/Erio_core3_core_pic1_July2016.jpg, https://isogenie-db.asc.ohio-state.edu/images/raw/Nicole_Raab/2016/Erio_autochamber_sites/Erio_core_3/Erio_core3_core_pic2_July2016.jpg']",NA,30,34,32,"20160700_E35",NA,"716 E3 30-34",NA,"X","Below Detection (>100)","0.0",28,12.5,"sunny, no breeze",NA,4.9,NA,NA,NA,0.288643885215239,1.8471893131914,NA,NA,-51.8375,-11.991,NA,NA,NA,NA,NA,0.7556,NA,NA,NA,NA,NA,NA,NA,NA,NA,NA,NA,NA,20211117,20211117,"Notes_O2: Oxygen measured at same time as temperature | Notes_coring: Coring end = time when all samples had been taken from core and leftover core material was put back in core hole | Notes_coring_additional: since we took a lunch break between core 1 and core 2, I would suspect that we started this one around 13:35ish and finished around 14:20. | Notes_porewater: All porewater was taken the day of coring, immediately before coring occurred. | Notes_soil_T: Soil temp measured before porewater, at same time as O37",NA,"MainAutochamber.201607_E_3_30to34","716_E3_30-34",12.7,25.84,18.52,8,15,22,29,53,122,10.695,10.69,10.52,10.82,9.21,9.05,12.62,12.1146666666667,11.7713636363636,12.3120689655172,9.72150943396226,9.52672131147541,4.23692610947404,3.52459291806802,3.31849692804918,3.32941047903845,4.1142530849505,3.38656227425295,1,1,1,1,-64.6303096454614,1.48052920301692,10.3946235192921,0.0656835118120851,-64.5523757748063,1.24132367730634,9.58066314520409,0.0447451579986113,-64.6613548207873,0.896741886355507,8.80156197645642,0.126396046649966,NA,NA,NA,NA,1.04202496934861,0.135143458501615,6.39954424052312,"30-39",0,101,100,"No",68,-32,32
"716_P1_1-5","3560b19f-352a-48eb-ab13-1e02273d9f6b","MainAutochamber.201607_P_1_1to5","201607_P1_01-05","MainAutochamber",7,2016,2016-07-24,"2016-07","Palsa","Palsa Autochamber Site",1,"N 68 21.2708, E 19 02.7958","['https://isogenie-db.asc.ohio-state.edu/images/raw/Nicole_Raab/2016/Palsa_autochamber_sites/Palsa_core_1/Palsa_core1_core_pic2_July2016.jpg, https://isogenie-db.asc.ohio-state.edu/images/raw/Nicole_Raab/2016/Palsa_autochamber_sites/Palsa_core_1/Palsa_core1_core_pic1_July2016.jpg']",NA,1,5,3,"20160700_P11",NA,"716 P1 1-5",NA,NA,"84.0","+/- neg, see notes",20.4,13.4,"Perfection, sunny, light breeze",NA,NA,NA,NA,NA,NA,NA,NA,NA,NA,NA,NA,NA,NA,NA,NA,NA,NA,NA,NA,NA,NA,NA,NA,NA,NA,NA,NA,NA,20211117,NA,"Notes_O2: Oxygen measured at same time as temperature | Notes_coring: Coring end = time when all samples had been taken from core and leftover core material was put back in core hole | Notes_porewater: All porewater was taken the day of coring, immediately before coring occurred. | Notes_soil_T: Soil temp measured before porewater, at same time as O2",NA,"MainAutochamber.201607_P_1_1to5","716_P1_1-5",12.93,20.76,16.31,8,15,22,29,54,122,12.94,10.7,10.52,11.78,9.25,9.05,13.32125,12.562,11.7781818181818,12.5141379310345,9.84351851851852,9.52672131147541,4.33682714007108,3.60747477963662,3.32808344155302,3.38964443693833,4.1727155799277,3.38656227425295,0,0,0,0,NA,NA,0.158509794594771,0.0453763073588869,NA,NA,0.111570625721519,0.0366342784736989,NA,NA,0.0903002839230769,0.0298503278398418,NA,NA,NA,NA,NA,NA,NA,"0-9",NA,84,84,NA,81,-3,NA
"716_P1_10-14","f9d5a1ec-86e2-4399-83e5-df6fd39b1a59","MainAutochamber.201607_P_1_10to14","201607_P1_10-14","MainAutochamber",7,2016,2016-07-24,"2016-07","Palsa","Palsa Autochamber Site",1,"N 68 21.2708, E 19 02.7958","['https://isogenie-db.asc.ohio-state.edu/images/raw/Nicole_Raab/2016/Palsa_autochamber_sites/Palsa_core_1/Palsa_core1_core_pic2_July2016.jpg, https://isogenie-db.asc.ohio-state.edu/images/raw/Nicole_Raab/2016/Palsa_autochamber_sites/Palsa_core_1/Palsa_core1_core_pic1_July2016.jpg']",NA,10,14,12,"20160700_P13",NA,"716 P1 10-14",NA,NA,"84.0","+/- neg, see notes",20.4,10.4,"Perfection, sunny, light breeze",NA,NA,NA,NA,NA,NA,NA,NA,NA,NA,NA,NA,NA,NA,NA,NA,NA,NA,NA,NA,NA,NA,NA,NA,NA,NA,NA,NA,NA,20211117,NA,"Notes_O2: Oxygen measured at same time as temperature | Notes_coring: Coring end = time when all samples had been taken from core and leftover core material was put back in core hole | Notes_porewater: All porewater was taken the day of coring, immediately before coring occurred. | Notes_soil_T: Soil temp measured before porewater, at same time as O3",NA,"MainAutochamber.201607_P_1_10to14","716_P1_10-14",12.93,20.76,16.31,8,15,22,29,54,122,12.94,10.7,10.52,11.78,9.25,9.05,13.32125,12.562,11.7781818181818,12.5141379310345,9.84351851851852,9.52672131147541,4.33682714007108,3.60747477963662,3.32808344155302,3.38964443693833,4.1727155799277,3.38656227425295,0,0,0,0,NA,NA,0.158509794594771,0.0453763073588869,NA,NA,0.111570625721519,0.0366342784736989,NA,NA,0.0903002839230769,0.0298503278398418,NA,NA,NA,NA,NA,NA,NA,"10-19",NA,84,84,NA,72,-12,NA
"716_P1_30-34","48c377d6-41f1-45ff-98b2-6aea07be885d","MainAutochamber.201607_P_1_30to34","201607_P1_30-34","MainAutochamber",7,2016,2016-07-24,"2016-07","Palsa","Palsa Autochamber Site",1,"N 68 21.2708, E 19 02.7958","['https://isogenie-db.asc.ohio-state.edu/images/raw/Nicole_Raab/2016/Palsa_autochamber_sites/Palsa_core_1/Palsa_core1_core_pic2_July2016.jpg, https://isogenie-db.asc.ohio-state.edu/images/raw/Nicole_Raab/2016/Palsa_autochamber_sites/Palsa_core_1/Palsa_core1_core_pic1_July2016.jpg']",NA,30,34,32,"20160700_P15",NA,"716 P1 30-34",NA,"X","84.0","+/- neg, see notes",20.4,5.4,"Perfection, sunny, light breeze",NA,4.2,NA,NA,NA,NA,1.72742371227013,NA,NA,NA,-22.478,NA,NA,NA,NA,NA,NA,NA,NA,NA,NA,NA,NA,NA,NA,NA,NA,NA,NA,20211117,20211117,"Notes: At 35 centimeters it was VERY muddy and there was no clear water table. So pore water was drawn up from the mud but there was no distinguishable water table. | Notes_O2: Oxygen measured at same time as temperature | Notes_coring: Coring end = time when all samples had been taken from core and leftover core material was put back in core hole | Notes_porewater: All porewater was taken the day of coring, immediately before coring occurred. | Notes_soil_T: Soil temp measured before porewater, at same time as O5",NA,"MainAutochamber.201607_P_1_30to34","716_P1_30-34",12.93,20.76,16.31,8,15,22,29,54,122,12.94,10.7,10.52,11.78,9.25,9.05,13.32125,12.562,11.7781818181818,12.5141379310345,9.84351851851852,9.52672131147541,4.33682714007108,3.60747477963662,3.32808344155302,3.38964443693833,4.1727155799277,3.38656227425295,0,0,0,0,NA,NA,0.158509794594771,0.0453763073588869,NA,NA,0.111570625721519,0.0366342784736989,NA,NA,0.0903002839230769,0.0298503278398418,NA,NA,NA,NA,NA,NA,NA,"30-39",NA,84,84,NA,52,-32,NA
"716_P2_1-5","850551fa-19aa-4391-8b57-24f58c7bd3ba","MainAutochamber.201607_P_2_1to5","201607_P2_01-05","MainAutochamber",7,2016,2016-07-24,"2016-07","Palsa","Palsa Autochamber Site",2,"N 68 21.2073, E 19 02.8399","['https://isogenie-db.asc.ohio-state.edu/images/raw/Nicole_Raab/2016/Palsa_autochamber_sites/Palsa_core_2/Palsa_core2_core_pic4_July2016.jpg, https://isogenie-db.asc.ohio-state.edu/images/raw/Nicole_Raab/2016/Palsa_autochamber_sites/Palsa_core_2/Palsa_core2_core_pic3_July2016.jpg, https://isogenie-db.asc.ohio-state.edu/images/raw/Nicole_Raab/2016/Palsa_autochamber_sites/Palsa_core_2/Palsa_core2_core_pic1_July2016.jpg, https://isogenie-db.asc.ohio-state.edu/images/raw/Nicole_Raab/2016/Palsa_autochamber_sites/Palsa_core_2/Palsa_core2_core_pic2_July2016.jpg']",NA,1,5,3,"20160700_P21",NA,"716 P2 1-5",NA,NA,"39.5","Below Detection (<-100)",20,21.1,"slightly cloudy, cold wind",NA,NA,NA,NA,NA,NA,NA,NA,NA,NA,NA,NA,NA,NA,NA,NA,NA,NA,NA,NA,NA,NA,NA,NA,NA,NA,NA,NA,NA,20211117,NA,"Notes_O2: Oxygen measured at same time as temperature | Notes_coring: Coring end = time when all samples had been taken from core and leftover core material was put back in core hole | Notes_porewater: All porewater was taken the day of coring, immediately before coring occurred. | Notes_soil_T: Soil temp measured before porewater, at same time as O6",NA,"MainAutochamber.201607_P_2_1to5","716_P2_1-5",12.93,20.76,16.31,8,15,22,29,54,122,12.94,10.7,10.52,11.78,9.25,9.05,13.32125,12.562,11.7781818181818,12.5141379310345,9.84351851851852,9.52672131147541,4.33682714007108,3.60747477963662,3.32808344155302,3.38964443693833,4.1727155799277,3.38656227425295,0,0,0,0,NA,NA,0.158509794594771,0.0453763073588869,NA,NA,0.111570625721519,0.0366342784736989,NA,NA,0.0903002839230769,0.0298503278398418,NA,NA,NA,NA,NA,NA,NA,"0-9",NA,39.5,39.5,NA,36.5,-3,NA
"716_P2_10-14","6aa4948e-4623-4fb1-812b-a62b0c86f077","MainAutochamber.201607_P_2_10to14","201607_P2_10-14","MainAutochamber",7,2016,2016-07-24,"2016-07","Palsa","Palsa Autochamber Site",2,"N 68 21.2073, E 19 02.8399","['https://isogenie-db.asc.ohio-state.edu/images/raw/Nicole_Raab/2016/Palsa_autochamber_sites/Palsa_core_2/Palsa_core2_core_pic4_July2016.jpg, https://isogenie-db.asc.ohio-state.edu/images/raw/Nicole_Raab/2016/Palsa_autochamber_sites/Palsa_core_2/Palsa_core2_core_pic3_July2016.jpg, https://isogenie-db.asc.ohio-state.edu/images/raw/Nicole_Raab/2016/Palsa_autochamber_sites/Palsa_core_2/Palsa_core2_core_pic1_July2016.jpg, https://isogenie-db.asc.ohio-state.edu/images/raw/Nicole_Raab/2016/Palsa_autochamber_sites/Palsa_core_2/Palsa_core2_core_pic2_July2016.jpg']",NA,10,14,12,"20160700_P23",NA,"716 P2 10-14",NA,NA,"39.5","Below Detection (<-100)",20,11.1,"slightly cloudy, cold wind",NA,NA,NA,NA,NA,NA,NA,NA,NA,NA,NA,NA,NA,NA,NA,NA,NA,NA,NA,NA,NA,NA,NA,NA,NA,NA,NA,NA,NA,20211117,NA,"Notes_O2: Oxygen measured at same time as temperature | Notes_coring: Coring end = time when all samples had been taken from core and leftover core material was put back in core hole | Notes_porewater: All porewater was taken the day of coring, immediately before coring occurred. | Notes_soil_T: Soil temp measured before porewater, at same time as O7",NA,"MainAutochamber.201607_P_2_10to14","716_P2_10-14",12.93,20.76,16.31,8,15,22,29,54,122,12.94,10.7,10.52,11.78,9.25,9.05,13.32125,12.562,11.7781818181818,12.5141379310345,9.84351851851852,9.52672131147541,4.33682714007108,3.60747477963662,3.32808344155302,3.38964443693833,4.1727155799277,3.38656227425295,0,0,0,0,NA,NA,0.158509794594771,0.0453763073588869,NA,NA,0.111570625721519,0.0366342784736989,NA,NA,0.0903002839230769,0.0298503278398418,NA,NA,NA,NA,NA,NA,NA,"10-19",NA,39.5,39.5,NA,27.5,-12,NA
"716_P2_20-24","48b94789-907c-48a9-b3a3-1cdd5c729ec0","MainAutochamber.201607_P_2_20to24","201607_P2_20-24","MainAutochamber",7,2016,2016-07-24,"2016-07","Palsa","Palsa Autochamber Site",2,"N 68 21.2073, E 19 02.8399","['https://isogenie-db.asc.ohio-state.edu/images/raw/Nicole_Raab/2016/Palsa_autochamber_sites/Palsa_core_2/Palsa_core2_core_pic4_July2016.jpg, https://isogenie-db.asc.ohio-state.edu/images/raw/Nicole_Raab/2016/Palsa_autochamber_sites/Palsa_core_2/Palsa_core2_core_pic3_July2016.jpg, https://isogenie-db.asc.ohio-state.edu/images/raw/Nicole_Raab/2016/Palsa_autochamber_sites/Palsa_core_2/Palsa_core2_core_pic1_July2016.jpg, https://isogenie-db.asc.ohio-state.edu/images/raw/Nicole_Raab/2016/Palsa_autochamber_sites/Palsa_core_2/Palsa_core2_core_pic2_July2016.jpg']",NA,20,24,22,"20160700_P24",NA,"716 P2 20-24",NA,NA,"39.5","Below Detection (<-100)",20,6.8,"slightly cloudy, cold wind",NA,NA,NA,NA,NA,NA,NA,NA,NA,NA,NA,NA,NA,NA,NA,NA,NA,NA,NA,NA,NA,NA,NA,NA,NA,NA,NA,NA,NA,20211117,NA,"Notes_O2: Oxygen measured at same time as temperature | Notes_coring: Coring end = time when all samples had been taken from core and leftover core material was put back in core hole | Notes_porewater: All porewater was taken the day of coring, immediately before coring occurred. | Notes_soil_T: Soil temp measured before porewater, at same time as O8",NA,"MainAutochamber.201607_P_2_20to24","716_P2_20-24",12.93,20.76,16.31,8,15,22,29,54,122,12.94,10.7,10.52,11.78,9.25,9.05,13.32125,12.562,11.7781818181818,12.5141379310345,9.84351851851852,9.52672131147541,4.33682714007108,3.60747477963662,3.32808344155302,3.38964443693833,4.1727155799277,3.38656227425295,0,0,0,0,NA,NA,0.158509794594771,0.0453763073588869,NA,NA,0.111570625721519,0.0366342784736989,NA,NA,0.0903002839230769,0.0298503278398418,NA,NA,NA,NA,NA,NA,NA,"20-29",NA,39.5,39.5,NA,17.5,-22,NA
"716_P2_30-34","67af95a1-2543-4f73-a6c2-38d0c10491d7","MainAutochamber.201607_P_2_30to34","201607_P2_30-34","MainAutochamber",7,2016,2016-07-24,"2016-07","Palsa","Palsa Autochamber Site",2,"N 68 21.2073, E 19 02.8399","['https://isogenie-db.asc.ohio-state.edu/images/raw/Nicole_Raab/2016/Palsa_autochamber_sites/Palsa_core_2/Palsa_core2_core_pic4_July2016.jpg, https://isogenie-db.asc.ohio-state.edu/images/raw/Nicole_Raab/2016/Palsa_autochamber_sites/Palsa_core_2/Palsa_core2_core_pic3_July2016.jpg, https://isogenie-db.asc.ohio-state.edu/images/raw/Nicole_Raab/2016/Palsa_autochamber_sites/Palsa_core_2/Palsa_core2_core_pic1_July2016.jpg, https://isogenie-db.asc.ohio-state.edu/images/raw/Nicole_Raab/2016/Palsa_autochamber_sites/Palsa_core_2/Palsa_core2_core_pic2_July2016.jpg']",NA,30,34,32,"20160700_P25",NA,"716 P2 30-34",NA,"X","39.5","Below Detection (<-100)",20,3.8,"slightly cloudy, cold wind",NA,4.5,NA,NA,NA,NA,1.14574008460974,NA,NA,NA,-23.655,NA,NA,NA,NA,NA,NA,NA,NA,NA,NA,NA,NA,NA,NA,NA,NA,NA,NA,20211117,20211117,"Notes: Porewater at this depth was 25mL water and 35mL gas when drawn into the 60mL syringe; we expelled the gas and sampled the water (as suggested by Moira) | Notes_O2: Oxygen measured at same time as temperature | Notes_coring: Coring end = time when all samples had been taken from core and leftover core material was put back in core hole | Notes_porewater: All porewater was taken the day of coring, immediately before coring occurred. | Notes_soil_T: Soil temp measured before porewater, at same time as O9",NA,"MainAutochamber.201607_P_2_30to34","716_P2_30-34",12.93,20.76,16.31,8,15,22,29,54,122,12.94,10.7,10.52,11.78,9.25,9.05,13.32125,12.562,11.7781818181818,12.5141379310345,9.84351851851852,9.52672131147541,4.33682714007108,3.60747477963662,3.32808344155302,3.38964443693833,4.1727155799277,3.38656227425295,0,0,0,0,NA,NA,0.158509794594771,0.0453763073588869,NA,NA,0.111570625721519,0.0366342784736989,NA,NA,0.0903002839230769,0.0298503278398418,NA,NA,NA,NA,NA,NA,NA,"30-39",NA,39.5,39.5,NA,7.5,-32,NA
"716_P3_1-5","27f388ee-6d87-4dd3-b899-7d25d7c870dd","MainAutochamber.201607_P_3_1to5","201607_P3_01-05","MainAutochamber",7,2016,2016-07-24,"2016-07","Palsa","Palsa Autochamber Site",3,"N 68 21.2109, E 19 02.8412","['https://isogenie-db.asc.ohio-state.edu/images/raw/Nicole_Raab/2016/Palsa_autochamber_sites/Palsa_core_3/Palsa_core3_core_pic1_July2016.jpg, https://isogenie-db.asc.ohio-state.edu/images/raw/Nicole_Raab/2016/Palsa_autochamber_sites/Palsa_core_3/Palsa_core3_core_pic3_July2016.jpg, https://isogenie-db.asc.ohio-state.edu/images/raw/Nicole_Raab/2016/Palsa_autochamber_sites/Palsa_core_3/Palsa_core3_core_pic2_July2016.jpg']",NA,1,5,3,"20160700_P31",NA,"716 P3 1-5",NA,NA,"35.5","Below Detection (<-100)",17.4,16,"overcast, slight wind",NA,NA,NA,NA,NA,NA,NA,NA,NA,NA,NA,NA,NA,NA,NA,NA,NA,NA,NA,NA,NA,NA,NA,NA,NA,NA,NA,NA,NA,20211117,NA,"Notes: Core 3: the most representative sites had already been cored in previous years, so we selected the best location we could (""best"" meaning ""most similar to the autochamber site"" in terms of ground flora) | Notes_O2: Oxygen measured at same time as temperature | Notes_coring: Coring end = time when all samples had been taken from core and leftover core material was put back in core hole | Notes_porewater: All porewater was taken the day of coring, immediately before coring occurred. | Notes_soil_T: Soil temp measured before porewater, at same time as O10",NA,"MainAutochamber.201607_P_3_1to5","716_P3_1-5",12.93,20.76,16.31,8,15,22,29,54,122,12.94,10.7,10.52,11.78,9.25,9.05,13.32125,12.562,11.7781818181818,12.5141379310345,9.84351851851852,9.52672131147541,4.33682714007108,3.60747477963662,3.32808344155302,3.38964443693833,4.1727155799277,3.38656227425295,0,0,0,0,NA,NA,0.158509794594771,0.0453763073588869,NA,NA,0.111570625721519,0.0366342784736989,NA,NA,0.0903002839230769,0.0298503278398418,NA,NA,NA,NA,NA,NA,NA,"0-9",NA,35.5,35.5,NA,32.5,-3,NA
"716_P3_10-14","c165cf23-b41f-4c88-ad71-f3446003745b","MainAutochamber.201607_P_3_10to14","201607_P3_10-14","MainAutochamber",7,2016,2016-07-24,"2016-07","Palsa","Palsa Autochamber Site",3,"N 68 21.2109, E 19 02.8412","['https://isogenie-db.asc.ohio-state.edu/images/raw/Nicole_Raab/2016/Palsa_autochamber_sites/Palsa_core_3/Palsa_core3_core_pic1_July2016.jpg, https://isogenie-db.asc.ohio-state.edu/images/raw/Nicole_Raab/2016/Palsa_autochamber_sites/Palsa_core_3/Palsa_core3_core_pic3_July2016.jpg, https://isogenie-db.asc.ohio-state.edu/images/raw/Nicole_Raab/2016/Palsa_autochamber_sites/Palsa_core_3/Palsa_core3_core_pic2_July2016.jpg']",NA,10,14,12,"20160700_P33",NA,"716 P3 10-14",NA,NA,"35.5","Below Detection (<-100)",17.4,9.5,"overcast, slight wind",NA,NA,NA,NA,NA,NA,NA,NA,NA,NA,NA,NA,NA,NA,NA,NA,NA,NA,NA,NA,NA,NA,NA,NA,NA,NA,NA,NA,NA,20211117,NA,"Notes: Core 3: the most representative sites had already been cored in previous years, so we selected the best location we could (""best"" meaning ""most similar to the autochamber site"" in terms of ground flora) | Notes_O2: Oxygen measured at same time as temperature | Notes_coring: Coring end = time when all samples had been taken from core and leftover core material was put back in core hole | Notes_porewater: All porewater was taken the day of coring, immediately before coring occurred. | Notes_soil_T: Soil temp measured before porewater, at same time as O11",NA,"MainAutochamber.201607_P_3_10to14","716_P3_10-14",12.93,20.76,16.31,8,15,22,29,54,122,12.94,10.7,10.52,11.78,9.25,9.05,13.32125,12.562,11.7781818181818,12.5141379310345,9.84351851851852,9.52672131147541,4.33682714007108,3.60747477963662,3.32808344155302,3.38964443693833,4.1727155799277,3.38656227425295,0,0,0,0,NA,NA,0.158509794594771,0.0453763073588869,NA,NA,0.111570625721519,0.0366342784736989,NA,NA,0.0903002839230769,0.0298503278398418,NA,NA,NA,NA,NA,NA,NA,"10-19",NA,35.5,35.5,NA,23.5,-12,NA
"716_P3_20-24","1d12b007-abe7-48ba-ac4f-fdc4e2af54ad","MainAutochamber.201607_P_3_20to24","201607_P3_20-24","MainAutochamber",7,2016,2016-07-24,"2016-07","Palsa","Palsa Autochamber Site",3,"N 68 21.2109, E 19 02.8412","['https://isogenie-db.asc.ohio-state.edu/images/raw/Nicole_Raab/2016/Palsa_autochamber_sites/Palsa_core_3/Palsa_core3_core_pic1_July2016.jpg, https://isogenie-db.asc.ohio-state.edu/images/raw/Nicole_Raab/2016/Palsa_autochamber_sites/Palsa_core_3/Palsa_core3_core_pic3_July2016.jpg, https://isogenie-db.asc.ohio-state.edu/images/raw/Nicole_Raab/2016/Palsa_autochamber_sites/Palsa_core_3/Palsa_core3_core_pic2_July2016.jpg']",NA,20,24,22,"20160700_P34",NA,"716 P3 20-24",NA,NA,"35.5","Below Detection (<-100)",17.4,4.3,"overcast, slight wind",NA,NA,NA,NA,NA,NA,NA,NA,NA,NA,NA,NA,NA,NA,NA,NA,NA,NA,NA,NA,NA,NA,NA,NA,NA,NA,NA,NA,NA,20211117,NA,"Notes: Core 3: the most representative sites had already been cored in previous years, so we selected the best location we could (""best"" meaning ""most similar to the autochamber site"" in terms of ground flora) | Notes_O2: Oxygen measured at same time as temperature | Notes_coring: Coring end = time when all samples had been taken from core and leftover core material was put back in core hole | Notes_porewater: All porewater was taken the day of coring, immediately before coring occurred. | Notes_soil_T: Soil temp measured before porewater, at same time as O12",NA,"MainAutochamber.201607_P_3_20to24","716_P3_20-24",12.93,20.76,16.31,8,15,22,29,54,122,12.94,10.7,10.52,11.78,9.25,9.05,13.32125,12.562,11.7781818181818,12.5141379310345,9.84351851851852,9.52672131147541,4.33682714007108,3.60747477963662,3.32808344155302,3.38964443693833,4.1727155799277,3.38656227425295,0,0,0,0,NA,NA,0.158509794594771,0.0453763073588869,NA,NA,0.111570625721519,0.0366342784736989,NA,NA,0.0903002839230769,0.0298503278398418,NA,NA,NA,NA,NA,NA,NA,"20-29",NA,35.5,35.5,NA,13.5,-22,NA
"716_P3_30-34","bc6a4c13-3894-46b6-b7b9-2f6e43eac966","MainAutochamber.201607_P_3_30to34","201607_P3_30-34","MainAutochamber",7,2016,2016-07-24,"2016-07","Palsa","Palsa Autochamber Site",3,"N 68 21.2109, E 19 02.8412","['https://isogenie-db.asc.ohio-state.edu/images/raw/Nicole_Raab/2016/Palsa_autochamber_sites/Palsa_core_3/Palsa_core3_core_pic1_July2016.jpg, https://isogenie-db.asc.ohio-state.edu/images/raw/Nicole_Raab/2016/Palsa_autochamber_sites/Palsa_core_3/Palsa_core3_core_pic3_July2016.jpg, https://isogenie-db.asc.ohio-state.edu/images/raw/Nicole_Raab/2016/Palsa_autochamber_sites/Palsa_core_3/Palsa_core3_core_pic2_July2016.jpg']",NA,30,34,32,"20160700_P35",NA,"716 P3 30-34",NA,NA,"35.5","Below Detection (<-100)",17.4,1.3,"overcast, slight wind",NA,NA,NA,NA,NA,NA,NA,NA,NA,NA,NA,NA,NA,NA,NA,NA,NA,NA,NA,NA,NA,NA,NA,NA,NA,NA,NA,NA,NA,20211117,NA,"Notes: Core 3: the most representative sites had already been cored in previous years, so we selected the best location we could (""best"" meaning ""most similar to the autochamber site"" in terms of ground flora) | Notes_O2: Oxygen measured at same time as temperature | Notes_coring: Coring end = time when all samples had been taken from core and leftover core material was put back in core hole | Notes_porewater: All porewater was taken the day of coring, immediately before coring occurred. | Notes_soil_T: Soil temp measured before porewater, at same time as O13",NA,"MainAutochamber.201607_P_3_30to34","716_P3_30-34",12.93,20.76,16.31,8,15,22,29,54,122,12.94,10.7,10.52,11.78,9.25,9.05,13.32125,12.562,11.7781818181818,12.5141379310345,9.84351851851852,9.52672131147541,4.33682714007108,3.60747477963662,3.32808344155302,3.38964443693833,4.1727155799277,3.38656227425295,0,0,0,0,NA,NA,0.158509794594771,0.0453763073588869,NA,NA,0.111570625721519,0.0366342784736989,NA,NA,0.0903002839230769,0.0298503278398418,NA,NA,NA,NA,NA,NA,NA,"30-39",NA,35.5,35.5,NA,3.5,-32,NA
"716_S1_1-5","a9d3e465-bf11-4df6-b95c-e411103ca3ad","MainAutochamber.201607_S_1_1to5","201607_S1_01-05","MainAutochamber",7,2016,2016-07-26,"2016-07","Bog","Sphagnum Autochamber Site",1,"N 68 21.1902, E 19 02.8444","['https://isogenie-db.asc.ohio-state.edu/images/raw/Nicole_Raab/2016/Sphagnum_autochamber_sites/Sphag_core_1/Sphag_core1_core_July2016.jpg, https://isogenie-db.asc.ohio-state.edu/images/raw/Nicole_Raab/2016/Sphagnum_autochamber_sites/Sphag_core_1/measuring_sphagnum_core1.jpg']",NA,1,5,3,"20160700_S11",NA,"716 S1 1-5",NA,NA,"Below Detection (>100)","-10.0",17.2,14.8,"cloudy, windy",NA,NA,NA,NA,NA,NA,NA,NA,NA,NA,NA,NA,NA,NA,NA,NA,NA,NA,NA,NA,NA,NA,NA,NA,NA,NA,NA,NA,NA,20211117,NA,"Notes: Autochamber 1 = closest to boardwalk. | Notes_O2: Oxygen measured at same time as temperature | Notes_coring: Coring end = time when all samples had been taken from core and leftover core material was put back in core hole | Notes_porewater: All porewater was taken the day of coring, immediately before coring occurred. | Notes_soil_T: Soil temp measured before porewater, at same time as O14",NA,"MainAutochamber.201607_S_1_1to5","716_S1_1-5",11.86,23.3,17.1,8,15,22,29,56,122,15.75,13.4,10.52,11.78,9.42,9.05,14.86,13.1893333333333,12.0490909090909,12.5531034482759,10.0523214285714,9.52672131147541,3.71431978006356,3.66502868175615,3.53283092891443,3.37599943238853,4.24844313348332,3.38656227425295,1,0.714285714285714,0.714285714285714,0.777777777777778,-73.3202044537862,0.243175385465537,2.67244040266122,0.234337533289322,-73.3898984322008,0.754699275456494,2.13798461655153,0.211880663747519,-73.3992898117257,0.714040467245136,1.90664731759248,0.188724063376202,NA,NA,NA,NA,NA,NA,NA,"0-9",-10,101,100,"No",97,-3,-7
"716_S1_10-14","c80e482f-4433-41b3-9949-9914d5c3aba4","MainAutochamber.201607_S_1_10to14","201607_S1_10-14","MainAutochamber",7,2016,2016-07-26,"2016-07","Bog","Sphagnum Autochamber Site",1,"N 68 21.1902, E 19 02.8444","['https://isogenie-db.asc.ohio-state.edu/images/raw/Nicole_Raab/2016/Sphagnum_autochamber_sites/Sphag_core_1/Sphag_core1_core_July2016.jpg, https://isogenie-db.asc.ohio-state.edu/images/raw/Nicole_Raab/2016/Sphagnum_autochamber_sites/Sphag_core_1/measuring_sphagnum_core1.jpg']",NA,10,14,12,"20160700_S13",NA,"716 S1 10-14",NA,"X","Below Detection (>100)","-10.0",17.2,13.5,"cloudy, windy",NA,4,NA,NA,NA,0.0312854020451565,1.8830407610293,NA,NA,-38.141,-10.903,NA,NA,NA,NA,NA,0,NA,NA,NA,NA,NA,NA,NA,NA,NA,NA,NA,NA,20211117,20211117,"Notes: Autochamber 1 = closest to boardwalk. | Notes_O2: Oxygen measured at same time as temperature | Notes_coring: Coring end = time when all samples had been taken from core and leftover core material was put back in core hole | Notes_porewater: All porewater was taken the day of coring, immediately before coring occurred. | Notes_soil_T: Soil temp measured before porewater, at same time as O15",NA,"MainAutochamber.201607_S_1_10to14","716_S1_10-14",11.86,23.3,17.1,8,15,22,29,56,122,15.75,13.4,10.52,11.78,9.42,9.05,14.86,13.1893333333333,12.0490909090909,12.5531034482759,10.0523214285714,9.52672131147541,3.71431978006356,3.66502868175615,3.53283092891443,3.37599943238853,4.24844313348332,3.38656227425295,1,1,1,1,-73.3202044537862,0.243175385465537,2.67244040266122,0.234337533289322,-73.3898984322008,0.754699275456494,2.13798461655153,0.211880663747519,-73.3992898117257,0.714040467245136,1.90664731759248,0.188724063376202,NA,NA,NA,NA,1.02831807988489,0.0163427751490955,60.1891181807851,"10-19",-10,101,100,"No",88,-12,2
"716_S1_20-24","be9c8384-3db1-49a3-a650-57f6f8ecdeb8","MainAutochamber.201607_S_1_20to24","201607_S1_20-24","MainAutochamber",7,2016,2016-07-26,"2016-07","Bog","Sphagnum Autochamber Site",1,"N 68 21.1902, E 19 02.8444","['https://isogenie-db.asc.ohio-state.edu/images/raw/Nicole_Raab/2016/Sphagnum_autochamber_sites/Sphag_core_1/Sphag_core1_core_July2016.jpg, https://isogenie-db.asc.ohio-state.edu/images/raw/Nicole_Raab/2016/Sphagnum_autochamber_sites/Sphag_core_1/measuring_sphagnum_core1.jpg']",NA,20,24,22,"20160700_S14",NA,"716 S1 20-24",NA,"X","Below Detection (>100)","-10.0",17.2,11.6,"cloudy, windy",NA,4,NA,NA,NA,0.255077103421197,5.30678039209571,NA,NA,-60.62,-2.959,NA,NA,NA,NA,NA,4.042,NA,NA,NA,NA,NA,NA,NA,NA,NA,NA,NA,NA,20211117,20211117,"Notes: Autochamber 1 = closest to boardwalk. | Notes_O2: Oxygen measured at same time as temperature | Notes_coring: Coring end = time when all samples had been taken from core and leftover core material was put back in core hole | Notes_porewater: All porewater was taken the day of coring, immediately before coring occurred. | Notes_soil_T: Soil temp measured before porewater, at same time as O16",NA,"MainAutochamber.201607_S_1_20to24","716_S1_20-24",11.86,23.3,17.1,8,15,22,29,56,122,15.75,13.4,10.52,11.78,9.42,9.05,14.86,13.1893333333333,12.0490909090909,12.5531034482759,10.0523214285714,9.52672131147541,3.71431978006356,3.66502868175615,3.53283092891443,3.37599943238853,4.24844313348332,3.38656227425295,1,1,1,1,-73.3202044537862,0.243175385465537,2.67244040266122,0.234337533289322,-73.3898984322008,0.754699275456494,2.13798461655153,0.211880663747519,-73.3992898117257,0.714040467245136,1.90664731759248,0.188724063376202,NA,NA,NA,NA,1.06138197534544,0.0458618552573129,20.804612883395,"20-29",-10,101,100,"No",78,-22,12
"716_S1_30-34","203ec673-eeb1-498c-92ab-3338dc537741","MainAutochamber.201607_S_1_30to34","201607_S1_30-34","MainAutochamber",7,2016,2016-07-26,"2016-07","Bog","Sphagnum Autochamber Site",1,"N 68 21.1902, E 19 02.8444","['https://isogenie-db.asc.ohio-state.edu/images/raw/Nicole_Raab/2016/Sphagnum_autochamber_sites/Sphag_core_1/Sphag_core1_core_July2016.jpg, https://isogenie-db.asc.ohio-state.edu/images/raw/Nicole_Raab/2016/Sphagnum_autochamber_sites/Sphag_core_1/measuring_sphagnum_core1.jpg']",NA,30,34,32,"20160700_S15",NA,"716 S1 30-34",NA,NA,"Below Detection (>100)","-10.0",17.2,9.7,"cloudy, windy",NA,4,NA,NA,NA,0.272005416749216,5.95415825879128,NA,NA,-70.5995,-1.617,NA,NA,NA,NA,NA,0,NA,NA,NA,NA,NA,NA,NA,NA,NA,NA,NA,NA,20211117,20211117,"Notes: Mix of pore gas and water at 30-34cm. Autochamber 1 = closest to boardwalk. | Notes_O2: Oxygen measured at same time as temperature | Notes_coring: Coring end = time when all samples had been taken from core and leftover core material was put back in core hole | Notes_porewater: All porewater was taken the day of coring, immediately before coring occurred. | Notes_soil_T: Soil temp measured before porewater, at same time as O17",NA,"MainAutochamber.201607_S_1_30to34","716_S1_30-34",11.86,23.3,17.1,8,15,22,29,56,122,15.75,13.4,10.52,11.78,9.42,9.05,14.86,13.1893333333333,12.0490909090909,12.5531034482759,10.0523214285714,9.52672131147541,3.71431978006356,3.66502868175615,3.53283092891443,3.37599943238853,4.24844313348332,3.38656227425295,1,1,1,1,-73.3202044537862,0.243175385465537,2.67244040266122,0.234337533289322,-73.3898984322008,0.754699275456494,2.13798461655153,0.211880663747519,-73.3992898117257,0.714040467245136,1.90664731759248,0.188724063376202,NA,NA,NA,NA,1.07422257681161,0.0436874825211856,21.8898517902712,"30-39",-10,101,100,"No",68,-32,22
"716_S2_1-5","0ed9ff48-2e2b-44c9-adfe-a89a98421884","MainAutochamber.201607_S_2_1to5","201607_S2_01-05","MainAutochamber",7,2016,2016-07-26,"2016-07","Bog","Sphagnum Autochamber Site",2,"N 68 21.1952, E 19 02.8514","['https://isogenie-db.asc.ohio-state.edu/images/raw/Nicole_Raab/2016/Sphagnum_autochamber_sites/Sphag_core_2/Sphag_core2_core_pic1_July2016.jpg, https://isogenie-db.asc.ohio-state.edu/images/raw/Nicole_Raab/2016/Sphagnum_autochamber_sites/Sphag_core_2/Sphag_core2_core_pic2_July2016.jpg, https://isogenie-db.asc.ohio-state.edu/images/raw/Nicole_Raab/2016/Sphagnum_autochamber_sites/Sphag_core_2/Sphag_core2_core_pic3_July2016.jpg']",NA,1,5,3,"20160700_S21",NA,"716 S2 1-5",NA,NA,"Below Detection (>100)","-9.0",18.5,17.3,"cloudy, windy",NA,NA,NA,NA,NA,NA,NA,NA,NA,NA,NA,NA,NA,NA,NA,NA,NA,NA,NA,NA,NA,NA,NA,NA,NA,NA,NA,NA,NA,20211117,NA,"Notes: Autchamber 2 = between autochamber 1 and 3. | Notes_O2: Oxygen measured at same time as temperature | Notes_coring: Coring end = time when all samples had been taken from core and leftover core material was put back in core hole | Notes_porewater: All porewater was taken the day of coring, immediately before coring occurred. | Notes_soil_T: Soil temp measured before porewater, at same time as O18",NA,"MainAutochamber.201607_S_2_1to5","716_S2_1-5",11.86,23.3,17.1,8,15,22,29,56,122,15.75,13.4,10.52,11.78,9.42,9.05,14.86,13.1893333333333,12.0490909090909,12.5531034482759,10.0523214285714,9.52672131147541,3.71431978006356,3.66502868175615,3.53283092891443,3.37599943238853,4.24844313348332,3.38656227425295,1,0.714285714285714,0.714285714285714,0.777777777777778,-73.3202044537862,0.243175385465537,2.67244040266122,0.234337533289322,-73.3898984322008,0.754699275456494,2.13798461655153,0.211880663747519,-73.3992898117257,0.714040467245136,1.90664731759248,0.188724063376202,NA,NA,NA,NA,NA,NA,NA,"0-9",-9,101,100,"No",97,-3,-6
"716_S2_10-14","db067a2d-6edf-427e-b83c-4594a6a9195f","MainAutochamber.201607_S_2_10to14","201607_S2_10-14","MainAutochamber",7,2016,2016-07-26,"2016-07","Bog","Sphagnum Autochamber Site",2,"N 68 21.1952, E 19 02.8514","['https://isogenie-db.asc.ohio-state.edu/images/raw/Nicole_Raab/2016/Sphagnum_autochamber_sites/Sphag_core_2/Sphag_core2_core_pic1_July2016.jpg, https://isogenie-db.asc.ohio-state.edu/images/raw/Nicole_Raab/2016/Sphagnum_autochamber_sites/Sphag_core_2/Sphag_core2_core_pic2_July2016.jpg, https://isogenie-db.asc.ohio-state.edu/images/raw/Nicole_Raab/2016/Sphagnum_autochamber_sites/Sphag_core_2/Sphag_core2_core_pic3_July2016.jpg']",NA,10,14,12,"20160700_S23",NA,"716 S2 10-14",NA,"X","Below Detection (>100)","-9.0",18.5,13.5,"cloudy, windy",NA,3.9,NA,NA,NA,NA,1.76590215534851,NA,NA,NA,-15.171,NA,NA,NA,NA,NA,0,3.7719,NA,NA,NA,NA,NA,NA,NA,NA,NA,NA,NA,20211117,20211117,"Notes: Autchamber 2 = between autochamber 1 and 3. | Notes_O2: Oxygen measured at same time as temperature | Notes_coring: Coring end = time when all samples had been taken from core and leftover core material was put back in core hole | Notes_porewater: All porewater was taken the day of coring, immediately before coring occurred. | Notes_soil_T: Soil temp measured before porewater, at same time as O19",NA,"MainAutochamber.201607_S_2_10to14","716_S2_10-14",11.86,23.3,17.1,8,15,22,29,56,122,15.75,13.4,10.52,11.78,9.42,9.05,14.86,13.1893333333333,12.0490909090909,12.5531034482759,10.0523214285714,9.52672131147541,3.71431978006356,3.66502868175615,3.53283092891443,3.37599943238853,4.24844313348332,3.38656227425295,1,1,1,1,-73.3202044537862,0.243175385465537,2.67244040266122,0.234337533289322,-73.3898984322008,0.754699275456494,2.13798461655153,0.211880663747519,-73.3992898117257,0.714040467245136,1.90664731759248,0.188724063376202,NA,NA,NA,NA,NA,NA,NA,"10-19",-9,101,100,"No",88,-12,3
"716_S2_20-24","fede538e-96fe-4456-bf75-f0c2b4902877","MainAutochamber.201607_S_2_20to24","201607_S2_20-24","MainAutochamber",7,2016,2016-07-26,"2016-07","Bog","Sphagnum Autochamber Site",2,"N 68 21.1952, E 19 02.8514","['https://isogenie-db.asc.ohio-state.edu/images/raw/Nicole_Raab/2016/Sphagnum_autochamber_sites/Sphag_core_2/Sphag_core2_core_pic1_July2016.jpg, https://isogenie-db.asc.ohio-state.edu/images/raw/Nicole_Raab/2016/Sphagnum_autochamber_sites/Sphag_core_2/Sphag_core2_core_pic2_July2016.jpg, https://isogenie-db.asc.ohio-state.edu/images/raw/Nicole_Raab/2016/Sphagnum_autochamber_sites/Sphag_core_2/Sphag_core2_core_pic3_July2016.jpg']",NA,20,24,22,"20160700_S24",NA,"716 S2 20-24",NA,"X","Below Detection (>100)","-9.0",18.5,11.8,"cloudy, windy",NA,4,NA,NA,NA,0.12935451529154,4.79991654825766,NA,NA,-72.6025,-8.5215,NA,NA,NA,NA,NA,7.6985,NA,NA,NA,NA,NA,NA,NA,NA,NA,NA,NA,NA,20211117,20211117,"Notes: Autchamber 2 = between autochamber 1 and 3. | Notes_O2: Oxygen measured at same time as temperature | Notes_coring: Coring end = time when all samples had been taken from core and leftover core material was put back in core hole | Notes_porewater: All porewater was taken the day of coring, immediately before coring occurred. | Notes_soil_T: Soil temp measured before porewater, at same time as O20",NA,"MainAutochamber.201607_S_2_20to24","716_S2_20-24",11.86,23.3,17.1,8,15,22,29,56,122,15.75,13.4,10.52,11.78,9.42,9.05,14.86,13.1893333333333,12.0490909090909,12.5531034482759,10.0523214285714,9.52672131147541,3.71431978006356,3.66502868175615,3.53283092891443,3.37599943238853,4.24844313348332,3.38656227425295,1,1,1,1,-73.3202044537862,0.243175385465537,2.67244040266122,0.234337533289322,-73.3898984322008,0.754699275456494,2.13798461655153,0.211880663747519,-73.3992898117257,0.714040467245136,1.90664731759248,0.188724063376202,NA,NA,NA,NA,1.06909766308406,0.0262421184844319,37.106679557645,"20-29",-9,101,100,"No",78,-22,13
"716_S2_30-34","808232e0-7bd5-4a77-bcee-d0de5e5744ec","MainAutochamber.201607_S_2_30to34","201607_S2_30-34","MainAutochamber",7,2016,2016-07-26,"2016-07","Bog","Sphagnum Autochamber Site",2,"N 68 21.1952, E 19 02.8514","['https://isogenie-db.asc.ohio-state.edu/images/raw/Nicole_Raab/2016/Sphagnum_autochamber_sites/Sphag_core_2/Sphag_core2_core_pic1_July2016.jpg, https://isogenie-db.asc.ohio-state.edu/images/raw/Nicole_Raab/2016/Sphagnum_autochamber_sites/Sphag_core_2/Sphag_core2_core_pic2_July2016.jpg, https://isogenie-db.asc.ohio-state.edu/images/raw/Nicole_Raab/2016/Sphagnum_autochamber_sites/Sphag_core_2/Sphag_core2_core_pic3_July2016.jpg']",NA,30,34,32,"20160700_S25",NA,"716 S2 30-34",NA,"X","Below Detection (>100)","-9.0",18.5,10.3,"cloudy, windy",NA,4,NA,NA,NA,0.11190340699097,5.4605710578274,NA,NA,-71.945,12.031,NA,NA,NA,NA,NA,2.4001,NA,NA,NA,NA,NA,NA,NA,NA,NA,NA,NA,NA,20211117,20211117,"Notes: Gary's virus samples taken from this core at this depth. Autchamber 2 = between autochamber 1 and 3. | Notes_O2: Oxygen measured at same time as temperature | Notes_coring: Coring end = time when all samples had been taken from core and leftover core material was put back in core hole | Notes_porewater: All porewater was taken the day of coring, immediately before coring occurred. | Notes_soil_T: Soil temp measured before porewater, at same time as O21",NA,"MainAutochamber.201607_S_2_30to34","716_S2_30-34",11.86,23.3,17.1,8,15,22,29,56,122,15.75,13.4,10.52,11.78,9.42,9.05,14.86,13.1893333333333,12.0490909090909,12.5531034482759,10.0523214285714,9.52672131147541,3.71431978006356,3.66502868175615,3.53283092891443,3.37599943238853,4.24844313348332,3.38656227425295,1,1,1,1,-73.3202044537862,0.243175385465537,2.67244040266122,0.234337533289322,-73.3898984322008,0.754699275456494,2.13798461655153,0.211880663747519,-73.3992898117257,0.714040467245136,1.90664731759248,0.188724063376202,NA,NA,NA,NA,1.09048601645377,0.020081457115231,48.7971832552698,"30-39",-9,101,100,"No",68,-32,23
"716_S3_10-14","3709fddf-98da-45e9-8a0d-df276b653dfc","MainAutochamber.201607_S_3_10to14","201607_S3_10-14","MainAutochamber",7,2016,2016-07-26,"2016-07","Bog","Sphagnum Autochamber Site",3,"N 68 21.1970, E 19 02.8532","['https://isogenie-db.asc.ohio-state.edu/images/raw/Nicole_Raab/2016/Sphagnum_autochamber_sites/Sphag_core_3/Sphag_core3_core_pic1_July2016.jpg, https://isogenie-db.asc.ohio-state.edu/images/raw/Nicole_Raab/2016/Sphagnum_autochamber_sites/Sphag_core_3/Sphag_core3_core_pic2_July2016.jpg']",NA,10,14,12,"20160700_S33",NA,"716 S3 10-14",NA,"X","Below Detection (>100)","-10.0",20.3,15.3,"cloudy, windy, some sun",NA,4.2,NA,NA,NA,0.0984405157493193,1.84675115304132,NA,NA,-61.6215,-12.3285,NA,NA,NA,NA,NA,13.0987,12.1751,NA,NA,NA,NA,NA,NA,NA,NA,NA,NA,NA,20211117,20211117,"Notes: Autochamber 3 = furthest from boardwalk | Notes_O2: Oxygen measured at same time as temperature | Notes_coring: Coring end = time when all samples had been taken from core and leftover core material was put back in core hole | Notes_porewater: All porewater was taken the day of coring, immediately before coring occurred. | Notes_soil_T: Soil temp measured before porewater, at same time as O23",NA,"MainAutochamber.201607_S_3_10to14","716_S3_10-14",11.86,23.3,17.1,8,15,22,29,56,122,15.75,13.4,10.52,11.78,9.42,9.05,14.86,13.1893333333333,12.0490909090909,12.5531034482759,10.0523214285714,9.52672131147541,3.71431978006356,3.66502868175615,3.53283092891443,3.37599943238853,4.24844313348332,3.38656227425295,1,1,1,1,-73.3202044537862,0.243175385465537,2.67244040266122,0.234337533289322,-73.3898984322008,0.754699275456494,2.13798461655153,0.211880663747519,-73.3992898117257,0.714040467245136,1.90664731759248,0.188724063376202,NA,NA,NA,NA,1.05252997591057,0.050607103314668,18.7600718970643,"10-19",-10,101,100,"No",88,-12,2
"716_S3_20-24","79da7ad5-cc5e-46e9-8c9a-8ccb43732059","MainAutochamber.201607_S_3_20to24","201607_S3_20-24","MainAutochamber",7,2016,2016-07-26,"2016-07","Bog","Sphagnum Autochamber Site",3,"N 68 21.1970, E 19 02.8532","['https://isogenie-db.asc.ohio-state.edu/images/raw/Nicole_Raab/2016/Sphagnum_autochamber_sites/Sphag_core_3/Sphag_core3_core_pic1_July2016.jpg, https://isogenie-db.asc.ohio-state.edu/images/raw/Nicole_Raab/2016/Sphagnum_autochamber_sites/Sphag_core_3/Sphag_core3_core_pic2_July2016.jpg']",NA,20,24,22,"20160700_S34",NA,"716 S3 20-24",NA,"X","Below Detection (>100)","-10.0",20.3,13.7,"cloudy, windy, some sun",NA,4.3,NA,NA,NA,0.138150695427074,3.31600734530872,NA,NA,-69.415,-6.441,NA,NA,NA,NA,NA,1.0373,NA,NA,NA,NA,NA,NA,NA,NA,NA,NA,NA,NA,20211117,20211117,"Notes: Autochamber 3 = furthest from boardwalk | Notes_O2: Oxygen measured at same time as temperature | Notes_coring: Coring end = time when all samples had been taken from core and leftover core material was put back in core hole | Notes_porewater: All porewater was taken the day of coring, immediately before coring occurred. | Notes_soil_T: Soil temp measured before porewater, at same time as O24",NA,"MainAutochamber.201607_S_3_20to24","716_S3_20-24",11.86,23.3,17.1,8,15,22,29,56,122,15.75,13.4,10.52,11.78,9.42,9.05,14.86,13.1893333333333,12.0490909090909,12.5531034482759,10.0523214285714,9.52672131147541,3.71431978006356,3.66502868175615,3.53283092891443,3.37599943238853,4.24844313348332,3.38656227425295,1,1,1,1,-73.3202044537862,0.243175385465537,2.67244040266122,0.234337533289322,-73.3898984322008,0.754699275456494,2.13798461655153,0.211880663747519,-73.3992898117257,0.714040467245136,1.90664731759248,0.188724063376202,NA,NA,NA,NA,1.06767141099416,0.0399954761182976,24.0028277458737,"20-29",-10,101,100,"No",78,-22,12
"716_S3_30-34","ff3ca81b-9fde-4118-afb2-09892f428a8e","MainAutochamber.201607_S_3_30to34","201607_S3_30-34","MainAutochamber",7,2016,2016-07-26,"2016-07","Bog","Sphagnum Autochamber Site",3,"N 68 21.1970, E 19 02.8532","['https://isogenie-db.asc.ohio-state.edu/images/raw/Nicole_Raab/2016/Sphagnum_autochamber_sites/Sphag_core_3/Sphag_core3_core_pic1_July2016.jpg, https://isogenie-db.asc.ohio-state.edu/images/raw/Nicole_Raab/2016/Sphagnum_autochamber_sites/Sphag_core_3/Sphag_core3_core_pic2_July2016.jpg']",NA,30,34,32,"20160700_S35",NA,"716 S3 30-34",NA,"X","Below Detection (>100)","-10.0",20.3,11.8,"cloudy, windy, some sun",NA,4.2,NA,NA,NA,0.168261463623249,5.27469790750641,NA,NA,-69.4555,10.2915,NA,NA,NA,NA,NA,1.3344,NA,NA,NA,NA,NA,NA,NA,NA,NA,NA,NA,NA,20211117,20211117,"Notes: Autochamber 3 = furthest from boardwalk | Notes_O2: Oxygen measured at same time as temperature | Notes_coring: Coring end = time when all samples had been taken from core and leftover core material was put back in core hole | Notes_porewater: All porewater was taken the day of coring, immediately before coring occurred. | Notes_soil_T: Soil temp measured before porewater, at same time as O25",NA,"MainAutochamber.201607_S_3_30to34","716_S3_30-34",11.86,23.3,17.1,8,15,22,29,56,122,15.75,13.4,10.52,11.78,9.42,9.05,14.86,13.1893333333333,12.0490909090909,12.5531034482759,10.0523214285714,9.52672131147541,3.71431978006356,3.66502868175615,3.53283092891443,3.37599943238853,4.24844313348332,3.38656227425295,1,1,1,1,-73.3202044537862,0.243175385465537,2.67244040266122,0.234337533289322,-73.3898984322008,0.754699275456494,2.13798461655153,0.211880663747519,-73.3992898117257,0.714040467245136,1.90664731759248,0.188724063376202,NA,NA,NA,NA,1.08569928681541,0.0309135990460879,31.3482231398919,"30-39",-10,101,100,"No",68,-32,22
"717_E2_1-5","f496b6e1-3ea7-4220-b892-8dbcc4cb50b5","MainAutochamber.201707_E_2_1to5","201707_E2_01-05","MainAutochamber",7,2017,2017-07-24,"2017-07","Fen","Eriophorum Autochamber Site",2,"N 68 21.20026074, E 19 02.80811616",NA,NA,1,5,3,NA,"717 E2 1-5","717 E2 1-5",NA,NA,"Below Detection (>100)","17.0",22.1,18.1,"Cloudy (hazy) with light breeze. Buggy.",3,5.7,NA,NA,NA,0.0173718939110877,0.447651485988683,NA,NA,-47.121,-15.499,NA,NA,NA,NA,NA,NA,NA,NA,NA,NA,NA,NA,NA,NA,NA,NA,NA,NA,20211117,20211117,"Notes: Weather at time of core 2 porewater sampling: Clear sky, steady and moderate breeze. | QualityFlag__.DepthInfo: Water table depth (WTD) note: The WTD sign convention for this field campaign was ambiguous, and/or the WTD signs for some of the sites were questionable. The originally-recorded WTDs are in the column ""Water_Table_Depth_WTD.cm"", and the sign-resolved WTDs (based on emails between Virginia Rich and Suzanne Hodgkins) are in the column ""WTD.cm_neg_is_below_sfc__"". For this core, the WTD was assumed to be above the surface because the site is a fen. In addition, porewater pH exists at all depths, and notes say the site was unusually wet this year.",NA,"MainAutochamber.201707_E_2_1to5","717_E2_1-5",6.88,19.4,13.58,8,15,22,29,54,122,9.97,10.39,9.83,9.55,9.08,8.745,10.57625,10.4906666666667,9.90272727272727,10.1027586206897,9.65462962962963,9.10565573770492,2.10596389536275,1.933411000082,2.48371109012719,2.73812096225512,3.28753202894963,3.5268823560237,1,1,1,1,NA,NA,NA,NA,NA,NA,NA,NA,NA,NA,NA,NA,NA,NA,NA,NA,1.03318574551438,0.0373570333492307,25.7687209166622,"0-9",17,101,100,"No",97,-3,20
"717_E2_10-14","70411733-6f72-46c7-b398-ad2342faaec1","MainAutochamber.201707_E_2_10to14","201707_E2_10-14","MainAutochamber",7,2017,2017-07-24,"2017-07","Fen","Eriophorum Autochamber Site",2,"N 68 21.20026074, E 19 02.80811616",NA,NA,10,14,12,NA,"717 E2 10-14","717 E2 10-14",NA,NA,"Below Detection (>100)","17.0",22.1,16.6,"Cloudy (hazy) with light breeze. Buggy.",1.3,5.7,NA,NA,NA,NA,NA,NA,NA,NA,NA,NA,NA,NA,NA,NA,NA,NA,NA,NA,NA,NA,NA,NA,NA,NA,NA,NA,NA,20211117,20211117,"Notes: Between oxygen measurements for 10-14 and 20-24, Nicole had to check the tip of the oxygen probe (felt like it was caught, so pulled out) and turn the Fibox off and on again. | QualityFlag__.DepthInfo: Water table depth (WTD) note: The WTD sign convention for this field campaign was ambiguous, and/or the WTD signs for some of the sites were questionable. The originally-recorded WTDs are in the column ""Water_Table_Depth_WTD.cm"", and the sign-resolved WTDs (based on emails between Virginia Rich and Suzanne Hodgkins) are in the column ""WTD.cm_neg_is_below_sfc__"". For this core, the WTD was assumed to be above the surface because the site is a fen. In addition, porewater pH exists at all depths, and notes say the site was unusually wet this year.",NA,"MainAutochamber.201707_E_2_10to14","717_E2_10-14",6.88,19.4,13.58,8,15,22,29,54,122,9.97,10.39,9.83,9.55,9.08,8.745,10.57625,10.4906666666667,9.90272727272727,10.1027586206897,9.65462962962963,9.10565573770492,2.10596389536275,1.933411000082,2.48371109012719,2.73812096225512,3.28753202894963,3.5268823560237,1,1,1,1,NA,NA,NA,NA,NA,NA,NA,NA,NA,NA,NA,NA,NA,NA,NA,NA,NA,NA,NA,"10-19",17,101,100,"No",88,-12,29
"717_E2_20-24","321c8bca-d6ae-46f6-9fee-1799b4f8623a","MainAutochamber.201707_E_2_20to24","201707_E2_20-24","MainAutochamber",7,2017,2017-07-24,"2017-07","Fen","Eriophorum Autochamber Site",2,"N 68 21.20026074, E 19 02.80811616",NA,NA,20,24,22,NA,"717 E2 20-24","717 E2 20-24",NA,NA,"Below Detection (>100)","17.0",22.1,15.6,"Cloudy (hazy) with light breeze. Buggy.",0,5.6,NA,NA,NA,0.0529182282439255,0.65940863058048,NA,NA,-53.8775,-14.711,NA,NA,NA,NA,NA,NA,NA,NA,NA,NA,NA,NA,NA,NA,NA,NA,NA,NA,20211117,20211117,"Notes: Core 2, Sky cored. Field team on July 24 was Sky, Jess, Nicole. | QualityFlag__.DepthInfo: Water table depth (WTD) note: The WTD sign convention for this field campaign was ambiguous, and/or the WTD signs for some of the sites were questionable. The originally-recorded WTDs are in the column ""Water_Table_Depth_WTD.cm"", and the sign-resolved WTDs (based on emails between Virginia Rich and Suzanne Hodgkins) are in the column ""WTD.cm_neg_is_below_sfc__"". For this core, the WTD was assumed to be above the surface because the site is a fen. In addition, porewater pH exists at all depths, and notes say the site was unusually wet this year.",NA,"MainAutochamber.201707_E_2_20to24","717_E2_20-24",6.88,19.4,13.58,8,15,22,29,54,122,9.97,10.39,9.83,9.55,9.08,8.745,10.57625,10.4906666666667,9.90272727272727,10.1027586206897,9.65462962962963,9.10565573770492,2.10596389536275,1.933411000082,2.48371109012719,2.73812096225512,3.28753202894963,3.5268823560237,1,1,1,1,NA,NA,NA,NA,NA,NA,NA,NA,NA,NA,NA,NA,NA,NA,NA,NA,1.04139685928619,0.0742892502063723,12.4608977371833,"20-29",17,101,100,"No",78,-22,39
"717_E3_1-5","026f1f48-61f4-4eeb-b655-33066fc48447","MainAutochamber.201707_E_3_1to5","201707_E3_01-05","MainAutochamber",7,2017,2017-07-24,"2017-07","Fen","Eriophorum Autochamber Site",3,"N 68 21.2033307, E 19 02.79918348",NA,NA,1,5,3,NA,"717 E3 1-5","717 E3 1-5",NA,NA,"Below Detection (>100)","10.0",21.2,17.1,"Sunny, light wind. Buggy.",4.8,6.6,NA,NA,NA,NA,0.200857996697457,NA,NA,NA,-16.8415,NA,NA,NA,NA,NA,NA,NA,NA,NA,NA,NA,NA,NA,NA,NA,NA,NA,NA,20211117,20211117,"Notes: Weather at time of core 3 porewater sampling: Clear sky, steady and moderate breeze. | QualityFlag__.DepthInfo: Water table depth (WTD) note: The WTD sign convention for this field campaign was ambiguous, and/or the WTD signs for some of the sites were questionable. The originally-recorded WTDs are in the column ""Water_Table_Depth_WTD.cm"", and the sign-resolved WTDs (based on emails between Virginia Rich and Suzanne Hodgkins) are in the column ""WTD.cm_neg_is_below_sfc__"". For this core, the WTD was assumed to be above the surface because the site is a fen. In addition, porewater pH exists at all depths, and notes say the site was unusually wet this year.",NA,"MainAutochamber.201707_E_3_1to5","717_E3_1-5",6.88,19.4,13.58,8,15,22,29,54,122,9.97,10.39,9.83,9.55,9.08,8.745,10.57625,10.4906666666667,9.90272727272727,10.1027586206897,9.65462962962963,9.10565573770492,2.10596389536275,1.933411000082,2.48371109012719,2.73812096225512,3.28753202894963,3.5268823560237,1,1,1,1,NA,NA,NA,NA,NA,NA,NA,NA,NA,NA,NA,NA,NA,NA,NA,NA,NA,NA,NA,"0-9",10,101,100,"No",97,-3,13
"717_E3_10-14","e287408f-e933-44ee-b934-ea30123927ce","MainAutochamber.201707_E_3_10to14","201707_E3_10-14","MainAutochamber",7,2017,2017-07-24,"2017-07","Fen","Eriophorum Autochamber Site",3,"N 68 21.2033307, E 19 02.79918348",NA,NA,10,14,12,NA,"717 E3 10-14","717 E3 10-14",NA,NA,"Below Detection (>100)","10.0",21.2,16.1,"Sunny, light wind. Buggy.",4.5,5.8,NA,NA,NA,0.0355660147967589,0.582953984710342,NA,NA,-54.8895,-18.427,NA,NA,NA,NA,NA,NA,NA,NA,NA,NA,NA,NA,NA,NA,NA,NA,NA,NA,20211117,20211117,"Notes: We filmed video tutorials during the sampling of core 3, hence the longer processing time. | QualityFlag__.DepthInfo: Water table depth (WTD) note: The WTD sign convention for this field campaign was ambiguous, and/or the WTD signs for some of the sites were questionable. The originally-recorded WTDs are in the column ""Water_Table_Depth_WTD.cm"", and the sign-resolved WTDs (based on emails between Virginia Rich and Suzanne Hodgkins) are in the column ""WTD.cm_neg_is_below_sfc__"". For this core, the WTD was assumed to be above the surface because the site is a fen. In addition, porewater pH exists at all depths, and notes say the site was unusually wet this year.",NA,"MainAutochamber.201707_E_3_10to14","717_E3_10-14",6.88,19.4,13.58,8,15,22,29,54,122,9.97,10.39,9.83,9.55,9.08,8.745,10.57625,10.4906666666667,9.90272727272727,10.1027586206897,9.65462962962963,9.10565573770492,2.10596389536275,1.933411000082,2.48371109012719,2.73812096225512,3.28753202894963,3.5268823560237,1,1,1,1,NA,NA,NA,NA,NA,NA,NA,NA,NA,NA,NA,NA,NA,NA,NA,NA,1.03858014486137,0.0575018024075236,16.3907592133001,"10-19",10,101,100,"No",88,-12,22
"717_E3_30-34","973d7810-5bb2-4d40-aa65-d4329f683f3f","MainAutochamber.201707_E_3_30to34","201707_E3_30-34","MainAutochamber",7,2017,2017-07-24,"2017-07","Fen","Eriophorum Autochamber Site",3,"N 68 21.2033307, E 19 02.79918348",NA,NA,30,34,32,NA,"717 E3 30-34","717 E3 30-34",NA,NA,"Below Detection (>100)","10.0",21.2,15.2,"Sunny, light wind. Buggy.",0,6,NA,NA,NA,0.0712370343843979,0.715317750394021,NA,NA,-46.886,-13.926,NA,NA,NA,NA,NA,NA,NA,NA,NA,NA,NA,NA,NA,NA,NA,NA,NA,NA,20211117,20211117,"Notes: Apryl and Sky took PW on July 23. | QualityFlag__.DepthInfo: Water table depth (WTD) note: The WTD sign convention for this field campaign was ambiguous, and/or the WTD signs for some of the sites were questionable. The originally-recorded WTDs are in the column ""Water_Table_Depth_WTD.cm"", and the sign-resolved WTDs (based on emails between Virginia Rich and Suzanne Hodgkins) are in the column ""WTD.cm_neg_is_below_sfc__"". For this core, the WTD was assumed to be above the surface because the site is a fen. In addition, porewater pH exists at all depths, and notes say the site was unusually wet this year.",NA,"MainAutochamber.201707_E_3_30to34","717_E3_30-34",6.88,19.4,13.58,8,15,22,29,54,122,9.97,10.39,9.83,9.55,9.08,8.745,10.57625,10.4906666666667,9.90272727272727,10.1027586206897,9.65462962962963,9.10565573770492,2.10596389536275,1.933411000082,2.48371109012719,2.73812096225512,3.28753202894963,3.5268823560237,1,1,1,1,NA,NA,NA,NA,NA,NA,NA,NA,NA,NA,NA,NA,NA,NA,NA,NA,1.03458138270973,0.0905684330742024,10.0413746385642,"30-39",10,101,100,"No",68,-32,42
"717_P1_10-14","b312c813-c0b4-4f10-babc-32ff83c45f05","MainAutochamber.201707_P_1_10to14","201707_P1_10-14","MainAutochamber",7,2017,2017-07-20,"2017-07","Palsa","Palsa Autochamber Site",1,"N 68 21.2023992, E 19 02.82643638",NA,NA,10,14,12,NA,"717 P1 10-14","717 P1 10-14",NA,NA,"30.0","Not Detected",10.3,10.2,"Overcast with a cool breeze, gusty.",13.1,NA,NA,NA,NA,NA,NA,NA,NA,NA,NA,NA,NA,NA,NA,NA,NA,NA,NA,NA,NA,NA,NA,NA,NA,NA,NA,NA,NA,20211117,NA,"Notes: Trained Apryl and Jess on core 1. Nicole cored. PW done by Jess and Apryl. | QualityFlag__.DepthInfo: Water table depth (WTD) note: The WTD sign convention for this field campaign was ambiguous, and/or the WTD signs for some of the sites were questionable. The originally-recorded WTDs are in the column ""Water_Table_Depth_WTD.cm"", and the sign-resolved WTDs (based on emails between Virginia Rich and Suzanne Hodgkins) are in the column ""WTD.cm_neg_is_below_sfc__"".",NA,"MainAutochamber.201707_P_1_10to14","717_P1_10-14",3.53,12.82,8.51,8,15,22,29,50,122,8.64,9.55,9.175,8.69,8.84,8.745,9.135,9.91066666666667,10.0190909090909,9.60172413793103,9.4416,9.10565573770492,1.25454601919807,2.18876829899071,2.80555216378576,2.64009478856552,3.30766664164406,3.5268823560237,0,0,0,0,NA,NA,NA,NA,NA,NA,NA,NA,NA,NA,NA,NA,NA,NA,NA,NA,NA,NA,NA,"10-19",NA,30,30,NA,18,-12,NA
"717_P1_20-24","8983e4da-b89b-4222-b62f-0fc99bc2a995","MainAutochamber.201707_P_1_20to24","201707_P1_20-24","MainAutochamber",7,2017,2017-07-20,"2017-07","Palsa","Palsa Autochamber Site",1,"N 68 21.2023992, E 19 02.82643638",NA,NA,20,24,22,NA,"717 P1 20-24","717 P1 20-24",NA,NA,"30.0","Not Detected",10.3,7.9,"Overcast with a cool breeze, gusty.",8.9,NA,NA,NA,NA,NA,NA,NA,NA,NA,NA,NA,NA,NA,NA,NA,NA,NA,NA,NA,NA,NA,NA,NA,NA,NA,NA,NA,NA,20211117,NA,"QualityFlag__.DepthInfo: Water table depth (WTD) note: The WTD sign convention for this field campaign was ambiguous, and/or the WTD signs for some of the sites were questionable. The originally-recorded WTDs are in the column ""Water_Table_Depth_WTD.cm"", and the sign-resolved WTDs (based on emails between Virginia Rich and Suzanne Hodgkins) are in the column ""WTD.cm_neg_is_below_sfc__"".",NA,"MainAutochamber.201707_P_1_20to24","717_P1_20-24",3.53,12.82,8.51,8,15,22,29,50,122,8.64,9.55,9.175,8.69,8.84,8.745,9.135,9.91066666666667,10.0190909090909,9.60172413793103,9.4416,9.10565573770492,1.25454601919807,2.18876829899071,2.80555216378576,2.64009478856552,3.30766664164406,3.5268823560237,0,0,0,0,NA,NA,NA,NA,NA,NA,NA,NA,NA,NA,NA,NA,NA,NA,NA,NA,NA,NA,NA,"20-29",NA,30,30,NA,8,-22,NA
"717_P2_1-5","86e81193-e3fc-4ec4-8306-4d95234283d0","MainAutochamber.201707_P_2_1to5","201707_P2_01-05","MainAutochamber",7,2017,2017-07-20,"2017-07","Palsa","Palsa Autochamber Site",2,"N 68 21.20992614, E 19 02.83310472",NA,NA,1,5,3,NA,"717 P2 1-5","717 P2 1-5",NA,NA,"35.0","Not Detected",15.2,13.3,"Less wind, half overcast. Bugs.",15.7,NA,NA,NA,NA,NA,NA,NA,NA,NA,NA,NA,NA,NA,NA,NA,NA,NA,NA,NA,NA,NA,NA,NA,NA,NA,NA,NA,NA,20211117,NA,"Notes: Core 2: Apryl cored. | QualityFlag__.DepthInfo: Water table depth (WTD) note: The WTD sign convention for this field campaign was ambiguous, and/or the WTD signs for some of the sites were questionable. The originally-recorded WTDs are in the column ""Water_Table_Depth_WTD.cm"", and the sign-resolved WTDs (based on emails between Virginia Rich and Suzanne Hodgkins) are in the column ""WTD.cm_neg_is_below_sfc__"".",NA,"MainAutochamber.201707_P_2_1to5","717_P2_1-5",3.53,12.82,8.51,8,15,22,29,50,122,8.64,9.55,9.175,8.69,8.84,8.745,9.135,9.91066666666667,10.0190909090909,9.60172413793103,9.4416,9.10565573770492,1.25454601919807,2.18876829899071,2.80555216378576,2.64009478856552,3.30766664164406,3.5268823560237,0,0,0,0,NA,NA,NA,NA,NA,NA,NA,NA,NA,NA,NA,NA,NA,NA,NA,NA,NA,NA,NA,"0-9",NA,35,35,NA,32,-3,NA
"717_P2_10-14","47f4edcf-c47f-418d-9480-d55f962c8a7f","MainAutochamber.201707_P_2_10to14","201707_P2_10-14","MainAutochamber",7,2017,2017-07-20,"2017-07","Palsa","Palsa Autochamber Site",2,"N 68 21.20992614, E 19 02.83310472",NA,NA,10,14,12,NA,"717 P2 10-14","717 P2 10-14",NA,NA,"35.0","Not Detected",15.2,10.5,"Less wind, half overcast. Bugs.",14.8,NA,NA,NA,NA,NA,NA,NA,NA,NA,NA,NA,NA,NA,NA,NA,NA,NA,NA,NA,NA,NA,NA,NA,NA,NA,NA,NA,NA,20211117,NA,"QualityFlag__.DepthInfo: Water table depth (WTD) note: The WTD sign convention for this field campaign was ambiguous, and/or the WTD signs for some of the sites were questionable. The originally-recorded WTDs are in the column ""Water_Table_Depth_WTD.cm"", and the sign-resolved WTDs (based on emails between Virginia Rich and Suzanne Hodgkins) are in the column ""WTD.cm_neg_is_below_sfc__"".",NA,"MainAutochamber.201707_P_2_10to14","717_P2_10-14",3.53,12.82,8.51,8,15,22,29,50,122,8.64,9.55,9.175,8.69,8.84,8.745,9.135,9.91066666666667,10.0190909090909,9.60172413793103,9.4416,9.10565573770492,1.25454601919807,2.18876829899071,2.80555216378576,2.64009478856552,3.30766664164406,3.5268823560237,0,0,0,0,NA,NA,NA,NA,NA,NA,NA,NA,NA,NA,NA,NA,NA,NA,NA,NA,NA,NA,NA,"10-19",NA,35,35,NA,23,-12,NA
"717_P2_20-24","34d4c754-c430-4d6e-a12d-5bc280bd4772","MainAutochamber.201707_P_2_20to24","201707_P2_20-24","MainAutochamber",7,2017,2017-07-20,"2017-07","Palsa","Palsa Autochamber Site",2,"N 68 21.20992614, E 19 02.83310472",NA,NA,20,24,22,NA,"717 P2 20-24","717 P2 20-24",NA,NA,"35.0","Not Detected",15.2,8,"Less wind, half overcast. Bugs.",13.8,NA,NA,NA,NA,NA,NA,NA,NA,NA,NA,NA,NA,NA,NA,NA,NA,NA,NA,NA,NA,NA,NA,NA,NA,NA,NA,NA,NA,20211117,NA,"Notes: The 3rd protein (labeled ""protein C"") was taken from the side of the core hole. | QualityFlag__.DepthInfo: Water table depth (WTD) note: The WTD sign convention for this field campaign was ambiguous, and/or the WTD signs for some of the sites were questionable. The originally-recorded WTDs are in the column ""Water_Table_Depth_WTD.cm"", and the sign-resolved WTDs (based on emails between Virginia Rich and Suzanne Hodgkins) are in the column ""WTD.cm_neg_is_below_sfc__"".",NA,"MainAutochamber.201707_P_2_20to24","717_P2_20-24",3.53,12.82,8.51,8,15,22,29,50,122,8.64,9.55,9.175,8.69,8.84,8.745,9.135,9.91066666666667,10.0190909090909,9.60172413793103,9.4416,9.10565573770492,1.25454601919807,2.18876829899071,2.80555216378576,2.64009478856552,3.30766664164406,3.5268823560237,0,0,0,0,NA,NA,NA,NA,NA,NA,NA,NA,NA,NA,NA,NA,NA,NA,NA,NA,NA,NA,NA,"20-29",NA,35,35,NA,13,-22,NA
"717_P3_1-5","57d249ec-b4d4-406e-b25f-b476ae60a12e","MainAutochamber.201707_P_3_1to5","201707_P3_01-05","MainAutochamber",7,2017,2017-07-20,"2017-07","Palsa","Palsa Autochamber Site",3,"N 68 21.2105841, E 19 02.83722072",NA,NA,1,5,3,NA,"717 P3 1-5","717 P3 1-5",NA,NA,"31.0","Not Detected",14.3,14.6,"A bit cooler, light wind, overcast.",15.8,NA,NA,NA,NA,NA,NA,NA,NA,NA,NA,NA,NA,NA,NA,NA,NA,NA,NA,NA,NA,NA,NA,NA,NA,NA,NA,NA,NA,20211117,NA,"Notes: Core 3: Jess cored. Apryl and Jess took porewater. | QualityFlag__.DepthInfo: Water table depth (WTD) note: The WTD sign convention for this field campaign was ambiguous, and/or the WTD signs for some of the sites were questionable. The originally-recorded WTDs are in the column ""Water_Table_Depth_WTD.cm"", and the sign-resolved WTDs (based on emails between Virginia Rich and Suzanne Hodgkins) are in the column ""WTD.cm_neg_is_below_sfc__"".",NA,"MainAutochamber.201707_P_3_1to5","717_P3_1-5",3.53,12.82,8.51,8,15,22,29,50,122,8.64,9.55,9.175,8.69,8.84,8.745,9.135,9.91066666666667,10.0190909090909,9.60172413793103,9.4416,9.10565573770492,1.25454601919807,2.18876829899071,2.80555216378576,2.64009478856552,3.30766664164406,3.5268823560237,0,0,0,0,NA,NA,NA,NA,NA,NA,NA,NA,NA,NA,NA,NA,NA,NA,NA,NA,NA,NA,NA,"0-9",NA,31,31,NA,28,-3,NA
"717_P3_10-14","cf39fc7c-af6e-4c94-a3a2-e00fe4313d71","MainAutochamber.201707_P_3_10to14","201707_P3_10-14","MainAutochamber",7,2017,2017-07-20,"2017-07","Palsa","Palsa Autochamber Site",3,"N 68 21.2105841, E 19 02.83722072",NA,NA,10,14,12,NA,"717 P3 10-14","717 P3 10-14",NA,NA,"31.0","Not Detected",14.3,10.5,"A bit cooler, light wind, overcast.",14.3,NA,NA,NA,NA,NA,NA,NA,NA,NA,NA,NA,NA,NA,NA,NA,NA,NA,NA,NA,NA,NA,NA,NA,NA,NA,NA,NA,NA,20211117,NA,"QualityFlag__.DepthInfo: Water table depth (WTD) note: The WTD sign convention for this field campaign was ambiguous, and/or the WTD signs for some of the sites were questionable. The originally-recorded WTDs are in the column ""Water_Table_Depth_WTD.cm"", and the sign-resolved WTDs (based on emails between Virginia Rich and Suzanne Hodgkins) are in the column ""WTD.cm_neg_is_below_sfc__"".",NA,"MainAutochamber.201707_P_3_10to14","717_P3_10-14",3.53,12.82,8.51,8,15,22,29,50,122,8.64,9.55,9.175,8.69,8.84,8.745,9.135,9.91066666666667,10.0190909090909,9.60172413793103,9.4416,9.10565573770492,1.25454601919807,2.18876829899071,2.80555216378576,2.64009478856552,3.30766664164406,3.5268823560237,0,0,0,0,NA,NA,NA,NA,NA,NA,NA,NA,NA,NA,NA,NA,NA,NA,NA,NA,NA,NA,NA,"10-19",NA,31,31,NA,19,-12,NA
"717_P3_20-24","c17ae288-58c7-4be6-b75f-a7ebabd8e117","MainAutochamber.201707_P_3_20to24","201707_P3_20-24","MainAutochamber",7,2017,2017-07-20,"2017-07","Palsa","Palsa Autochamber Site",3,"N 68 21.2105841, E 19 02.83722072",NA,NA,20,24,22,NA,"717 P3 20-24","717 P3 20-24",NA,NA,"31.0","Not Detected",14.3,7.7,"A bit cooler, light wind, overcast.",13.3,NA,NA,NA,NA,NA,NA,NA,NA,NA,NA,NA,NA,NA,NA,NA,NA,NA,NA,NA,NA,NA,NA,NA,NA,NA,NA,NA,NA,20211117,NA,"QualityFlag__.DepthInfo: Water table depth (WTD) note: The WTD sign convention for this field campaign was ambiguous, and/or the WTD signs for some of the sites were questionable. The originally-recorded WTDs are in the column ""Water_Table_Depth_WTD.cm"", and the sign-resolved WTDs (based on emails between Virginia Rich and Suzanne Hodgkins) are in the column ""WTD.cm_neg_is_below_sfc__"".",NA,"MainAutochamber.201707_P_3_20to24","717_P3_20-24",3.53,12.82,8.51,8,15,22,29,50,122,8.64,9.55,9.175,8.69,8.84,8.745,9.135,9.91066666666667,10.0190909090909,9.60172413793103,9.4416,9.10565573770492,1.25454601919807,2.18876829899071,2.80555216378576,2.64009478856552,3.30766664164406,3.5268823560237,0,0,0,0,NA,NA,NA,NA,NA,NA,NA,NA,NA,NA,NA,NA,NA,NA,NA,NA,NA,NA,NA,"20-29",NA,31,31,NA,9,-22,NA
"717_S2_1-5","679b4aae-7c39-40cf-afb1-91446dcec35d","MainAutochamber.201707_S_2_1to5","201707_S2_01-05","MainAutochamber",7,2017,2017-07-21,"2017-07","Bog","Sphagnum Autochamber Site",2,"N 68 21.1962438, E 19 02.84728404",NA,NA,1,5,3,NA,"717 S2 1-5","717 S2 1-5",NA,NA,"Below Detection (>100)","-11.0",18.8,20.3,"Nearly clear skies, still air/no breeze. Extremely buggy.",17,NA,NA,NA,NA,NA,NA,NA,NA,NA,NA,NA,NA,NA,NA,NA,NA,NA,NA,NA,NA,NA,NA,NA,NA,NA,NA,NA,NA,20211117,20211117,"Notes: Core 2, Sky cored. | QualityFlag__.DepthInfo: Water table depth (WTD) note: The WTD sign convention for this field campaign was ambiguous, and/or the WTD signs for some of the sites were questionable. The originally-recorded WTDs are in the column ""Water_Table_Depth_WTD.cm"", and the sign-resolved WTDs (based on emails between Virginia Rich and Suzanne Hodgkins) are in the column ""WTD.cm_neg_is_below_sfc__"". For this core, the WTD was assumed to be below the surface because the site is a bog. In addition, there was no porewater pH recorded for the surface samples. However, the WTD being below isn’t 100% certain, as Nicole’s note says ""positive=above surface,"" and also the site in general was unusually wet this year. Note from Virginia Rich: ""I think that is above; Nicole was attentive to detail and her note is unambiguous, and it was reported as a wet time. I would feel very certain of this but 11cm over the surface seems like a lot. It’s worth looking at the site photo of that time. Nicole loves photography so I’d think there’s good pics for that year."" In response, Suzanne looked in the Google Drive folder for 2017 and didn’t find any photos; however, Patrick Crill’s sensor data says the WTD was 9cm below the surface on that same date. This, combined with the lack of porewater measurements at the surface, led to the consensus that the WTD for these cores was below the surface.",NA,"MainAutochamber.201707_S_2_1to5","717_S2_1-5",3.21,16.87,10.39,8,15,22,29,51,122,9.12,10.11,9.83,8.8,8.88,8.745,9.4225,10.118,10.0913636363636,9.7248275862069,9.46019607843137,9.10565573770492,1.24435582876098,2.06561025227067,2.7931042560709,2.58848220928467,3.27711488367196,3.5268823560237,0,0,0,0,NA,NA,NA,NA,NA,NA,NA,NA,NA,NA,NA,NA,NA,NA,NA,NA,NA,NA,NA,"0-9",-11,101,100,"No",97,-3,-8
"717_S2_10-14","27438b27-c22c-460a-a464-a62f75e040d4","MainAutochamber.201707_S_2_10to14","201707_S2_10-14","MainAutochamber",7,2017,2017-07-21,"2017-07","Bog","Sphagnum Autochamber Site",2,"N 68 21.1962438, E 19 02.84728404",NA,NA,10,14,12,NA,"717 S2 10-14","717 S2 10-14",NA,NA,"Below Detection (>100)","-11.0",18.8,14.8,"Nearly clear skies, still air/no breeze. Extremely buggy.",0.05,4.3,NA,NA,NA,NA,1.3773922644902,NA,NA,NA,-15.9215,NA,NA,NA,NA,NA,NA,NA,NA,NA,NA,NA,NA,NA,NA,NA,NA,NA,NA,20211117,20211117,"Notes: Apryl took PW | QualityFlag__.DepthInfo: Water table depth (WTD) note: The WTD sign convention for this field campaign was ambiguous, and/or the WTD signs for some of the sites were questionable. The originally-recorded WTDs are in the column ""Water_Table_Depth_WTD.cm"", and the sign-resolved WTDs (based on emails between Virginia Rich and Suzanne Hodgkins) are in the column ""WTD.cm_neg_is_below_sfc__"". For this core, the WTD was assumed to be below the surface because the site is a bog. In addition, there was no porewater pH recorded for the surface samples. However, the WTD being below isn’t 100% certain, as Nicole’s note says ""positive=above surface,"" and also the site in general was unusually wet this year. Note from Virginia Rich: ""I think that is above; Nicole was attentive to detail and her note is unambiguous, and it was reported as a wet time. I would feel very certain of this but 11cm over the surface seems like a lot. It’s worth looking at the site photo of that time. Nicole loves photography so I’d think there’s good pics for that year."" In response, Suzanne looked in the Google Drive folder for 2017 and didn’t find any photos; however, Patrick Crill’s sensor data says the WTD was 9cm below the surface on that same date. This, combined with the lack of porewater measurements at the surface, led to the consensus that the WTD for these cores was below the surface.",NA,"MainAutochamber.201707_S_2_10to14","717_S2_10-14",3.21,16.87,10.39,8,15,22,29,51,122,9.12,10.11,9.83,8.8,8.88,8.745,9.4225,10.118,10.0913636363636,9.7248275862069,9.46019607843137,9.10565573770492,1.24435582876098,2.06561025227067,2.7931042560709,2.58848220928467,3.27711488367196,3.5268823560237,1,1,1,1,NA,NA,NA,NA,NA,NA,NA,NA,NA,NA,NA,NA,NA,NA,NA,NA,NA,NA,NA,"10-19",-11,101,100,"No",88,-12,1
"717_S2_20-24","54f968b9-4b3e-4c31-9d99-7fbdeedce2e5","MainAutochamber.201707_S_2_20to24","201707_S2_20-24","MainAutochamber",7,2017,2017-07-21,"2017-07","Bog","Sphagnum Autochamber Site",2,"N 68 21.1962438, E 19 02.84728404",NA,NA,20,24,22,NA,"717 S2 20-24","717 S2 20-24",NA,NA,"Below Detection (>100)","-11.0",18.8,13.8,"Nearly clear skies, still air/no breeze. Extremely buggy.",0,4.4,NA,NA,NA,0.189935514618629,4.12455687529254,NA,NA,-61.1985,-7.1235,NA,NA,NA,NA,NA,NA,NA,NA,NA,NA,NA,NA,NA,NA,NA,NA,NA,NA,20211117,20211117,"Notes: The pH of the core 2 porewater samples was measured back in the lab a few hours after sampling. | QualityFlag__.DepthInfo: Water table depth (WTD) note: The WTD sign convention for this field campaign was ambiguous, and/or the WTD signs for some of the sites were questionable. The originally-recorded WTDs are in the column ""Water_Table_Depth_WTD.cm"", and the sign-resolved WTDs (based on emails between Virginia Rich and Suzanne Hodgkins) are in the column ""WTD.cm_neg_is_below_sfc__"". For this core, the WTD was assumed to be below the surface because the site is a bog. In addition, there was no porewater pH recorded for the surface samples. However, the WTD being below isn’t 100% certain, as Nicole’s note says ""positive=above surface,"" and also the site in general was unusually wet this year. Note from Virginia Rich: ""I think that is above; Nicole was attentive to detail and her note is unambiguous, and it was reported as a wet time. I would feel very certain of this but 11cm over the surface seems like a lot. It’s worth looking at the site photo of that time. Nicole loves photography so I’d think there’s good pics for that year."" In response, Suzanne looked in the Google Drive folder for 2017 and didn’t find any photos; however, Patrick Crill’s sensor data says the WTD was 9cm below the surface on that same date. This, combined with the lack of porewater measurements at the surface, led to the consensus that the WTD for these cores was below the surface.",NA,"MainAutochamber.201707_S_2_20to24","717_S2_20-24",3.21,16.87,10.39,8,15,22,29,51,122,9.12,10.11,9.83,8.8,8.88,8.745,9.4225,10.118,10.0913636363636,9.7248275862069,9.46019607843137,9.10565573770492,1.24435582876098,2.06561025227067,2.7931042560709,2.58848220928467,3.27711488367196,3.5268823560237,1,1,1,1,NA,NA,NA,NA,NA,NA,NA,NA,NA,NA,NA,NA,NA,NA,NA,NA,1.05760003579031,0.0440226792525504,21.7155642722964,"20-29",-11,101,100,"No",78,-22,11
"717_S2_30-34","0c9369f4-2fc5-48ea-83a7-1f8be0f9f286","MainAutochamber.201707_S_2_30to34","201707_S2_30-34","MainAutochamber",7,2017,2017-07-21,"2017-07","Bog","Sphagnum Autochamber Site",2,"N 68 21.1962438, E 19 02.84728404",NA,NA,30,34,32,NA,"717 S2 30-34","717 S2 30-34",NA,NA,"Below Detection (>100)","-11.0",18.8,13.4,"Nearly clear skies, still air/no breeze. Extremely buggy.",0,4.3,NA,NA,NA,0.443199391815935,6.4581265566495,NA,NA,-66.5065,-4.487,NA,NA,NA,NA,NA,NA,NA,NA,NA,NA,NA,NA,NA,NA,NA,NA,NA,NA,20211117,20211117,"QualityFlag__.DepthInfo: Water table depth (WTD) note: The WTD sign convention for this field campaign was ambiguous, and/or the WTD signs for some of the sites were questionable. The originally-recorded WTDs are in the column ""Water_Table_Depth_WTD.cm"", and the sign-resolved WTDs (based on emails between Virginia Rich and Suzanne Hodgkins) are in the column ""WTD.cm_neg_is_below_sfc__"". For this core, the WTD was assumed to be below the surface because the site is a bog. In addition, there was no porewater pH recorded for the surface samples. However, the WTD being below isn’t 100% certain, as Nicole’s note says ""positive=above surface,"" and also the site in general was unusually wet this year. Note from Virginia Rich: ""I think that is above; Nicole was attentive to detail and her note is unambiguous, and it was reported as a wet time. I would feel very certain of this but 11cm over the surface seems like a lot. It’s worth looking at the site photo of that time. Nicole loves photography so I’d think there’s good pics for that year."" In response, Suzanne looked in the Google Drive folder for 2017 and didn’t find any photos; however, Patrick Crill’s sensor data says the WTD was 9cm below the surface on that same date. This, combined with the lack of porewater measurements at the surface, led to the consensus that the WTD for these cores was below the surface.",NA,"MainAutochamber.201707_S_2_30to34","717_S2_30-34",3.21,16.87,10.39,8,15,22,29,51,122,9.12,10.11,9.83,8.8,8.88,8.745,9.4225,10.118,10.0913636363636,9.7248275862069,9.46019607843137,9.10565573770492,1.24435582876098,2.06561025227067,2.7931042560709,2.58848220928467,3.27711488367196,3.5268823560237,1,1,1,1,NA,NA,NA,NA,NA,NA,NA,NA,NA,NA,NA,NA,NA,NA,NA,NA,1.06643806303954,0.0642194550910154,14.5716051869756,"30-39",-11,101,100,"No",68,-32,21
"717_S3_1-5","eda1dfe4-9c07-4b43-a48e-5e7d895e63c9","MainAutochamber.201707_S_3_1to5","201707_S3_01-05","MainAutochamber",7,2017,2017-07-21,"2017-07","Bog","Sphagnum Autochamber Site",3,"N 68 21.19724352, E 19 02.85474264",NA,NA,1,5,3,NA,"717 S3 1-5","717 S3 1-5",NA,NA,"Below Detection (>100)","-13.0",23.3,21,"Still air. Buggy.",17.3,NA,NA,NA,NA,NA,NA,NA,NA,NA,NA,NA,NA,NA,NA,NA,NA,NA,NA,NA,NA,NA,NA,NA,NA,NA,NA,NA,NA,20211117,20211117,"Notes: Core 3, Sky cored. | QualityFlag__.DepthInfo: Water table depth (WTD) note: The WTD sign convention for this field campaign was ambiguous, and/or the WTD signs for some of the sites were questionable. The originally-recorded WTDs are in the column ""Water_Table_Depth_WTD.cm"", and the sign-resolved WTDs (based on emails between Virginia Rich and Suzanne Hodgkins) are in the column ""WTD.cm_neg_is_below_sfc__"". For this core, the WTD was assumed to be below the surface because the site is a bog. In addition, there was no porewater pH recorded for the surface samples. However, the WTD being below isn’t 100% certain, as Nicole’s note says ""positive=above surface,"" and also the site in general was unusually wet this year. Note from Virginia Rich: ""I think that is above; Nicole was attentive to detail and her note is unambiguous, and it was reported as a wet time. I would feel very certain of this but 11cm over the surface seems like a lot. It’s worth looking at the site photo of that time. Nicole loves photography so I’d think there’s good pics for that year."" In response, Suzanne looked in the Google Drive folder for 2017 and didn’t find any photos; however, Patrick Crill’s sensor data says the WTD was 9cm below the surface on that same date. This, combined with the lack of porewater measurements at the surface, led to the consensus that the WTD for these cores was below the surface.",NA,"MainAutochamber.201707_S_3_1to5","717_S3_1-5",3.21,16.87,10.39,8,15,22,29,51,122,9.12,10.11,9.83,8.8,8.88,8.745,9.4225,10.118,10.0913636363636,9.7248275862069,9.46019607843137,9.10565573770492,1.24435582876098,2.06561025227067,2.7931042560709,2.58848220928467,3.27711488367196,3.5268823560237,0,0,0,0,NA,NA,NA,NA,NA,NA,NA,NA,NA,NA,NA,NA,NA,NA,NA,NA,NA,NA,NA,"0-9",-13,101,100,"No",97,-3,-10
"717_S3_10-14","58ee65e5-11fd-46c3-9763-47bbc60d945b","MainAutochamber.201707_S_3_10to14","201707_S3_10-14","MainAutochamber",7,2017,2017-07-21,"2017-07","Bog","Sphagnum Autochamber Site",3,"N 68 21.19724352, E 19 02.85474264",NA,NA,10,14,12,NA,"717 S3 10-14","717 S3 10-14",NA,NA,"Below Detection (>100)","-13.0",23.3,18.5,"Still air. Buggy.",2.6,3.8,NA,NA,NA,0.0716621727793419,1.19915189711587,NA,NA,-65.386,-14.655,NA,NA,NA,NA,NA,NA,NA,NA,NA,NA,NA,NA,NA,NA,NA,NA,NA,NA,20211117,20211117,"Notes: Apryl took PW | QualityFlag__.DepthInfo: Water table depth (WTD) note: The WTD sign convention for this field campaign was ambiguous, and/or the WTD signs for some of the sites were questionable. The originally-recorded WTDs are in the column ""Water_Table_Depth_WTD.cm"", and the sign-resolved WTDs (based on emails between Virginia Rich and Suzanne Hodgkins) are in the column ""WTD.cm_neg_is_below_sfc__"". For this core, the WTD was assumed to be below the surface because the site is a bog. In addition, there was no porewater pH recorded for the surface samples. However, the WTD being below isn’t 100% certain, as Nicole’s note says ""positive=above surface,"" and also the site in general was unusually wet this year. Note from Virginia Rich: ""I think that is above; Nicole was attentive to detail and her note is unambiguous, and it was reported as a wet time. I would feel very certain of this but 11cm over the surface seems like a lot. It’s worth looking at the site photo of that time. Nicole loves photography so I’d think there’s good pics for that year."" In response, Suzanne looked in the Google Drive folder for 2017 and didn’t find any photos; however, Patrick Crill’s sensor data says the WTD was 9cm below the surface on that same date. This, combined with the lack of porewater measurements at the surface, led to the consensus that the WTD for these cores was below the surface.",NA,"MainAutochamber.201707_S_3_10to14","717_S3_10-14",3.21,16.87,10.39,8,15,22,29,51,122,9.12,10.11,9.83,8.8,8.88,8.745,9.4225,10.118,10.0913636363636,9.7248275862069,9.46019607843137,9.10565573770492,1.24435582876098,2.06561025227067,2.7931042560709,2.58848220928467,3.27711488367196,3.5268823560237,1,1,1,1,NA,NA,NA,NA,NA,NA,NA,NA,NA,NA,NA,NA,NA,NA,NA,NA,1.05428016271958,0.0563907612269756,16.733401327479,"10-19",-13,101,100,"No",88,-12,-1
"717_S3_20-24","ad477fa8-fd79-4dc2-b39d-1569d9f14d3f","MainAutochamber.201707_S_3_20to24","201707_S3_20-24","MainAutochamber",7,2017,2017-07-21,"2017-07","Bog","Sphagnum Autochamber Site",3,"N 68 21.19724352, E 19 02.85474264",NA,NA,20,24,22,NA,"717 S3 20-24","717 S3 20-24",NA,NA,"Below Detection (>100)","-13.0",23.3,17.6,"Still air. Buggy.",0,3.8,NA,NA,NA,0.295827822720505,4.57634962033925,NA,NA,-67.5825,-3.8575,NA,NA,NA,NA,NA,NA,NA,NA,NA,NA,NA,NA,NA,NA,NA,NA,NA,NA,20211117,20211117,"QualityFlag__.DepthInfo: Water table depth (WTD) note: The WTD sign convention for this field campaign was ambiguous, and/or the WTD signs for some of the sites were questionable. The originally-recorded WTDs are in the column ""Water_Table_Depth_WTD.cm"", and the sign-resolved WTDs (based on emails between Virginia Rich and Suzanne Hodgkins) are in the column ""WTD.cm_neg_is_below_sfc__"". For this core, the WTD was assumed to be below the surface because the site is a bog. In addition, there was no porewater pH recorded for the surface samples. However, the WTD being below isn’t 100% certain, as Nicole’s note says ""positive=above surface,"" and also the site in general was unusually wet this year. Note from Virginia Rich: ""I think that is above; Nicole was attentive to detail and her note is unambiguous, and it was reported as a wet time. I would feel very certain of this but 11cm over the surface seems like a lot. It’s worth looking at the site photo of that time. Nicole loves photography so I’d think there’s good pics for that year."" In response, Suzanne looked in the Google Drive folder for 2017 and didn’t find any photos; however, Patrick Crill’s sensor data says the WTD was 9cm below the surface on that same date. This, combined with the lack of porewater measurements at the surface, led to the consensus that the WTD for these cores was below the surface.",NA,"MainAutochamber.201707_S_3_20to24","717_S3_20-24",3.21,16.87,10.39,8,15,22,29,51,122,9.12,10.11,9.83,8.8,8.88,8.745,9.4225,10.118,10.0913636363636,9.7248275862069,9.46019607843137,9.10565573770492,1.24435582876098,2.06561025227067,2.7931042560709,2.58848220928467,3.27711488367196,3.5268823560237,1,1,1,1,NA,NA,NA,NA,NA,NA,NA,NA,NA,NA,NA,NA,NA,NA,NA,NA,1.06834384811525,0.0607177850515074,15.4696389888349,"20-29",-13,101,100,"No",78,-22,9
